"Time_Iter","Inner_Iter",    "rms[Rho]"    ,    "rms[RhoU]"   ,    "rms[RhoV]"   ,    "rms[RhoE]"   ,     "rms[nu]"    ,    "RefForce"    ,       "CD"       ,       "CL"       ,       "CSF"      ,       "CMx"      ,       "CMy"      ,       "CMz"      ,       "CFx"      ,       "CFy"      ,       "CFz"      ,      "CEff"      ,     "Buffet"     ,   "relrms[Rho]"  ,  "relrms[RhoU]"  ,  "relrms[RhoV]"  ,  "relrms[RhoE]"  ,   "relrms[nu]"   , "tavg[RefForce]" ,    "tavg[CD]"    ,    "tavg[CL]"    ,    "tavg[CSF]"   ,    "tavg[CMx]"   ,    "tavg[CMy]"   ,    "tavg[CMz]"   ,    "tavg[CFx]"   ,    "tavg[CFy]"   ,    "tavg[CFz]"   ,   "tavg[CEff]"   ,  "tavg[Buffet]"  ,"Cauchy[tavg[CD]]","Cauchy[tavg[CL]]"
          0,           9,       -6.53153468,      -3.908933961,      -3.948289139,      -1.069258312,      -2.827189717,      0.9329898399,      0.8207225916,       1.133351928,                 0,                 0,                 0,      0.3340798449,      0.6977590519,       1.212932179,                 0,       1.380919619,    0.002480959608,      -1.051329044,     -0.9712965125,     -0.3715345221,      -1.065705773,      -2.375747011,                 0,                 0,                 0,                 0,                 0,                 0,                 0,                 0,                 0,                 0,                 0,                 0,                 1,                 1
          1,           9,      -6.588853791,      -4.050735297,      -4.112567866,        -1.1284932,      -3.189249906,      0.9329898399,      0.4489969123,      0.9476672275,                 0,                 0,                 0,      0.1916910722,      0.3474790612,      0.9894087646,                 0,       2.110631948,    0.003559239486,     -0.1626784426,     -0.1996497382,     -0.2770307586,     -0.1631879259,      -0.633094514,                 0,                 0,                 0,                 0,                 0,                 0,                 0,                 0,                 0,                 0,                 0,                 0,                 1,                 1
          2,           9,      -6.684079567,      -4.198798331,      -4.256510176,      -1.216408823,      -3.307647127,      0.9329898399,      0.3134666983,      0.8337263642,                 0,                 0,                 0,     0.07715782402,      0.2246013593,      0.8619253162,                 0,       2.659696768,    0.005945798655,     -0.3234747403,     -0.3725085787,       -0.42237856,      -0.313364223,     -0.5315110915,                 0,                 0,                 0,                 0,                 0,                 0,                 0,                 0,                 0,                 0,                 0,                 0,                 1,                 1
          3,           9,      -6.737166988,      -4.246388139,       -4.27668375,      -1.270969994,      -3.336225187,      0.9329898399,      0.2557302393,      0.7141624865,                 0,                 0,                 0,      0.0297387016,       0.179679015,      0.7369813186,                 0,       2.792639965,    0.007040146257,     -0.4384299571,     -0.4680742322,     -0.4755743134,     -0.4305350157,     -0.5575492656,                 0,                 0,                 0,                 0,                 0,                 0,                 0,                 0,                 0,                 0,                 0,                 0,                 1,                 1
          4,           9,      -6.856073535,      -4.290895609,      -4.314859108,      -1.387327094,      -3.365569069,      0.9329898399,      0.2442314916,       0.661595074,                 0,                 0,                 0,     0.03069525259,      0.1737380496,      0.6834999295,                 0,       2.708885204,    0.009437399196,     -0.6065126081,     -0.5380962133,     -0.4861908327,     -0.5904578094,     -0.6610380258,                 0,                 0,                 0,                 0,                 0,                 0,                 0,                 0,                 0,                 0,                 0,                 0,                 1,                 1
          5,           9,      -6.963953597,      -4.364221837,      -4.369866367,      -1.491406382,      -3.429486454,      0.9329898399,      0.2577288804,      0.6949079187,                 0,                 0,                 0,     0.06529410259,      0.1836793578,      0.7180411443,                 0,       2.696274929,     0.01055124341,     -0.7200508303,     -0.5979692132,     -0.5222624023,     -0.6955417378,     -0.8028745267,                 0,                 0,                 0,                 0,                 0,                 0,                 0,                 0,                 0,                 0,                 0,                 0,                 1,                 1
          6,           9,      -7.068687275,      -4.387541114,      -4.477007216,      -1.593594784,      -3.508691583,      0.9329898399,      0.2888826062,      0.8430231034,                 0,                 0,                 0,     0.06573965784,      0.1991801675,      0.8686013895,                 0,       2.918220362,     0.01297118883,     -0.8316727436,     -0.6153238822,     -0.6740439154,     -0.8012565975,     -0.9745877325,                 0,                 0,                 0,                 0,                 0,                 0,                 0,                 0,                 0,                 0,                 0,                 0,                 1,                 1
          7,           9,      -7.025316845,      -4.334957205,      -4.475513258,      -1.548101864,      -3.535968406,      0.9329898399,      0.3100810828,      0.9893745313,                 0,                 0,                 0,     0.07178654502,      0.2049646269,       1.016366933,                 0,       3.190696196,     0.01411959612,     -0.8132634483,     -0.5404857248,      -0.676248191,      -0.776153821,      -1.073755794,                 0,                 0,                 0,                 0,                 0,                 0,                 0,                 0,                 0,                 0,                 0,                 0,                 1,                 1
          8,           9,      -7.116485169,      -4.379474914,       -4.47903811,      -1.649853139,      -3.578306272,      0.9329898399,      0.3401701101,       1.188716452,                 0,                 0,                 0,      0.1199152054,      0.2140519187,       1.217761997,                 0,       3.494476488,     0.01657153701,     -0.8494095463,     -0.5544054094,     -0.6241537208,     -0.8248590862,      -1.154916055,                 0,                 0,                 0,                 0,                 0,                 0,                 0,                 0,                 0,                 0,                 0,                 0,                 1,                 1
          9,           9,      -7.109399256,      -4.324990817,      -4.511050643,      -1.632227716,      -3.651065357,      0.9329898399,      0.3365935252,       1.199387121,                 0,                 0,                 0,     0.09124018098,      0.2093795381,       1.228000357,                 0,       3.563310139,     0.01775488001,     -0.7284195469,     -0.4441215203,     -0.5976442918,     -0.7027984949,      -1.264743686,                 0,                 0,                 0,                 0,                 0,                 0,                 0,                 0,                 0,                 0,                 0,                 0,                 1,                 1
         10,           9,       -7.18738561,      -4.320741937,      -4.533929605,      -1.695929607,      -3.618877085,      0.9329898399,      0.3329692346,       1.223217616,                 0,                 0,                 0,     0.07755413752,      0.2032841366,       1.251321465,                 0,        3.67366558,     0.02024361433,     -0.8034548143,     -0.4932234406,     -0.6212949167,     -0.7623081031,      -1.266096864,                 0,                 0,                 0,                 0,                 0,                 0,                 0,                 0,                 0,                 0,                 0,                 0,                 1,                 1
         11,           9,      -7.253973488,      -4.326689912,      -4.526044424,      -1.755705888,      -3.676620925,      0.9329898399,      0.3312230751,       1.245033898,                 0,                 0,                 0,     0.07413411744,      0.1992671203,       1.272835711,                 0,       3.758898433,     0.02274679084,     -0.8120323324,     -0.5219698857,     -0.5778685551,     -0.7681209176,      -1.340626602,                 0,                 0,                 0,                 0,                 0,                 0,                 0,                 0,                 0,                 0,                 0,                 0,                 1,                 1
         12,           9,      -7.419921094,      -4.370063823,      -4.538211052,      -1.904560641,      -3.675120104,      0.9329898399,      0.3261593968,       1.251061585,                 0,                 0,                 0,     0.07419451699,      0.1936011166,       1.278301079,                 0,       3.835736751,        0.16298275,     -0.7781415708,     -0.5355017022,     -0.5262119548,     -0.7407181864,      -1.351354832,                 0,                 0,                 0,                 0,                 0,                 0,                 0,                 0,                 0,                 0,                 0,                 0,                 1,                 1
         13,           9,      -7.435527804,      -4.332313243,      -4.499133518,      -1.923828519,      -3.692563811,      0.9329898399,      0.3313728325,       1.277249678,                 0,                 0,                 0,     0.07058988068,      0.1960485914,       1.304890663,                 0,       3.854418807,      0.6306936825,     -0.6219744351,      -0.473630146,     -0.4969112852,      -0.603321553,      -1.381297822,                 0,                 0,                 0,                 0,                 0,                 0,                 0,                 0,                 0,                 0,                 0,                 0,                 1,                 1
         14,           9,      -7.423627428,      -4.338767931,      -4.505702244,      -1.934395538,      -3.680922623,      0.9329898399,      0.3328319625,       1.302724421,                 0,                 0,                 0,       0.067833629,      0.1948368924,       1.330378374,                 0,        3.91406045,      0.9477722908,     -0.5730321946,     -0.4636220249,     -0.4967206055,      -0.560672653,      -1.381674936,                 0,                 0,                 0,                 0,                 0,                 0,                 0,                 0,                 0,                 0,                 0,                 0,                 1,                 1
         15,           9,      -7.481975013,      -4.342073929,      -4.524198413,      -2.006876729,      -3.669620534,      0.9329898399,      0.3321254503,       1.324922392,                 0,                 0,                 0,     0.07036679442,      0.1918139307,       1.352380891,                 0,       3.989222719,      0.9712922425,     -0.5726932367,     -0.4787411845,     -0.5087569221,     -0.5770352989,      -1.383313938,                 0,                 0,                 0,                 0,                 0,                 0,                 0,                 0,                 0,                 0,                 0,                 0,                 1,                 1
         16,           9,      -7.537655059,       -4.33163904,      -4.544227907,      -2.062108622,      -3.644154185,      0.9329898399,      0.3288765445,       1.340613708,                 0,                 0,                 0,     0.07379823526,      0.1869426337,       1.367646646,                 0,       4.076343329,       0.982066599,     -0.5521277787,     -0.5008429061,     -0.5357258351,     -0.5744581439,       -1.36946093,                 0,                 0,                 0,                 0,                 0,                 0,                 0,                 0,                 0,                 0,                 0,                 0,                 1,                 1
         17,           9,      -7.545551511,      -4.312144126,       -4.55955337,      -2.041947847,      -3.612194744,      0.9329898399,      0.3226881762,       1.343802577,                 0,                 0,                 0,     0.07412716634,      0.1804548383,       1.370171185,                 0,       4.164399802,      0.9917698685,     -0.5072573957,     -0.5319948254,     -0.5552046708,     -0.5449585825,      -1.345018755,                 0,                 0,                 0,                 0,                 0,                 0,                 0,                 0,                 0,                 0,                 0,                 0,                 1,                 1
         18,           9,      -7.616319813,      -4.342118403,      -4.613789807,      -2.082732443,      -3.563983617,      0.9329898399,      0.3125043275,        1.32526333,                 0,                 0,                 0,     0.07232616358,      0.1722646569,       1.350668996,                 0,       4.240783928,       1.000432587,     -0.5860531715,     -0.6158377732,     -0.6097659495,     -0.6375715714,      -1.299023797,                 0,                 0,                 0,                 0,                 0,                 0,                 0,                 0,                 0,                 0,                 0,                 0,                 1,                 1
         19,           9,      -7.595501011,      -4.324129106,      -4.621294105,      -2.051294141,      -3.527468737,      0.9329898399,      0.3038170203,       1.308202061,                 0,                 0,                 0,     0.07384660059,      0.1654083277,        1.33279312,                 0,       4.305887998,       1.004028013,     -0.6021407823,     -0.6516290753,     -0.6254176818,     -0.6656489053,      -1.259454746,                 0,                 0,                 0,                 0,                 0,                 0,                 0,                 0,                 0,                 0,                 0,                 0,                 1,                 1
         20,           9,      -7.573920701,      -4.312799585,      -4.620371643,      -2.040380275,      -3.492746785,      0.9329898399,      0.2959422785,       1.296216364,                 0,                 0,                 0,     0.07914127275,      0.1588295712,       1.320049947,                 0,       4.379963452,        1.01041573,     -0.6242871873,     -0.6909369142,     -0.6324189496,     -0.7117104334,      -1.219678312,                 0,                 0,                 0,                 0,                 0,                 0,                 0,                 0,                 0,                 0,                 0,                 0,                 1,                 1
         21,           9,      -7.589195964,      -4.302946388,      -4.617808312,      -2.067765673,      -3.453188764,      0.9329898399,      0.2881174959,       1.282316727,                 0,                 0,                 0,     0.08591867994,      0.1525005611,       1.305408541,                 0,       4.450672888,       1.006926232,     -0.7098338242,     -0.7309228805,     -0.6429457706,      -0.808444677,      -1.179355492,                 0,                 0,                 0,                 0,                 0,                 0,                 0,                 0,                 0,                 0,                 0,                 0,                 1,                 1
         22,           9,      -7.604441629,        -4.2901824,      -4.612802586,      -2.092579172,      -3.407800516,      0.9329898399,      0.2786339949,       1.258142035,                 0,                 0,                 0,     0.09206634447,      0.1455959552,       1.280374985,                 0,       4.515393162,       1.007008572,     -0.7953284051,     -0.7658942956,     -0.6572013309,     -0.8980755751,      -1.142667546,                 0,                 0,                 0,                 0,                 0,                 0,                 0,                 0,                 0,                 0,                 0,                 0,                 1,                 1
         23,           9,      -7.588583859,      -4.273463708,      -4.604653202,      -2.080398317,      -3.362623543,      0.9329898399,      0.2667371569,       1.219850586,                 0,                 0,                 0,     0.09751640073,      0.1377668357,       1.241049742,                 0,       4.573230818,      0.9994832554,     -0.8379146733,     -0.7932946978,     -0.6703803524,     -0.9396542273,      -1.116981773,                 0,                 0,                 0,                 0,                 0,                 0,                 0,                 0,                 0,                 0,                 0,                 0,                 1,                 1
         24,           9,      -7.548335137,      -4.255120252,      -4.593102537,      -2.041979777,      -3.314797575,      0.9329898399,      0.2537776223,       1.170254692,                 0,                 0,                 0,      0.1041890558,      0.1300624773,       1.190370899,                 0,       4.611339178,      0.9983100219,     -0.8519054065,     -0.8143858141,     -0.6831133637,     -0.9494494283,      -1.094431255,                 0,                 0,                 0,                 0,                 0,                 0,                 0,                 0,                 0,                 0,                 0,                 0,                 1,                 1
         25,           9,      -7.504106059,      -4.233584221,       -4.58112367,      -2.002675096,      -3.331214303,      0.9329898399,      0.2421960203,       1.116738902,                 0,                 0,                 0,      0.1138060534,      0.1241382439,       1.135937667,                 0,       4.610888737,      0.9885165355,     -0.8539143954,     -0.8266423239,     -0.6974421679,     -0.9519153519,      -1.136514683,                 0,                 0,                 0,                 0,                 0,                 0,                 0,                 0,                 0,                 0,                 0,                 0,                 1,                 1
         26,           9,        -7.4674154,      -4.207670589,      -4.565404459,      -1.969173134,      -3.277302611,      0.9329898399,      0.2321784372,       1.059762234,                 0,                 0,                 0,      0.1252249538,      0.1201312217,       1.078226001,                 0,       4.564430042,      0.9873779085,     -0.8486288814,     -0.8279534658,     -0.7000500388,     -0.9490629425,      -1.104612238,                 0,                 0,                 0,                 0,                 0,                 0,                 0,                 0,                 0,                 0,                 0,                 0,                 1,                 1
         27,           9,      -7.439658325,      -4.176979098,      -4.545205934,      -1.941164886,      -3.252808826,      0.9329898399,      0.2224855396,       0.994700379,                 0,                 0,                 0,      0.1355017558,      0.1172922385,       1.012507378,                 0,       4.470854065,      0.9765629706,     -0.8473847572,     -0.8174950221,     -0.6887583352,      -0.946277122,      -1.095723014,                 0,                 0,                 0,                 0,                 0,                 0,                 0,                 0,                 0,                 0,                 0,                 0,                 1,                 1
         28,           9,       -7.41174155,      -4.142616264,      -4.521966124,      -1.911052449,       -3.22861285,      0.9329898399,      0.2115424173,      0.9144402914,                 0,                 0,                 0,      0.1403674203,      0.1147985274,      0.9315430956,                 0,       4.322727816,      0.9659625555,      -0.838753363,     -0.7960774468,     -0.6652624975,     -0.9344001794,      -1.082381375,                 0,                 0,                 0,                 0,                 0,                 0,                 0,                 0,                 0,                 0,                 0,                 0,                 1,                 1
         29,           9,      -7.373484057,      -4.105424251,      -4.495417492,      -1.871398074,      -3.199965357,      0.9329898399,      0.1982579526,      0.8118085298,                 0,                 0,                 0,      0.1350736848,      0.1123147767,      0.8280849568,                 0,        4.09470853,       0.941286529,     -0.8143516439,      -0.764468112,     -0.6321593731,     -0.9063678631,      -1.061613613,                 0,                 0,                 0,                 0,                 0,                 0,                 0,                 0,                 0,                 0,                 0,                 0,                 1,                 1
         30,           9,      -7.336623792,      -4.067135927,      -4.457406596,      -1.832328454,      -3.172726297,      0.9329898399,      0.1822424311,      0.6812879987,                 0,                 0,                 0,      0.1156770446,      0.1100301004,       0.696605353,                 0,        3.73836101,      0.9122296406,     -0.7854332608,      -0.724709695,     -0.5845149641,     -0.8718606713,      -1.039692072,                 0,                 0,                 0,                 0,                 0,                 0,                 0,                 0,                 0,                 0,                 0,                 0,                 1,                 1
         31,           9,      -7.324653078,      -4.031961056,      -4.407462278,      -1.812298984,      -3.145977218,      0.9329898399,      0.1653708052,      0.5263712414,                 0,                 0,                 0,      0.0832420489,      0.1094441097,      0.5407736808,                 0,        3.18297562,      0.8789215655,      -0.773843375,     -0.6816663128,     -0.5235890964,     -0.8489119104,      -1.015274912,                 0,                 0,                 0,                 0,                 0,                 0,                 0,                 0,                 0,                 0,                 0,                 0,                 1,                 1
         32,           9,       -7.33905646,      -3.998031384,      -4.355678871,      -1.811138908,      -3.117117782,      0.9329898399,      0.1504166567,       0.357031421,                 0,                 0,                 0,     0.04301935806,      0.1122727127,      0.3707983875,                 0,       2.373616253,      0.6264321208,     -0.7805989404,     -0.6340803124,     -0.4604127586,     -0.8378952522,     -0.9872226681,                 0,                 0,                 0,                 0,                 0,                 0,                 0,                 0,                 0,                 0,                 0,                 0,                 1,                 1
         33,           9,      -7.348383395,      -3.964817008,      -4.312998021,      -1.808518908,      -3.086239575,      0.9329898399,      0.1399823434,      0.1835618347,                 0,                 0,                 0,    0.001008346853,       0.120028069,       0.197188403,                 0,       1.311321344,      0.4024924235,     -0.7762148732,     -0.5818999775,     -0.4062951071,     -0.8200756097,      -0.964268543,                 0,                 0,                 0,                 0,                 0,                 0,                 0,                 0,                 0,                 0,                 0,                 0,                 1,                 1
         34,           9,      -7.326461744,       -3.93225849,      -4.278536741,      -1.787161695,      -3.041679241,      0.9329898399,      0.1351329473,     0.01269275602,                 0,                 0,                 0,    -0.03977968053,      0.1330659206,      0.0267484631,                 0,     0.09392791524,      0.1342883603,     -0.7374937694,     -0.5257266379,     -0.3618168794,     -0.7799012927,     -0.9443115481,                 0,                 0,                 0,                 0,                 0,                 0,                 0,                 0,                 0,                 0,                 0,                 0,                 1,                 1
         35,           9,      -7.282117849,      -3.901170464,       -4.24660125,      -1.752917714,      -2.987623149,      0.9329898399,      0.1352135077,     -0.1529003586,                 0,                 0,                 0,      -0.078301525,      0.1504552334,     -0.1379290943,                 0,      -1.130806835,     0.01069124223,      -0.675631767,     -0.4676415357,     -0.3242673611,     -0.7245902643,      -0.930198956,                 0,                 0,                 0,                 0,                 0,                 0,                 0,                 0,                 0,                 0,                 0,                 0,                 1,                 1
         36,           9,      -7.182488763,      -3.867501451,      -4.221638619,      -1.690601699,       -2.94780106,      0.9329898399,      0.1391679979,     -0.3011203256,                 0,                 0,                 0,     -0.1056793304,       0.169881266,       -0.28492374,                 0,      -2.163718168,    0.008222939054,     -0.5587690603,     -0.4055905705,     -0.3016138089,     -0.6398227624,     -0.9319087271,                 0,                 0,                 0,                 0,                 0,                 0,                 0,                 0,                 0,                 0,                 0,                 0,                 1,                 1
         37,           9,      -7.136189927,      -3.846871818,      -4.181969234,      -1.647829865,      -2.901820001,      0.9329898399,      0.1454971519,     -0.4495392536,                 0,                 0,                 0,     -0.1379248299,      0.1916897506,     -0.4318680368,                 0,      -3.089677343,    0.005756272387,     -0.4972191428,     -0.3596048593,     -0.2754478951,     -0.5760946482,     -0.9177353084,                 0,                 0,                 0,                 0,                 0,                 0,                 0,                 0,                 0,                 0,                 0,                 0,                 1,                 1
         38,           9,       -7.09304261,      -3.829586009,      -4.143106814,      -1.605508452,       -2.88448097,      0.9329898399,      0.1494965126,     -0.5880704672,                 0,                 0,                 0,      -0.161819986,      0.2101476572,     -0.5692223149,                 0,      -3.933673483,    0.003963741858,     -0.4484711148,     -0.3202327943,      -0.258701967,     -0.5190434216,     -0.9186569161,                 0,                 0,                 0,                 0,                 0,                 0,                 0,                 0,                 0,                 0,                 0,                 0,                 1,                 1
         39,           9,      -7.060707321,      -3.817932058,      -4.104656479,      -1.573182751,      -2.873507381,      0.9329898399,      0.1544291868,     -0.6834368078,                 0,                 0,                 0,     -0.1642586481,      0.2250218068,     -0.6635506239,                 0,      -4.425567614,    0.005911122389,     -0.4073473465,     -0.2891166814,     -0.2444264338,     -0.4674440655,      -0.913986098,                 0,                 0,                 0,                 0,                 0,                 0,                 0,                 0,                 0,                 0,                 0,                 0,                 1,                 1
         40,           9,      -7.036555918,      -3.814975287,      -4.066138279,       -1.54908087,      -2.866839021,      0.9329898399,      0.1591033973,     -0.7261883082,                 0,                 0,                 0,     -0.1500202057,      0.2341391602,     -0.7055793391,                 0,      -4.564253941,    0.004892138141,     -0.3679540755,     -0.2686848295,     -0.2331831948,     -0.4156003437,      -0.902574566,                 0,                 0,                 0,                 0,                 0,                 0,                 0,                 0,                 0,                 0,                 0,                 0,                 1,                 1
         41,           9,      -7.021478826,      -3.819137949,      -4.029532118,      -1.535522945,      -2.877705288,      0.9329898399,      0.1612628776,     -0.7255391826,                 0,                 0,                 0,        -0.1265391,      0.2362189584,     -0.7047080422,                 0,      -4.499108496,    0.005478461201,     -0.3316101068,     -0.2572669914,      -0.227734734,     -0.3656446366,     -0.8978785973,                 0,                 0,                 0,                 0,                 0,                 0,                 0,                 0,                 0,                 0,                 0,                 0,                 1,                 1
         42,           9,      -7.013094484,      -3.827236812,      -3.995184879,      -1.531109264,       -2.90089708,      0.9329898399,      0.1603143737,     -0.7019048645,                 0,                 0,                 0,    -0.09972838365,      0.2328051917,     -0.6813023411,                 0,      -4.378302758,    0.007845529615,     -0.3012974712,     -0.2542373132,     -0.2271144072,     -0.3232249492,     -0.8938118879,                 0,                 0,                 0,                 0,                 0,                 0,                 0,                 0,                 0,                 0,                 0,                 0,                 1,                 1
         43,           9,       -7.00529295,      -3.834427264,      -3.962770728,      -1.529795491,      -2.921932201,      0.9329898399,      0.1574497494,     -0.6739148444,                 0,                 0,                 0,    -0.07415765049,      0.2270305062,      -0.653765088,                 0,       -4.28019001,    0.009077992044,     -0.2751541085,     -0.2574741735,     -0.2284458729,     -0.2886226503,      -0.875295351,                 0,                 0,                 0,                 0,                 0,                 0,                 0,                 0,                 0,                 0,                 0,                 0,                 1,                 1
         44,           9,      -7.030957395,      -3.875733495,      -3.973229263,       -1.55533424,       -2.94072597,      0.9329898399,      0.1519294869,     -0.6328999288,                 0,                 0,                 0,    -0.04617932303,      0.2172532582,      -0.613551881,                 0,       -4.16574782,     0.01032090406,     -0.2916551372,     -0.3021185735,     -0.2717967485,     -0.2892169236,     -0.8435289305,                 0,                 0,                 0,                 0,                 0,                 0,                 0,                 0,                 0,                 0,                 0,                 0,                 1,                 1
         45,           9,      -7.020642528,      -3.871422858,      -3.941519554,      -1.545728024,      -2.964033816,      0.9329898399,      0.1478689999,     -0.6093935015,                 0,                 0,                 0,    -0.02891529359,      0.2107579243,     -0.5905986608,                 0,      -4.121171455,     0.01156795776,     -0.2871944256,     -0.3145248478,     -0.2822307498,     -0.2657311508,     -0.8187443034,                 0,                 0,                 0,                 0,                 0,                 0,                 0,                 0,                 0,                 0,                 0,                 0,                 1,                 1
         46,           9,      -7.009269209,      -3.864945009,      -3.918926771,      -1.534429052,      -2.976888111,      0.9329898399,      0.1449459748,     -0.6009496225,                 0,                 0,                 0,    -0.02085238147,      0.2069682861,     -0.5825065776,                 0,      -4.146024912,    0.008472385719,     -0.2743582856,     -0.3262350877,     -0.2928862252,     -0.2381185952,     -0.8022740914,                 0,                 0,                 0,                 0,                 0,                 0,                 0,                 0,                 0,                 0,                 0,                 0,                 1,                 1
         47,           9,       -6.99603488,      -3.855620101,      -3.899895265,      -1.518171876,       -2.98494184,      0.9329898399,      0.1420727793,     -0.5986418167,                 0,                 0,                 0,    -0.01815094512,      0.2038695989,     -0.5805117449,                 0,       -4.21362783,    0.009753430336,     -0.2750239547,     -0.3372252679,     -0.3017958788,     -0.2283393622,     -0.8216141721,                 0,                 0,                 0,                 0,                 0,                 0,                 0,                 0,                 0,                 0,                 0,                 0,                 1,                 1
         48,           9,      -6.986818645,      -3.846925235,      -3.887827973,      -1.504008456,      -2.994837029,      0.9329898399,      0.1383314472,      -0.591035536,                 0,                 0,                 0,    -0.01589294214,      0.1993536894,     -0.5733382079,                 0,      -4.272604298,    0.009758138158,     -0.2832122721,     -0.3492351962,     -0.3133550918,     -0.2329774234,     -0.8847172285,                 0,                 0,                 0,                 0,                 0,                 0,                 0,                 0,                 0,                 0,                 0,                 0,                 1,                 1
         49,           9,      -6.983181049,      -3.837806135,      -3.877754779,      -1.495738621,      -3.004133431,      0.9329898399,      0.1337528874,     -0.5738132167,                 0,                 0,                 0,    -0.01349159398,      0.1929999888,      -0.556688824,                 0,      -4.290099661,     0.01105962805,     -0.2969057683,     -0.3633095234,     -0.3248829399,     -0.2509770253,     -0.9669523133,                 0,                 0,                 0,                 0,                 0,                 0,                 0,                 0,                 0,                 0,                 0,                 0,                 1,                 1
         50,           9,      -6.985421841,      -3.829750627,      -3.871129613,      -1.493518336,      -3.007654973,      0.9329898399,      0.1286476782,     -0.5466063991,                 0,                 0,                 0,    -0.01130525932,      0.1850788597,      -0.530164688,                 0,      -4.248863305,     0.01108887014,     -0.3188737418,     -0.3797185093,     -0.3379783007,     -0.2812696263,      -1.044304544,                 0,                 0,                 0,                 0,                 0,                 0,                 0,                 0,                 0,                 0,                 0,                 0,                 1,                 1
         51,           9,      -6.993880669,      -3.821419343,      -3.868574917,       -1.49771099,      -2.994068658,      0.9329898399,      0.1236500763,     -0.5124922167,                 0,                 0,                 0,   -0.009369342928,      0.1765427321,     -0.4967597783,                 0,      -4.144697941,     0.01112962262,     -0.3499447596,     -0.3975628312,     -0.3538123964,     -0.3207926242,      -1.098770135,                 0,                 0,                 0,                 0,                 0,                 0,                 0,                 0,                 0,                 0,                 0,                 0,                 1,                 1
         52,           9,      -7.005330473,      -3.809881097,      -3.869005109,      -1.503789157,      -2.979095949,      0.9329898399,      0.1192385739,     -0.4734881782,                 0,                 0,                 0,   -0.007230316799,      0.1680783642,     -0.4584305356,                 0,       -3.97093124,     0.08863985405,     -0.3846714132,     -0.4139494401,     -0.3716479806,     -0.3629110169,       -1.14220174,                 0,                 0,                 0,                 0,                 0,                 0,                 0,                 0,                 0,                 0,                 0,                 0,                 1,                 1
         53,           9,      -7.017703197,      -3.794638314,      -3.869464342,      -1.509065021,      -2.978317702,      0.9329898399,      0.1154778832,     -0.4274094866,                 0,                 0,                 0,   -0.004077705046,      0.1595217401,      -0.412997367,                 0,      -3.701223772,      0.1103574236,     -0.4223446462,     -0.4275030114,     -0.3887465034,     -0.4049238326,      -1.191517904,                 0,                 0,                 0,                 0,                 0,                 0,                 0,                 0,                 0,                 0,                 0,                 0,                 1,                 1
         54,           9,      -7.030307778,      -3.776224475,      -3.870604607,      -1.513262291,      -2.971838852,      0.9329898399,      0.1125167281,      -0.372788348,                 0,                 0,                 0,   9.728636871e-05,      0.1508673428,     -0.3589849737,                 0,      -3.313181553,      0.1104261132,     -0.4605573052,      -0.437113238,      -0.406482124,     -0.4425481965,      -1.227739781,                 0,                 0,                 0,                 0,                 0,                 0,                 0,                 0,                 0,                 0,                 0,                 0,                 1,                 1
         55,           9,      -7.044474321,      -3.755532537,      -3.873987305,      -1.517562565,      -2.966553944,      0.9329898399,      0.1106627357,     -0.3100834479,                 0,                 0,                 0,    0.005125355727,        0.14246906,     -0.2968173726,                 0,      -2.802058396,     0.05692827234,     -0.5004987553,     -0.4428880472,     -0.4267894313,      -0.476746684,      -1.257792286,                 0,                 0,                 0,                 0,                 0,                 0,                 0,                 0,                 0,                 0,                 0,                 0,                 1,                 1
         56,           9,      -7.059712329,      -3.734225549,      -3.880032679,        -1.5219696,      -2.941860815,      0.9329898399,      0.1101998103,     -0.2398703706,                 0,                 0,                 0,     0.01121587833,      0.1346694054,     -0.2270373188,                 0,      -2.176685876,    0.007604978735,     -0.5415425138,      -0.446589722,     -0.4510106299,     -0.5083344509,      -1.260568898,                 0,                 0,                 0,                 0,                 0,                 0,                 0,                 0,                 0,                 0,                 0,                 0,                 1,                 1
         57,           9,      -7.073778514,       -3.71392379,      -3.888202915,      -1.526177019,      -2.952910042,      0.9329898399,       0.111309223,     -0.1632929845,                 0,                 0,                 0,     0.01788129607,      0.1277682241,     -0.1507634664,                 0,      -1.467021152,     0.00829935815,     -0.5811028411,     -0.4502589104,     -0.4783520307,      -0.538005127,      -1.291344426,                 0,                 0,                 0,                 0,                 0,                 0,                 0,                 0,                 0,                 0,                 0,                 0,                 1,                 1
         58,           9,      -7.084997025,      -3.696898503,      -3.899676409,      -1.529268192,      -2.974445213,      0.9329898399,      0.1141267292,    -0.08151353159,                 0,                 0,                 0,     0.02439881386,      0.1220220152,    -0.06913750031,                 0,     -0.7142369904,    0.007130939227,     -0.6173203367,     -0.4565678649,     -0.5092891072,     -0.5651074577,      -1.326437697,                 0,                 0,                 0,                 0,                 0,                 0,                 0,                 0,                 0,                 0,                 0,                 0,                 1,                 1
         59,           9,      -7.099783816,      -3.683384502,      -3.912281872,      -1.536702638,      -2.999385133,      0.9329898399,      0.1188306706,     0.00194054913,                 0,                 0,                 0,     0.02954913509,      0.1179768611,     0.01435110599,                 0,     0.01633037262,    0.005962744906,     -0.6569417706,      -0.465807652,     -0.5411908618,      -0.594958667,      -1.362783807,                 0,                 0,                 0,                 0,                 0,                 0,                 0,                 0,                 0,                 0,                 0,                 0,                 1,                 1
         60,           9,      -7.123346538,      -3.674453437,      -3.923753225,      -1.549472277,      -3.020121269,      0.9329898399,      0.1254855047,     0.08679174366,                 0,                 0,                 0,      0.0342054597,      0.1157258744,     0.09943309637,                 0,      0.6916475642,    0.004805882275,     -0.7056763808,     -0.4783571537,     -0.5708725053,     -0.6283822331,      -1.397287376,                 0,                 0,                 0,                 0,                 0,                 0,                 0,                 0,                 0,                 0,                 0,                 0,                 1,                 1
         61,           9,      -7.147691581,      -3.671169234,      -3.932451348,       -1.56065848,      -3.040086073,      0.9329898399,       0.133908734,      0.1708839162,                 0,                 0,                 0,      0.0377618627,      0.1153129348,      0.1839450704,                 0,        1.27612226,     0.02595228763,     -0.7564044756,     -0.4939121952,     -0.5954653241,     -0.6592483515,      -1.434689274,                 0,                 0,                 0,                 0,                 0,                 0,                 0,                 0,                 0,                 0,                 0,                 0,                 1,                 1
         62,           9,      -7.156665282,      -3.675664983,      -3.935383072,      -1.564641983,      -3.019368445,      0.9329898399,      0.1437480254,      0.2537118651,                 0,                 0,                 0,     0.04015606595,      0.1164404473,      0.2673477652,                 0,        1.76497635,     0.05717995252,     -0.7927342595,     -0.5126057624,     -0.6106237266,     -0.6827941181,      -1.431851181,                 0,                 0,                 0,                 0,                 0,                 0,                 0,                 0,                 0,                 0,                 0,                 0,                 1,                 1
         63,           9,      -7.145224342,      -3.690887572,      -3.932506868,      -1.567079796,      -3.014104788,      0.9329898399,      0.1546762897,      0.3347879969,                 0,                 0,                 0,     0.04161751107,       0.118834082,      0.3491220681,                 0,       2.164442899,     0.07582840341,     -0.8065369274,     -0.5353703843,     -0.6153909665,      -0.703876748,      -1.439153216,                 0,                 0,                 0,                 0,                 0,                 0,                 0,                 0,                 0,                 0,                 0,                 0,                 1,                 1
         64,           9,      -7.130734627,      -3.719461471,      -3.926755619,      -1.588449463,      -2.941699466,      0.9329898399,      0.1662098183,      0.4124649614,                 0,                 0,                 0,     0.04229034022,       0.122184975,       0.427579092,                 0,       2.481592035,     0.09640103169,     -0.8085404362,     -0.5637439459,     -0.6127905786,     -0.7386472558,      -1.367604213,                 0,                 0,                 0,                 0,                 0,                 0,                 0,                 0,                 0,                 0,                 0,                 0,                 1,                 1
         65,           9,      -7.128389093,      -3.755353012,      -3.924237309,      -1.628593255,      -2.937598454,      0.9329898399,      0.1783237743,      0.4867425621,                 0,                 0,                 0,     0.04241960563,       0.126468446,      0.5027160455,                 0,       2.729543854,      0.1417051115,     -0.8052712035,     -0.5920761204,     -0.6096403505,      -0.779284207,      -1.349340488,                 0,                 0,                 0,                 0,                 0,                 0,                 0,                 0,                 0,                 0,                 0,                 0,                 1,                 1
         66,           9,      -7.128993538,       -3.78555651,      -3.928561238,      -1.650404257,      -2.931004314,      0.9329898399,      0.1906482101,      0.5572123956,                 0,                 0,                 0,     0.04187151643,      0.1313592639,      0.5740880923,                 0,       2.922725554,      0.1656874221,     -0.7810809805,     -0.6091902812,     -0.6096675483,       -0.78366459,      -1.312912649,                 0,                 0,                 0,                 0,                 0,                 0,                 0,                 0,                 0,                 0,                 0,                 0,                 1,                 1
         67,           9,      -7.119495182,      -3.811427919,      -3.939196067,      -1.626206743,      -2.934605028,      0.9329898399,      0.2032605954,      0.6252179338,                 0,                 0,                 0,     0.04118077924,      0.1367940428,      0.6430394423,                 0,       3.075942646,      0.1917491467,     -0.7285249729,     -0.6176778888,      -0.610938585,     -0.7274721337,      -1.271048189,                 0,                 0,                 0,                 0,                 0,                 0,                 0,                 0,                 0,                 0,                 0,                 0,                 1,                 1
         68,           9,       -7.11071163,      -3.836985865,      -3.955128251,      -1.589451215,      -3.154655813,      0.9329898399,      0.2154768646,      0.6897708817,                 0,                 0,                 0,     0.04043426251,      0.1421957695,      0.7085157102,                 0,       3.201136619,      0.2421856018,     -0.6836278883,     -0.6203579342,     -0.6109126205,      -0.657483288,      -1.431118359,                 0,                 0,                 0,                 0,                 0,                 0,                 0,                 0,                 0,                 0,                 0,                 0,                 1,                 1
         69,           9,      -7.117999684,      -3.859363573,      -3.975694461,      -1.572055048,      -3.197173081,      0.9329898399,      0.2272456309,      0.7497975114,                 0,                 0,                 0,     0.03899536236,      0.1476255739,      0.7694436787,                 0,       3.299502431,      0.2700663906,     -0.6828352597,     -0.6131813227,     -0.6111991923,     -0.6166557414,      -1.401702012,                 0,                 0,                 0,                 0,                 0,                 0,                 0,                 0,                 0,                 0,                 0,                 0,                 1,                 1
         70,           9,      -7.136345906,      -3.880873196,      -4.001540458,      -1.575253272,       -3.22322566,      0.9329898399,       0.237905016,      0.8045963526,                 0,                 0,                 0,     0.03776461887,      0.1524985271,      0.8250565353,                 0,       3.382006677,      0.2971046772,     -0.6996586113,     -0.6020745133,     -0.6198901133,     -0.5987527171,       -1.34936343,                 0,                 0,                 0,                 0,                 0,                 0,                 0,                 0,                 0,                 0,                 0,                 0,                 1,                 1
         71,           9,      -7.151994583,      -3.908051081,      -4.031472733,      -1.590224226,      -3.224610606,      0.9329898399,      0.2473716664,      0.8533240414,                 0,                 0,                 0,     0.03636045864,      0.1568198878,      0.8745068231,                 0,       3.449562571,      0.3522950603,      -0.686025489,     -0.6049375943,     -0.6423778822,     -0.5805392316,      -1.288146542,                 0,                 0,                 0,                 0,                 0,                 0,                 0,                 0,                 0,                 0,                 0,                 0,                 1,                 1
         72,           9,      -7.161503732,      -3.944774026,      -4.062626282,      -1.609291135,      -3.213490059,      0.9329898399,       0.255773636,      0.8957165229,                 0,                 0,                 0,     0.03484919215,      0.1607446096,      0.9175453192,                 0,       3.501989247,      0.3979262427,     -0.6322492786,     -0.6339998943,     -0.6758434779,     -0.5591920926,      -1.246566449,                 0,                 0,                 0,                 0,                 0,                 0,                 0,                 0,                 0,                 0,                 0,                 0,                 1,                 1
         73,           9,      -7.173098143,      -3.989801735,      -4.092419455,      -1.631710738,      -3.201097955,      0.9329898399,      0.2630027532,      0.9321381276,                 0,                 0,                 0,     0.03336377304,      0.1641270306,      0.9545230511,                 0,       3.544214333,      0.4541827528,     -0.5862244044,      -0.679887716,     -0.7135693508,     -0.5636659654,      -1.236530289,                 0,                 0,                 0,                 0,                 0,                 0,                 0,                 0,                 0,                 0,                 0,                 0,                 1,                 1
         74,           9,      -7.195061869,      -4.038078574,      -4.118169109,      -1.662674085,      -3.208331249,      0.9329898399,      0.2689233156,      0.9637101213,                 0,                 0,                 0,     0.03255803708,      0.1667149875,      0.9865409573,                 0,       3.583587087,      0.5615831719,     -0.6149242777,     -0.7226588661,      -0.747874559,     -0.6140032153,      -1.260943304,                 0,                 0,                 0,                 0,                 0,                 0,                 0,                 0,                 0,                 0,                 0,                 0,                 1,                 1
         75,           9,      -7.229783402,       -4.08483151,      -4.141179042,      -1.707091381,      -3.227388932,      0.9329898399,      0.2735334113,      0.9905757481,                 0,                 0,                 0,     0.03237891505,      0.1684916059,       1.013741298,                 0,       3.621406772,      0.8384863527,     -0.6895322207,     -0.7512351255,     -0.7745880816,      -0.682906193,      -1.300477351,                 0,                 0,                 0,                 0,                 0,                 0,                 0,                 0,                 0,                 0,                 0,                 0,                 1,                 1
         76,           9,      -7.280748647,      -4.125862104,      -4.163541471,      -1.770294817,       -3.25642514,      0.9329898399,       0.276691205,       1.012617467,                 0,                 0,                 0,     0.03271035195,      0.1693281139,       1.035992349,                 0,       3.659738543,      0.9055717019,     -0.7514678885,     -0.7669886715,     -0.7924273353,     -0.7392955885,      -1.348283608,                 0,                 0,                 0,                 0,                 0,                 0,                 0,                 0,                 0,                 0,                 0,                 0,                 1,                 1
         77,           9,      -7.347309931,      -4.158870516,      -4.187357163,      -1.850622858,      -3.285500187,      0.9329898399,      0.2783405131,       1.029880501,                 0,                 0,                 0,     0.03393288694,      0.1691639085,       1.053333214,                 0,       3.700074018,      0.9347870748,     -0.7754523723,     -0.7836520519,     -0.8055797464,      -0.761116924,      -1.387365651,                 0,                 0,                 0,                 0,                 0,                 0,                 0,                 0,                 0,                 0,                 0,                 0,                 1,                 1
         78,           9,      -7.420274958,       -4.18581933,      -4.215923024,       -1.93293923,      -3.314881434,      0.9329898399,      0.2783187253,        1.04077502,                 0,                 0,                 0,     0.03552501278,      0.1680034528,       1.064165774,                 0,       3.739507713,      0.9583432961,     -0.7450643862,     -0.8201146637,     -0.8240493537,     -0.7244060845,      -1.409765643,                 0,                 0,                 0,                 0,                 0,                 0,                 0,                 0,                 0,                 0,                 0,                 0,                 1,                 1
         79,           9,      -7.481758176,      -4.209029918,      -4.248721862,      -1.984062528,      -3.349329425,      0.9329898399,      0.2769694064,        1.04567698,                 0,                 0,                 0,      0.0376364256,      0.1661491313,       1.068899838,                 0,       3.775424128,      0.9691199876,     -0.6609527002,     -0.8753059176,     -0.8506823669,     -0.6515894229,      -1.422463885,                 0,                 0,                 0,                 0,                 0,                 0,                 0,                 0,                 0,                 0,                 0,                 0,                 1,                 1
         80,           9,      -7.499762041,       -4.23133086,      -4.284761607,      -1.977573375,      -3.377414318,      0.9329898399,      0.2746614203,       1.045545413,                 0,                 0,                 0,      0.0405439202,       0.163867541,       1.068527742,                 0,       3.806670088,      0.9691333173,     -0.6350738665,     -0.9285946812,     -0.8783377759,     -0.7048028703,      -1.426575136,                 0,                 0,                 0,                 0,                 0,                 0,                 0,                 0,                 0,                 0,                 0,                 0,                 1,                 1
         81,           9,      -7.482048301,      -4.252999519,       -4.31608971,      -1.945203168,      -3.396235041,      0.9329898399,      0.2711371968,       1.039117983,                 0,                 0,                 0,     0.04406401013,      0.1610344729,       1.061767141,                 0,       3.832443485,      0.9788527845,     -0.7346199484,     -0.9615762584,     -0.8903811563,     -0.8110899105,      -1.430867813,                 0,                 0,                 0,                 0,                 0,                 0,                 0,                 0,                 0,                 0,                 0,                 0,                 1,                 1
         82,           9,      -7.450561113,      -4.274702801,      -4.339670463,      -1.917077353,      -3.400663887,      0.9329898399,      0.2667991496,       1.026703803,                 0,                 0,                 0,     0.04868683504,      0.1580178252,       1.048967517,                 0,        3.84822742,      0.9788938683,     -0.8083771133,     -0.9721054804,     -0.8823581103,     -0.8696793186,      -1.433778277,                 0,                 0,                 0,                 0,                 0,                 0,                 0,                 0,                 0,                 0,                 0,                 0,                 1,                 1
         83,           9,      -7.425454243,      -4.292210016,      -4.356050875,      -1.904953865,      -3.387255271,      0.9329898399,      0.2618785177,       1.009202381,                 0,                 0,                 0,     0.05426307991,      0.1549535458,       1.031047624,                 0,       3.853704342,       0.978949021,     -0.8390387757,     -0.9682790824,     -0.8612462813,     -0.8915126048,      -1.438070471,                 0,                 0,                 0,                 0,                 0,                 0,                 0,                 0,                 0,                 0,                 0,                 0,                 1,                 1
         84,           9,      -7.419641509,      -4.302978084,      -4.371126602,      -1.912832744,      -3.355297041,      0.9329898399,      0.2559542591,      0.9852684684,                 0,                 0,                 0,     0.06046188838,       0.151563516,        1.00662557,                 0,       3.849392746,      0.9777298412,     -0.8568748522,     -0.9672376351,     -0.8415955862,     -0.9033952069,      -1.445934922,                 0,                 0,                 0,                 0,                 0,                 0,                 0,                 0,                 0,                 0,                 0,                 0,                 1,                 1
         85,           9,      -7.435014828,      -4.301075703,      -4.387458889,       -1.94075834,      -3.310192864,      0.9329898399,      0.2489699054,      0.9553822843,                 0,                 0,                 0,     0.06736998566,      0.1477413802,      0.9761730418,                 0,       3.837340432,      0.9778148229,     -0.8863950142,     -0.9710772169,     -0.8306176253,     -0.9323674596,      -1.456792525,                 0,                 0,                 0,                 0,                 0,                 0,                 0,                 0,                 0,                 0,                 0,                 0,                 1,                 1
         86,           9,      -7.452495294,      -4.289618399,       -4.40877435,      -1.968423733,      -3.253434233,      0.9329898399,      0.2409695435,       0.918070564,                 0,                 0,                 0,     0.07479030062,      0.1436849819,      0.9382294535,                 0,       3.809902907,      0.9869970577,     -0.9251792889,     -0.9714099253,     -0.8295659147,     -0.9749226277,       -1.46051127,                 0,                 0,                 0,                 0,                 0,                 0,                 0,                 0,                 0,                 0,                 0,                 0,                 1,                 1
         87,           9,       -7.46048815,      -4.265066548,      -4.428838486,       -1.98205128,      -3.190552968,      0.9329898399,      0.2318600632,      0.8712587646,                 0,                 0,                 0,     0.08151490444,      0.1395185697,       0.890721894,                 0,       3.757692259,      0.9761354715,     -0.9628038968,      -0.952765008,     -0.8244752091,      -1.012470745,      -1.451949832,                 0,                 0,                 0,                 0,                 0,                 0,                 0,                 0,                 0,                 0,                 0,                 0,                 1,                 1
         88,           9,      -7.450648191,      -4.231783322,      -4.443395226,       -1.97348423,       -3.12714095,      0.9329898399,       0.221442403,      0.8122590723,                 0,                 0,                 0,     0.08585883908,      0.1353251257,      0.8309564662,                 0,       3.668037654,      0.9654943871,     -0.9798588113,     -0.9219742848,     -0.8049735847,      -1.025810043,      -1.426606926,                 0,                 0,                 0,                 0,                 0,                 0,                 0,                 0,                 0,                 0,                 0,                 0,                 1,                 1
         89,           9,      -7.426438395,      -4.192197782,      -4.447411618,      -1.948195888,      -3.063742494,      0.9329898399,      0.2094311998,      0.7380592812,                 0,                 0,                 0,     0.08554487857,      0.1311357113,      0.7559076367,                 0,       3.524113322,      0.9537692331,     -0.9742986893,     -0.8914833647,     -0.7694239569,      -1.021434189,      -1.390729284,                 0,                 0,                 0,                 0,                 0,                 0,                 0,                 0,                 0,                 0,                 0,                 0,                 1,                 1
         90,           9,      -7.392409469,      -4.148011879,      -4.437744026,      -1.912300133,        -3.0020318,      0.9329898399,       0.195463369,      0.6455711822,                 0,                 0,                 0,     0.07792424612,      0.1269120366,      0.6624661613,                 0,       3.302773229,        0.93966585,     -0.9537915869,     -0.8624304453,     -0.7227765525,      -1.010596642,      -1.349975713,                 0,                 0,                 0,                 0,                 0,                 0,                 0,                 0,                 0,                 0,                 0,                 0,                 1,                 1
         91,           9,      -7.353737192,      -4.103163671,      -4.414713752,      -1.870934078,      -2.942909379,      0.9329898399,       0.179285153,      0.5319522519,                 0,                 0,                 0,     0.06071261006,      0.1226988588,      0.5477785633,                 0,       2.967073641,      0.9257653506,     -0.9280101177,     -0.8280164183,     -0.6676254748,     -0.9937805833,      -1.307946432,                 0,                 0,                 0,                 0,                 0,                 0,                 0,                 0,                 0,                 0,                 0,                 0,                 1,                 1
         92,           9,      -7.320430015,      -4.059271018,      -4.382654825,      -1.834505601,      -2.891151722,      0.9329898399,      0.1622936921,      0.4006909263,                 0,                 0,                 0,     0.03481360113,      0.1195210235,      0.4154602097,                 0,        2.46892483,      0.8841891176,     -0.9055864029,     -0.7850489908,     -0.6028414441,     -0.9717068704,      -1.267204941,                 0,                 0,                 0,                 0,                 0,                 0,                 0,                 0,                 0,                 0,                 0,                 0,                 1,                 1
         93,           9,      -7.300667859,      -4.017261548,       -4.34342493,      -1.809587803,      -2.840899093,      0.9329898399,      0.1462810962,      0.2565981589,                 0,                 0,                 0,    0.002918798372,      0.1186579418,      0.2704830255,                 0,       1.754144353,      0.8308975635,     -0.8885938909,     -0.7379631033,     -0.5271563337,      -0.946782266,      -1.221261566,                 0,                 0,                 0,                 0,                 0,                 0,                 0,                 0,                 0,                 0,                 0,                 0,                 1,                 1
         94,           9,      -7.285833346,      -3.974885774,      -4.296138694,      -1.790193487,       -2.92941912,      0.9329898399,      0.1335829357,      0.1078551436,                 0,                 0,                 0,    -0.03043986813,       0.121577222,      0.1212275209,                 0,      0.8074021059,      0.5748045808,     -0.8650524381,     -0.6880698554,     -0.4443202018,     -0.9159132431,      -1.307931926,                 0,                 0,                 0,                 0,                 0,                 0,                 0,                 0,                 0,                 0,                 0,                 0,                 1,                 1
         95,           9,      -7.256325698,      -3.930528609,      -4.245447409,      -1.759794114,      -2.911747272,      0.9329898399,      0.1254894848,    -0.03827474706,                 0,                 0,                 0,    -0.06184100255,      0.1288028408,    -0.02494785098,                 0,     -0.3050036193,      0.2233854338,     -0.8178930899,     -0.6327395272,     -0.3678638172,     -0.8677393124,      -1.284458653,                 0,                 0,                 0,                 0,                 0,                 0,                 0,                 0,                 0,                 0,                 0,                 0,                 1,                 1
         96,           9,      -7.216519501,      -3.885234235,      -4.196536294,      -1.721460458,      -2.852535661,      0.9329898399,      0.1218241875,     -0.1767844428,                 0,                 0,                 0,     -0.0893934998,       0.139635828,      -0.163081904,                 0,      -1.451144033,     0.01045063091,     -0.7577703847,     -0.5705400527,     -0.3078753512,     -0.8094431977,      -1.220337869,                 0,                 0,                 0,                 0,                 0,                 0,                 0,                 0,                 0,                 0,                 0,                 0,                 1,                 1
         97,           9,      -7.181915383,      -3.841805502,      -4.152743427,      -1.687253411,      -2.803312725,      0.9329898399,      0.1216575431,     -0.3033938409,                 0,                 0,                 0,     -0.1113484762,      0.1527043823,     -0.2890151416,                 0,      -2.493835016,    0.009300188866,     -0.7042204077,     -0.5038889025,     -0.2652304122,     -0.7543605016,      -1.170740012,                 0,                 0,                 0,                 0,                 0,                 0,                 0,                 0,                 0,                 0,                 0,                 0,                 1,                 1
         98,           9,      -7.149858858,      -3.804578344,      -4.115637916,      -1.651946136,      -2.764521373,      0.9329898399,       0.124056305,     -0.4127790606,                 0,                 0,                 0,      -0.125462868,      0.1665238725,     -0.3975503988,                 0,      -3.327352532,    0.006217739815,     -0.6531472368,     -0.4390957848,     -0.2377726982,     -0.6958106209,      -1.132569068,                 0,                 0,                 0,                 0,                 0,                 0,                 0,                 0,                 0,                 0,                 0,                 0,                 1,                 1
         99,           9,      -7.084026276,       -3.77526055,      -4.083307954,      -1.603961377,       -2.76034479,      0.9329898399,      0.1262860708,     -0.5091075503,                 0,                 0,                 0,      -0.131896849,      0.1788104924,      -0.493118117,                 0,      -4.031383248,    0.008127946766,     -0.5644231584,     -0.3805535208,     -0.2234032911,      -0.620339886,       -1.12188783,                 0,                 0,                 0,                 0,                 0,                 0,                 0,                 0,                 0,                 0,                 0,                 0,                 1,                 1
        100,           9,      -7.048783898,      -3.755400669,      -4.046299675,      -1.560398735,      -2.750814599,      0.9329898399,      0.1330200857,     -0.5810971746,                 0,                 0,                 0,     -0.1326265715,      0.1930325824,     -0.5640094784,                 0,      -4.368491959,       0.006970354,     -0.4943671496,     -0.3314231563,     -0.2090474809,     -0.5399239237,      -1.092337518,                 0,                 0,                 0,                 0,                 0,                 0,                 0,                 0,                 0,                 0,                 0,                 0,                 1,                 1
        101,           9,      -7.001743023,      -3.745026822,      -4.007320502,      -1.509397306,      -2.746702751,      0.9329898399,      0.1379334319,     -0.6250572574,                 0,                 0,                 0,     -0.1224341118,      0.2025140927,     -0.6072151587,                 0,       -4.53158635,    0.004805978035,     -0.4185099334,     -0.2926561714,     -0.1957839292,      -0.455731825,      -1.054103067,                 0,                 0,                 0,                 0,                 0,                 0,                 0,                 0,                 0,                 0,                 0,                 0,                 1,                 1
        102,           9,       -6.97188067,      -3.742834756,      -3.979240914,      -1.478426151,       -2.76306699,      0.9329898399,       0.141704706,     -0.6361734558,                 0,                 0,                 0,      -0.102243703,      0.2074266665,     -0.6178762559,                 0,      -4.489430688,    0.005570123281,     -0.3645183555,      -0.262102909,     -0.1951175602,     -0.3929687085,      -1.026547269,                 0,                 0,                 0,                 0,                 0,                 0,                 0,                 0,                 0,                 0,                 0,                 0,                 1,                 1
        103,           9,      -6.960023292,      -3.748260889,      -3.959686207,      -1.468470988,      -2.787135402,      0.9329898399,      0.1438134673,     -0.6281581727,                 0,                 0,                 0,    -0.08050904035,      0.2086860506,     -0.6096844557,                 0,      -4.367867518,     0.00670053413,      -0.325667112,     -0.2407350672,     -0.2049381717,     -0.3447946759,      -1.002748787,                 0,                 0,                 0,                 0,                 0,                 0,                 0,                 0,                 0,                 0,                 0,                 0,                 1,                 1
        104,           9,      -6.985144827,      -3.782819853,      -3.969080138,      -1.485077773,      -2.791161496,      0.9329898399,      0.1432872373,     -0.5920871628,                 0,                 0,                 0,    -0.05385931759,      0.2043922561,     -0.5738660526,                 0,      -4.132169577,    0.007897151044,     -0.3233244779,     -0.2527116722,     -0.2459911805,      -0.317250106,     -0.9578165143,                 0,                 0,                 0,                 0,                 0,                 0,                 0,                 0,                 0,                 0,                 0,                 0,                 1,                 1
        105,           9,      -6.995181087,      -3.799580965,      -3.950598661,      -1.497163268,      -2.819306812,      0.9329898399,       0.143680076,     -0.5663046629,                 0,                 0,                 0,    -0.03490070016,      0.2020879377,     -0.5481837292,                 0,      -3.941427919,     0.01040845314,     -0.3162910898,     -0.2581423496,     -0.2677644316,     -0.2927376692,     -0.9392006385,                 0,                 0,                 0,                 0,                 0,                 0,                 0,                 0,                 0,                 0,                 0,                 0,                 1,                 1
        106,           9,      -6.999721092,      -3.820622805,      -3.930884207,       -1.50232412,      -2.843153897,      0.9329898399,       0.144852879,     -0.5669069654,                 0,                 0,                 0,    -0.02820573628,      0.2033172737,     -0.5486601409,                 0,      -3.913674131,     0.01035631325,     -0.2927856927,     -0.2755885732,     -0.2805499279,     -0.2558955403,     -0.9143890503,                 0,                 0,                 0,                 0,                 0,                 0,                 0,                 0,                 0,                 0,                 0,                 0,                 1,                 1
        107,           9,      -7.001325809,      -3.841156199,       -3.91500697,      -1.507042145,      -2.870772885,      0.9329898399,      0.1452648053,     -0.5836141751,                 0,                 0,                 0,    -0.02736550074,      0.2054733223,     -0.5652327687,                 0,      -4.017588252,    0.007229650985,     -0.2771713868,     -0.2986881305,      -0.288274544,     -0.2379504146,     -0.8898633386,                 0,                 0,                 0,                 0,                 0,                 0,                 0,                 0,                 0,                 0,                 0,                 0,                 1,                 1
        108,           9,      -6.999858937,      -3.856361727,      -3.901226798,      -1.508015274,      -2.896417068,      0.9329898399,      0.1444817444,     -0.5981001045,                 0,                 0,                 0,    -0.02605405013,       0.206208743,     -0.5797211949,                 0,      -4.139624056,     0.00848831588,     -0.2788312117,        -0.3183063,     -0.2925192746,     -0.2372760966,     -0.8668205128,                 0,                 0,                 0,                 0,                 0,                 0,                 0,                 0,                 0,                 0,                 0,                 0,                 1,                 1
        109,           9,      -6.998527502,      -3.866735797,       -3.89139053,       -1.50671607,       -2.92049047,      0.9329898399,      0.1424331264,     -0.5990224662,                 0,                 0,                 0,    -0.02317497613,      0.2042677607,     -0.5808526427,                 0,      -4.205640087,    0.009759049927,     -0.2853591741,     -0.3330370114,     -0.2973731135,     -0.2371248664,     -0.8638728189,                 0,                 0,                 0,                 0,                 0,                 0,                 0,                 0,                 0,                 0,                 0,                 0,                 1,                 1
        110,           9,      -7.000623045,      -3.873842813,       -3.88453522,      -1.507383896,      -2.947531299,      0.9329898399,      0.1388182325,     -0.5851684697,                 0,                 0,                 0,    -0.01952571551,      0.1992245326,     -0.5674523991,                 0,      -4.215357443,     0.01411759248,     -0.2895424398,      -0.345472106,     -0.3037501274,     -0.2346058046,     -0.9058420601,                 0,                 0,                 0,                 0,                 0,                 0,                 0,                 0,                 0,                 0,                 0,                 0,                 1,                 1
        111,           9,      -7.011258107,      -3.879466541,      -3.880202334,       -1.51579792,      -2.980661505,      0.9329898399,      0.1343548945,     -0.5630162251,                 0,                 0,                 0,    -0.01583017527,      0.1924701051,     -0.5458880527,                 0,      -4.190515182,     0.01412440193,     -0.3022605904,     -0.3598054991,     -0.3103545534,     -0.2459782027,     -0.9920382481,                 0,                 0,                 0,                 0,                 0,                 0,                 0,                 0,                 0,                 0,                 0,                 0,                 1,                 1
        112,           9,      -7.030730264,      -3.884069091,      -3.878567548,      -1.532923656,      -2.991445506,      0.9329898399,      0.1301495331,     -0.5375098728,                 0,                 0,                 0,    -0.01257582375,      0.1856216414,     -0.5209610068,                 0,      -4.129940845,     0.08852259247,     -0.3252401363,     -0.3778135913,     -0.3180232571,     -0.2746572384,      -1.071715856,                 0,                 0,                 0,                 0,                 0,                 0,                 0,                 0,                 0,                 0,                 0,                 0,                 1,                 1
        113,           9,      -7.051197421,      -3.885084653,      -3.880132317,      -1.550864404,      -2.989160242,      0.9329898399,      0.1262979004,     -0.5077267763,                 0,                 0,                 0,   -0.009491214888,       0.178677927,     -0.4917436705,                 0,      -4.020072976,      0.1590206964,     -0.3517591405,     -0.3963253055,      -0.327823311,     -0.3101301614,      -1.137949719,                 0,                 0,                 0,                 0,                 0,                 0,                 0,                 0,                 0,                 0,                 0,                 0,                 1,                 1
        114,           9,       -7.03718326,      -3.834397013,      -3.844908887,       -1.56277078,      -2.981505283,      0.9329898399,      0.1219751689,     -0.4613966846,                 0,                 0,                 0,   -0.001761836099,      0.1695360625,     -0.4461192283,                 0,      -3.782709947,      0.2059887799,     -0.3461743748,     -0.3663936682,     -0.2996968687,     -0.3404729778,      -1.192688268,                 0,                 0,                 0,                 0,                 0,                 0,                 0,                 0,                 0,                 0,                 0,                 0,                 1,                 1
        115,           9,      -7.029367257,      -3.876126731,      -3.884483942,      -1.518864313,       -2.97856119,      0.9329898399,      0.1183702176,     -0.4203898976,                 0,                 0,                 0,   0.0004479446859,      0.1616644832,     -0.4057139008,                 0,      -3.551483693,      0.2047574438,     -0.3417003646,     -0.4239705014,     -0.3371383796,      -0.301771872,      -1.239968082,                 0,                 0,                 0,                 0,                 0,                 0,                 0,                 0,                 0,                 0,                 0,                 0,                 1,                 1
        116,           9,      -7.082752688,      -3.863022592,      -3.901754248,      -1.572196308,       -2.99233407,      0.9329898399,      0.1156768638,     -0.3724281721,                 0,                 0,                 0,     0.00378634839,      0.1539725184,     -0.3582964468,                 0,      -3.219556268,      0.2247088206,     -0.4521492838,      -0.437428894,     -0.3682100736,     -0.4269008396,      -1.297851345,                 0,                 0,                 0,                 0,                 0,                 0,                 0,                 0,                 0,                 0,                 0,                 0,                 1,                 1
        117,           9,      -7.095714882,      -3.847665655,       -3.90626547,      -1.578865788,      -2.996693976,      0.9329898399,      0.1134951189,     -0.3149912436,                 0,                 0,                 0,    0.009132241303,      0.1457989314,     -0.3014022183,                 0,      -2.775372603,      0.2234898618,     -0.4782011106,     -0.4494785623,     -0.3847613662,     -0.4507073491,      -1.337080632,                 0,                 0,                 0,                 0,                 0,                 0,                 0,                 0,                 0,                 0,                 0,                 0,                 1,                 1
        118,           9,      -7.104561138,      -3.827430241,       -3.91446157,      -1.577564101,      -2.967869525,      0.9329898399,      0.1121898217,     -0.2490556457,                 0,                 0,                 0,     0.01542911085,       0.137608638,     -0.2359642631,                 0,      -2.219948672,      0.1933163197,     -0.5119064557,     -0.4552621608,     -0.4048096622,     -0.4828544054,       -1.33352827,                 0,                 0,                 0,                 0,                 0,                 0,                 0,                 0,                 0,                 0,                 0,                 0,                 1,                 1
        119,           9,      -7.112189609,      -3.804391368,      -3.926300325,      -1.575479268,       -2.97637923,      0.9329898399,       0.112230495,     -0.1746847469,                 0,                 0,                 0,     0.02211742307,      0.1298752127,     -0.1619965244,                 0,      -1.556482014,      0.1013197895,     -0.5494982129,     -0.4563804286,     -0.4298808577,     -0.5129899832,      -1.358924461,                 0,                 0,                 0,                 0,                 0,                 0,                 0,                 0,                 0,                 0,                 0,                 0,                 1,                 1
        120,           9,      -7.117651245,      -3.781124589,      -3.939680766,      -1.572510657,      -2.995754698,      0.9329898399,      0.1140338047,    -0.09497130303,                 0,                 0,                 0,     0.02811248663,      0.1233363199,    -0.08253126193,                 0,     -0.8328346431,    0.007038370288,     -0.5850891851,     -0.4566461056,     -0.4584523222,     -0.5390330098,      -1.389942134,                 0,                 0,                 0,                 0,                 0,                 0,                 0,                 0,                 0,                 0,                 0,                 0,                 1,                 1
        121,           9,      -7.126592965,      -3.759899642,      -3.955091502,      -1.571677622,      -3.017814107,      0.9329898399,      0.1175539151,    -0.01500217721,                 0,                 0,                 0,     0.03237031712,       0.118478097,   -0.002632263616,                 0,     -0.1276195454,    0.005863649695,     -0.6254598283,     -0.4590371355,     -0.4906362693,     -0.5669028261,      -1.423280125,                 0,                 0,                 0,                 0,                 0,                 0,                 0,                 0,                 0,                 0,                 0,                 0,                 1,                 1
        122,           9,       -7.14664516,      -3.741236505,      -3.970135581,      -1.577692422,      -3.037665321,      0.9329898399,      0.1225598023,     0.06098036546,                 0,                 0,                 0,     0.03448164317,      0.1155142229,     0.07345729642,                 0,       0.497556004,     0.00469716627,      -0.677653683,     -0.4635125699,     -0.5231025849,     -0.6000546809,      -1.457417477,                 0,                 0,                 0,                 0,                 0,                 0,                 0,                 0,                 0,                 0,                 0,                 0,                 1,                 1
        123,           9,      -7.173987727,      -3.727467407,      -3.981952103,      -1.585624626,       -3.06314836,      0.9329898399,      0.1290836065,      0.1365050057,                 0,                 0,                 0,     0.03635890167,      0.1141078145,      0.1492501281,                 0,       1.057492965,    0.003559010862,       -0.73719012,     -0.4706280278,     -0.5509961138,     -0.6329805824,      -1.499887546,                 0,                 0,                 0,                 0,                 0,                 0,                 0,                 0,                 0,                 0,                 0,                 0,                 1,                 1
        124,           9,      -7.194912727,      -3.720926143,      -3.988083845,      -1.589223964,      -3.047704937,      0.9329898399,      0.1374023806,      0.2142692422,                 0,                 0,                 0,     0.03832015733,      0.1142524414,      0.2274579126,                 0,       1.559428893,     0.04123923578,     -0.7890669413,     -0.4802502293,     -0.5697083162,     -0.6602362982,      -1.499886761,                 0,                 0,                 0,                 0,                 0,                 0,                 0,                 0,                 0,                 0,                 0,                 0,                 1,                 1
        125,           9,      -7.189462825,      -3.724161996,       -3.98679825,       -1.58952522,      -3.042727797,      0.9329898399,      0.1474163981,      0.2951420268,                 0,                 0,                 0,     0.04047439504,      0.1157580931,      0.3089344175,                 0,       2.002097668,      0.0572032759,     -0.8087472454,     -0.4927617391,     -0.5763957091,     -0.6814414828,      -1.503615202,                 0,                 0,                 0,                 0,                 0,                 0,                 0,                 0,                 0,                 0,                 0,                 0,                 1,                 1
        126,           9,      -7.170566648,      -3.741817747,      -3.981773775,      -1.607135329,      -2.979300211,      0.9329898399,      0.1586689902,       0.376457878,                 0,                 0,                 0,     0.04255925403,      0.1184492214,       0.390981028,                 0,        2.37259894,     0.09654625115,     -0.8023920607,      -0.511819636,     -0.5751887789,     -0.7130172608,      -1.437228171,                 0,                 0,                 0,                 0,                 0,                 0,                 0,                 0,                 0,                 0,                 0,                 0,                 1,                 1
        127,           9,      -7.165677756,      -3.774232905,      -3.979228137,        -1.6588036,      -2.984929623,      0.9329898399,      0.1700289205,      0.4531382406,                 0,                 0,                 0,     0.04407277782,      0.1217316404,      0.4684287637,                 0,       2.665065679,      0.1185864454,      -0.789959178,     -0.5375034332,     -0.5733171548,     -0.7649181242,      -1.425851298,                 0,                 0,                 0,                 0,                 0,                 0,                 0,                 0,                 0,                 0,                 0,                 0,                 1,                 1
        128,           9,      -7.167313231,      -3.807091651,        -3.9834296,      -1.698578405,      -2.984389313,      0.9329898399,      0.1819764605,      0.5249769912,                 0,                 0,                 0,     0.04361367552,      0.1261045363,      0.5411228321,                 0,       2.884862085,      0.1416738556,     -0.7611835898,     -0.5559040156,     -0.5732963293,     -0.7863592125,      -1.392872967,                 0,                 0,                 0,                 0,                 0,                 0,                 0,                 0,                 0,                 0,                 0,                 0,                 1,                 1
        129,           9,      -7.147997468,      -3.834859726,      -3.992563157,      -1.662298875,      -2.992367089,      0.9329898399,      0.1941567238,      0.5933566991,                 0,                 0,                 0,     0.04282821704,      0.1310704491,       0.610401133,                 0,       3.056070825,      0.1906087053,     -0.7007837395,     -0.5626382936,     -0.5687953068,      -0.718275368,      -1.351535031,                 0,                 0,                 0,                 0,                 0,                 0,                 0,                 0,                 0,                 0,                 0,                 0,                 1,                 1
        130,           9,      -7.127226638,      -3.863609508,      -4.004546744,      -1.608507299,       -3.00874463,      0.9329898399,      0.2063895283,      0.6586760673,                 0,                 0,                 0,     0.04169137285,      0.1364085077,      0.6766413511,                 0,       3.191421933,      0.2160805273,     -0.6562213737,     -0.5637451854,     -0.5557382436,     -0.6322254699,      -1.300050011,                 0,                 0,                 0,                 0,                 0,                 0,                 0,                 0,                 0,                 0,                 0,                 0,                 1,                 1
        131,           9,      -7.129022505,      -3.891068693,      -4.020405772,      -1.586768589,      -3.238726706,      0.9329898399,      0.2180606348,      0.7204657216,                 0,                 0,                 0,     0.04081124261,      0.1415569011,       0.739312478,                 0,       3.303969661,      0.2434429589,     -0.6592407289,     -0.5585736463,     -0.5428743881,     -0.5875276595,      -1.443756301,                 0,                 0,                 0,                 0,                 0,                 0,                 0,                 0,                 0,                 0,                 0,                 0,                 1,                 1
        132,           9,      -7.154523974,      -3.915017107,      -4.043301111,      -1.601768924,      -3.242372436,      0.9329898399,      0.2291800621,      0.7773686348,                 0,                 0,                 0,     0.03932513655,       0.146667441,      0.7970659678,                 0,       3.391955773,      0.2959290339,     -0.6791249565,     -0.5528182467,      -0.547912479,     -0.5809868282,      -1.350942032,                 0,                 0,                 0,                 0,                 0,                 0,                 0,                 0,                 0,                 0,                 0,                 0,                 1,                 1
        133,           9,      -7.183484159,      -3.942413534,      -4.072423327,      -1.635090618,      -3.225417394,      0.9329898399,      0.2395251614,      0.8287401831,                 0,                 0,                 0,     0.03764587884,      0.1515860797,      0.8492374547,                 0,       3.459929547,      0.3246045427,     -0.6698805294,      -0.565245802,     -0.5756499285,     -0.5828405328,      -1.252935317,                 0,                 0,                 0,                 0,                 0,                 0,                 0,                 0,                 0,                 0,                 0,                 0,                 1,                 1
        134,           9,      -7.200625877,      -3.979945349,      -4.104179486,      -1.665177527,       -3.25051707,      0.9329898399,      0.2486985573,       0.873581069,                 0,                 0,                 0,     0.03606076623,      0.1560220739,      0.8947915785,                 0,       3.512610119,      0.3698947289,     -0.6243248384,     -0.6041121722,     -0.6151765304,     -0.5803684765,      -1.232359165,                 0,                 0,                 0,                 0,                 0,                 0,                 0,                 0,                 0,                 0,                 0,                 0,                 1,                 1
        135,           9,      -7.215708613,      -4.026339273,      -4.134754314,      -1.687882571,       -3.27423909,      0.9329898399,      0.2569164264,       0.912424157,                 0,                 0,                 0,     0.03425541654,      0.1601347164,      0.9342808813,                 0,       3.551443439,      0.3979106227,     -0.6019757724,      -0.654587238,     -0.6569233696,      -0.596730283,      -1.250784546,                 0,                 0,                 0,                 0,                 0,                 0,                 0,                 0,                 0,                 0,                 0,                 0,                 1,                 1
        136,           9,      -7.237946661,      -4.076255069,      -4.161894029,      -1.713144853,      -3.268412215,      0.9329898399,      0.2637670307,      0.9460511846,                 0,                 0,                 0,     0.03269487369,      0.1634328108,      0.9684397796,                 0,       3.586692325,      0.4809776839,     -0.6435716365,     -0.6981561972,      -0.694002994,     -0.6433451415,      -1.256394266,                 0,                 0,                 0,                 0,                 0,                 0,                 0,                 0,                 0,                 0,                 0,                 0,                 1,                 1
        137,           9,      -7.274681588,      -4.122899339,       -4.18536269,       -1.75602818,      -3.299570198,      0.9329898399,      0.2693082382,      0.9757012332,                 0,                 0,                 0,     0.03207977093,       0.165844389,       0.998506616,                 0,       3.622990666,      0.6394136504,     -0.7093119544,      -0.725093248,     -0.7201666592,      -0.700818803,      -1.304663554,                 0,                 0,                 0,                 0,                 0,                 0,                 0,                 0,                 0,                 0,                 0,                 0,                 1,                 1
        138,           9,      -7.330755036,      -4.162752802,      -4.209788509,       -1.82670704,      -3.326986817,      0.9329898399,       0.273488462,       1.001177718,                 0,                 0,                 0,     0.03233438513,      0.1673386953,        1.02428049,                 0,       3.660767663,      0.8734041827,     -0.7590150368,     -0.7385529072,     -0.7379791754,     -0.7490295496,      -1.348812626,                 0,                 0,                 0,                 0,                 0,                 0,                 0,                 0,                 0,                 0,                 0,                 0,                 1,                 1
        139,           9,      -7.412320267,      -4.195083543,      -4.238018259,      -1.928306393,      -3.351108608,      0.9329898399,      0.2760181553,       1.021101412,                 0,                 0,                 0,     0.03297626842,      0.1677719375,       1.044359465,                 0,        3.69939945,      0.9207300538,      -0.783443742,     -0.7518825288,     -0.7554983176,     -0.7739862111,      -1.381930429,                 0,                 0,                 0,                 0,                 0,                 0,                 0,                 0,                 0,                 0,                 0,                 0,                 1,                 1
        140,           9,      -7.495445018,      -4.222804687,      -4.272728178,       -2.01776242,      -3.373481747,      0.9329898399,      0.2770619384,        1.03520423,                 0,                 0,                 0,     0.03399697345,      0.1673358567,       1.058494132,                 0,       3.736363921,      0.9464767919,     -0.7578447712,     -0.7804163364,     -0.7822218797,     -0.7270628379,      -1.397422277,                 0,                 0,                 0,                 0,                 0,                 0,                 0,                 0,                 0,                 0,                 0,                 0,                 1,                 1
        141,           9,      -7.542953806,      -4.249396235,      -4.310773445,      -2.037088048,      -3.394848469,      0.9329898399,      0.2769095646,       1.044019808,                 0,                 0,                 0,     0.03588392935,      0.1662628389,       1.067245489,                 0,       3.770255496,      0.9583422318,     -0.6804191467,     -0.8234091155,     -0.8137190813,     -0.6207556119,       -1.39961399,                 0,                 0,                 0,                 0,                 0,                 0,                 0,                 0,                 0,                 0,                 0,                 0,                 1,                 1
        142,           9,      -7.539119059,      -4.276489943,      -4.347131339,      -2.004609598,      -3.414941154,      0.9329898399,      0.2759775569,       1.047909477,                 0,                 0,                 0,     0.03862880542,      0.1649293556,       1.071016429,                 0,       3.797082231,      0.9691212585,     -0.6536784399,       -0.86500577,     -0.8374255852,     -0.6451914575,      -1.397968694,                 0,                 0,                 0,                 0,                 0,                 0,                 0,                 0,                 0,                 0,                 0,                 0,                 1,                 1
        143,           9,       -7.51478419,      -4.304430199,      -4.376181074,      -1.976304827,      -3.428775957,      0.9329898399,      0.2741354062,        1.04614606,                 0,                 0,                 0,     0.04197434817,      0.1632816238,       1.069070115,                 0,       3.816165429,      0.9704257752,     -0.7083036223,     -0.8937393426,     -0.8441889298,     -0.7284710086,      -1.399120145,                 0,                 0,                 0,                 0,                 0,                 0,                 0,                 0,                 0,                 0,                 0,                 0,                 1,                 1
        144,           9,      -7.495502256,      -4.330947824,      -4.396372486,      -1.969372241,      -3.434170541,      0.9329898399,      0.2709655458,       1.037488711,                 0,                 0,                 0,     0.04577465331,      0.1610340676,       1.060128851,                 0,       3.828858417,       0.978858719,     -0.7598820967,      -0.910556768,     -0.8359970725,     -0.7829568165,      -1.408931608,                 0,                 0,                 0,                 0,                 0,                 0,                 0,                 0,                 0,                 0,                 0,                 0,                 1,                 1
        145,           9,       -7.48128582,       -4.35202653,      -4.412112755,      -1.975629923,      -3.428280491,      0.9329898399,      0.2671242903,       1.023947603,                 0,                 0,                 0,     0.05085034392,      0.1586292861,       1.046260402,                 0,       3.833225356,      0.9789021498,     -0.7888518088,     -0.9267781198,     -0.8242775794,     -0.8126656427,      -1.429768982,                 0,                 0,                 0,                 0,                 0,                 0,                 0,                 0,                 0,                 0,                 0,                 0,                 1,                 1
        146,           9,      -7.484389086,      -4.361806251,      -4.427612023,      -1.997119645,      -3.404413134,      0.9329898399,       0.262121179,       1.004447555,                 0,                 0,                 0,     0.05670203593,      0.1556918924,        1.02634421,                 0,       3.831996935,      0.9789597038,     -0.8266774797,     -0.9476966061,     -0.8166335118,     -0.8547258554,      -1.455858728,                 0,                 0,                 0,                 0,                 0,                 0,                 0,                 0,                 0,                 0,                 0,                 0,                 1,                 1
        147,           9,      -7.499864236,      -4.356160122,      -4.445827332,      -2.025956767,      -3.360919728,      0.9329898399,      0.2560628945,      0.9799517537,                 0,                 0,                 0,     0.06340712823,      0.1522273043,       1.001349336,                 0,       3.826996315,      0.9777430342,     -0.8873220126,     -0.9630745231,     -0.8143722496,     -0.9245663515,      -1.476783793,                 0,                 0,                 0,                 0,                 0,                 0,                 0,                 0,                 0,                 0,                 0,                 0,                 1,                 1
        148,           9,      -7.509914488,      -4.336160702,      -4.466475267,      -2.043263242,      -3.301442636,      0.9329898399,      0.2494719475,       0.951023262,                 0,                 0,                 0,     0.07132361566,       0.148696314,      0.9718903764,                 0,       3.812145099,      0.9765418322,     -0.9510734487,      -0.963314821,     -0.8118482171,     -0.9939543954,      -1.482109923,                 0,                 0,                 0,                 0,                 0,                 0,                 0,                 0,                 0,                 0,                 0,                 0,                 1,                 1
        149,           9,       -7.50650597,      -4.304231471,      -4.482602971,      -2.040131061,       -3.23487567,      0.9329898399,      0.2410535014,      0.9111867759,                 0,                 0,                 0,     0.07872047983,      0.1444880317,      0.9313921515,                 0,       3.780018837,      0.9857274549,     -0.9954231174,     -0.9514320563,     -0.7983185898,      -1.037841548,      -1.472074599,                 0,                 0,                 0,                 0,                 0,                 0,                 0,                 0,                 0,                 0,                 0,                 0,                 1,                 1
        150,           9,      -7.483108246,      -4.265661261,      -4.490099366,      -2.013518999,      -3.166962775,      0.9329898399,      0.2310623503,      0.8591738542,                 0,                 0,                 0,     0.08453296196,      0.1399884439,      0.8786198023,                 0,       3.718363693,      0.9761571417,      -1.007113531,      -0.939824584,     -0.7735790308,      -1.052263555,      -1.450680043,                 0,                 0,                 0,                 0,                 0,                 0,                 0,                 0,                 0,                 0,                 0,                 0,                 1,                 1
        151,           9,      -7.447802482,      -4.222790437,      -4.486966728,      -1.975852408,      -3.103937523,      0.9329898399,      0.2203057325,      0.7950486107,                 0,                 0,                 0,     0.08764069073,      0.1359936651,      0.8137214709,                 0,       3.608842139,      0.9655189721,     -0.9979883871,     -0.9290392854,     -0.7443805845,      -1.054713708,        -1.4267446,                 0,                 0,                 0,                 0,                 0,                 0,                 0,                 0,                 0,                 0,                 0,                 0,                 1,                 1
        152,           9,      -7.408561879,      -4.176580874,      -4.475344301,      -1.935407207,      -3.038675832,      0.9329898399,       0.208120447,      0.7156285728,                 0,                 0,                 0,     0.08541447784,      0.1321767864,      0.7334627951,                 0,       3.438530827,      0.9525076009,     -0.9828460867,     -0.9098083005,     -0.7133249435,       -1.05161888,      -1.394497968,                 0,                 0,                 0,                 0,                 0,                 0,                 0,                 0,                 0,                 0,                 0,                 0,                 1,                 1
        153,           9,      -7.369080746,      -4.130048811,      -4.456311631,      -1.894204075,      -2.977247664,      0.9329898399,      0.1933463218,      0.6161738136,                 0,                 0,                 0,     0.07472901471,      0.1278794486,      0.6330085429,                 0,       3.186891831,      0.9396951919,     -0.9666528144,     -0.8795330773,     -0.6744263669,      -1.038227579,      -1.359771092,                 0,                 0,                 0,                 0,                 0,                 0,                 0,                 0,                 0,                 0,                 0,                 0,                 1,                 1
        154,           9,      -7.332988853,      -4.083427897,      -4.430306674,      -1.855671736,      -2.920424678,      0.9329898399,      0.1767360521,      0.4984232074,                 0,                 0,                 0,     0.05488976245,      0.1236684615,      0.5141667408,                 0,       2.820155829,      0.9106320704,     -0.9471125952,     -0.8405161082,     -0.6241813096,      -1.013992491,      -1.322788456,                 0,                 0,                 0,                 0,                 0,                 0,                 0,                 0,                 0,                 0,                 0,                 0,                 1,                 1
        155,           9,      -7.310390189,       -4.04021752,      -4.394583755,      -1.827784836,      -2.869247074,      0.9329898399,      0.1592163163,      0.3629958556,                 0,                 0,                 0,     0.02655553989,      0.1204007137,      0.3776499632,                 0,       2.279891056,      0.8682459661,     -0.9292675723,     -0.7997762988,     -0.5633565303,     -0.9880394108,      -1.284015606,                 0,                 0,                 0,                 0,                 0,                 0,                 0,                 0,                 0,                 0,                 0,                 0,                 1,                 1
        156,           9,      -7.301502443,       -3.99877647,      -4.352042204,      -1.811467849,      -2.817565928,      0.9329898399,      0.1432284706,      0.2163717004,                 0,                 0,                 0,   -0.006524168611,      0.1198268487,      0.2301578455,                 0,       1.510675214,      0.7523067359,     -0.9135493154,     -0.7559136251,     -0.5018780821,     -0.9645826981,      -1.236616703,                 0,                 0,                 0,                 0,                 0,                 0,                 0,                 0,                 0,                 0,                 0,                 0,                 1,                 1
        157,           9,      -7.288192431,      -3.956255833,      -4.303132559,      -1.794675286,      -2.921575428,      0.9329898399,      0.1311244607,     0.06702511245,                 0,                 0,                 0,    -0.03986512685,      0.1234001152,     0.08036418024,                 0,      0.5111564395,      0.4856365523,      -0.885927815,     -0.7040623593,     -0.4419489827,     -0.9343932566,      -1.336619507,                 0,                 0,                 0,                 0,                 0,                 0,                 0,                 0,                 0,                 0,                 0,                 0,                 1,                 1
        158,           9,      -7.254636928,       -3.91037099,      -4.252994175,      -1.760158491,      -2.899345994,      0.9329898399,      0.1238246962,    -0.07833606455,                 0,                 0,                 0,     -0.0705874652,        0.13133472,    -0.06496372618,                 0,       -0.63263684,     0.05238503551,       -0.83455638,      -0.640572301,     -0.3850076469,     -0.8815429595,      -1.304866232,                 0,                 0,                 0,                 0,                 0,                 0,                 0,                 0,                 0,                 0,                 0,                 0,                 1,                 1
        159,           9,         -7.210045,      -3.862653414,      -4.204821482,      -1.712198804,      -2.838450992,      0.9329898399,      0.1209618309,      -0.214697377,                 0,                 0,                 0,    -0.09686632111,      0.1427411762,      -0.200877288,                 0,       -1.77491838,      0.0104751341,      -0.771242673,     -0.5676046185,     -0.3323420413,     -0.8119460564,      -1.232940496,                 0,                 0,                 0,                 0,                 0,                 0,                 0,                 0,                 0,                 0,                 0,                 0,                 1,                 1
        160,           9,      -7.172994125,      -3.818422439,      -4.160139843,      -1.669686437,      -2.788554831,      0.9329898399,      0.1215822563,      -0.337257331,                 0,                 0,                 0,     -0.1168369832,      0.1561692065,     -0.3227009936,                 0,      -2.773902552,    0.008032908366,     -0.7143741769,     -0.4924673464,     -0.2866900168,     -0.7454960858,      -1.173010885,                 0,                 0,                 0,                 0,                 0,                 0,                 0,                 0,                 0,                 0,                 0,                 0,                 1,                 1
        161,           9,      -7.093009989,      -3.785333992,      -4.123712873,      -1.611810553,      -2.773644376,      0.9329898399,      0.1227238277,     -0.4450730483,                 0,                 0,                 0,     -0.1274670888,      0.1685743356,     -0.4298067584,                 0,      -3.626622934,    0.004953993771,     -0.6112573098,     -0.4253458064,     -0.2561596297,     -0.6608719628,      -1.145798901,                 0,                 0,                 0,                 0,                 0,                 0,                 0,                 0,                 0,                 0,                 0,                 0,                 1,                 1
        162,           9,      -7.061500612,      -3.760183926,       -4.08431476,      -1.573599802,      -2.757942182,      0.9329898399,      0.1288049593,     -0.5409743402,                 0,                 0,                 0,     -0.1381937063,      0.1846465687,     -0.5245470417,                 0,      -4.199949623,    0.008147097944,     -0.5459556704,     -0.3662529085,     -0.2309880239,      -0.588581019,      -1.110108887,                 0,                 0,                 0,                 0,                 0,                 0,                 0,                 0,                 0,                 0,                 0,                 0,                 1,                 1
        163,           9,       -7.01803524,      -3.744130708,      -4.041547495,      -1.525967584,      -2.749934798,      0.9329898399,      0.1335063759,     -0.6124794121,                 0,                 0,                 0,     -0.1369878965,      0.1967965457,     -0.5951689694,                 0,       -4.58764166,    0.005756774014,     -0.4723862926,     -0.3174451366,     -0.2070180596,     -0.5095989554,      -1.072653469,                 0,                 0,                 0,                 0,                 0,                 0,                 0,                 0,                 0,                 0,                 0,                 0,                 1,                 1
        164,           9,      -6.988444056,      -3.738098679,      -4.007828359,      -1.492652774,       -2.75462706,      0.9329898399,      0.1383837195,      -0.643186794,                 0,                 0,                 0,     -0.1201168216,      0.2048569662,      -0.625198312,                 0,       -4.64785017,    0.004811744815,     -0.4140730119,     -0.2796077782,      -0.196741416,     -0.4448117628,      -1.040253232,                 0,                 0,                 0,                 0,                 0,                 0,                 0,                 0,                 0,                 0,                 0,                 0,                 1,                 1
        165,           9,      -6.976476117,      -3.740604126,      -3.984719712,      -1.479100711,      -2.765342266,      0.9329898399,      0.1418159326,     -0.6398834839,                 0,                 0,                 0,    -0.09664616185,      0.2079250873,     -0.6215543337,                 0,      -4.512070486,    0.005560513603,     -0.3699791981,     -0.2519087743,     -0.2012243185,     -0.3934773308,      -1.010150627,                 0,                 0,                 0,                 0,                 0,                 0,                 0,                 0,                 0,                 0,                 0,                 0,                 1,                 1
        166,           9,       -6.99691834,      -3.770620132,      -3.989537046,      -1.489808094,      -2.767187608,      0.9329898399,      0.1422200676,     -0.6001846106,                 0,                 0,                 0,    -0.06598666308,      0.2041773462,     -0.5820306914,                 0,      -4.220111976,    0.007954206227,     -0.3547880809,     -0.2545574106,     -0.2358026603,     -0.3578112494,     -0.9694881388,                 0,                 0,                 0,                 0,                 0,                 0,                 0,                 0,                 0,                 0,                 0,                 0,                 1,                 1
        167,           9,      -7.003017859,      -3.786051726,      -3.969573132,      -1.500009183,      -2.792277525,      0.9329898399,      0.1424869516,     -0.5682478519,                 0,                 0,                 0,    -0.04353917565,      0.2011044679,     -0.5502409886,                 0,      -3.988069402,    0.009172509211,     -0.3362191987,      -0.251620866,     -0.2566481904,     -0.3258531802,     -0.9547678296,                 0,                 0,                 0,                 0,                 0,                 0,                 0,                 0,                 0,                 0,                 0,                 0,                 1,                 1
        168,           9,      -7.000233135,      -3.805202203,      -3.946034169,      -1.497603506,      -2.813995659,      0.9329898399,        0.14379166,     -0.5646989399,                 0,                 0,                 0,    -0.03388447557,      0.2020310667,     -0.5465751388,                 0,      -3.927202314,     0.01039900081,     -0.3047618884,     -0.2603985233,     -0.2701759673,     -0.2778507119,     -0.9366241707,                 0,                 0,                 0,                 0,                 0,                 0,                 0,                 0,                 0,                 0,                 0,                 0,                 1,                 1
        169,           9,      -6.993410926,      -3.825143237,      -3.925938228,      -1.494108535,      -2.843451925,      0.9329898399,      0.1450850654,     -0.5817554986,                 0,                 0,                 0,    -0.03120298125,      0.2051002825,     -0.5634030622,                 0,      -4.009754532,     0.01162776479,     -0.2779799631,      -0.278776855,     -0.2796000457,     -0.2429084615,      -0.922661655,                 0,                 0,                 0,                 0,                 0,                 0,                 0,                 0,                 0,                 0,                 0,                 0,                 1,                 1
        170,           9,       -6.98804623,      -3.842709096,      -3.909946663,      -1.492587236,      -2.874675032,      0.9329898399,      0.1454060642,     -0.5995466704,                 0,                 0,                 0,    -0.02898916336,      0.2072792067,     -0.5810632186,                 0,      -4.123257678,    0.008512603053,     -0.2716472193,      -0.298764072,     -0.2867848551,     -0.2296022577,     -0.9060754538,                 0,                 0,                 0,                 0,                 0,                 0,                 0,                 0,                 0,                 0,                 0,                 0,                 1,                 1
        171,           9,      -6.987201132,      -3.855210534,      -3.896602538,      -1.493127547,      -2.900614012,      0.9329898399,      0.1441616514,     -0.6048985379,                 0,                 0,                 0,    -0.02562607442,      0.2066010334,     -0.5865158446,                 0,      -4.195973978,     0.01284865945,     -0.2764626171,     -0.3156956202,     -0.2923867017,     -0.2242632433,     -0.8865436006,                 0,                 0,                 0,                 0,                 0,                 0,                 0,                 0,                 0,                 0,                 0,                 0,                 1,                 1
        172,           9,       -6.99333164,       -3.86480761,      -3.887665804,       -1.49859467,      -2.927177632,      0.9329898399,      0.1409938013,     -0.5955641636,                 0,                 0,                 0,    -0.02147371301,      0.2024748293,     -0.5775637355,                 0,      -4.224045016,     0.01412146337,     -0.2809648965,     -0.3304697979,     -0.2992717371,     -0.2192152581,     -0.8881427167,                 0,                 0,                 0,                 0,                 0,                 0,                 0,                 0,                 0,                 0,                 0,                 0,                 1,                 1
        173,           9,      -7.004308123,      -3.872521739,      -3.881498887,      -1.508204722,      -2.962840477,      0.9329898399,      0.1368651079,     -0.5774829509,                 0,                 0,                 0,    -0.01736593497,      0.1964787519,     -0.5600131395,                 0,      -4.219358462,     0.01411786287,     -0.2880304569,      -0.346116482,     -0.3057111594,     -0.2227718556,     -0.9385611173,                 0,                 0,                 0,                 0,                 0,                 0,                 0,                 0,                 0,                 0,                 0,                 0,                 1,                 1
        174,           9,      -7.019914726,       -3.87905918,      -3.877478598,      -1.521862533,      -2.990075192,      0.9329898399,      0.1329918404,     -0.5565019825,                 0,                 0,                 0,    -0.01431717812,      0.1904335942,     -0.5395519737,                 0,      -4.184482152,     0.01541112512,     -0.3024172636,     -0.3637786338,     -0.3116543894,     -0.2414649665,      -1.017352264,                 0,                 0,                 0,                 0,                 0,                 0,                 0,                 0,                 0,                 0,                 0,                 0,                 1,                 1
        175,           9,      -7.039864763,      -3.883619626,      -3.875609108,      -1.539406763,        -2.9982827,      0.9329898399,      0.1294291391,     -0.5327683658,                 0,                 0,                 0,    -0.01195927923,      0.1844095713,     -0.5163207759,                 0,      -4.116293824,      0.1369417813,      -0.324503176,     -0.3840132534,     -0.3183557225,     -0.2726431318,      -1.093391466,                 0,                 0,                 0,                 0,                 0,                 0,                 0,                 0,                 0,                 0,                 0,                 0,                 1,                 1
        176,           9,      -7.028088259,      -3.836012426,      -3.839250102,      -1.550797577,      -2.997018714,      0.9329898399,      0.1253166279,     -0.4951625502,                 0,                 0,                 0,   -0.005664556992,      0.1763887107,     -0.4793508434,                 0,      -3.951291689,      0.2059525633,     -0.3219790783,     -0.3548915433,     -0.2890928349,     -0.3054133017,      -1.160496826,                 0,                 0,                 0,                 0,                 0,                 0,                 0,                 0,                 0,                 0,                 0,                 0,                 1,                 1
        177,           9,      -7.024672469,      -3.829236741,      -3.831381658,      -1.533664694,      -2.980922927,      0.9329898399,      0.1208385969,     -0.4489576997,                 0,                 0,                 0,    0.001105540249,      0.1671054889,     -0.4338671896,                 0,      -3.715350154,      0.2059969979,      -0.315325021,     -0.3617421888,     -0.2781716599,     -0.2881343375,        -1.2034747,                 0,                 0,                 0,                 0,                 0,                 0,                 0,                 0,                 0,                 0,                 0,                 0,                 1,                 1
        178,           9,       -7.03907294,      -3.870124343,      -3.888774546,      -1.524871337,      -2.981340061,      0.9329898399,      0.1176098276,     -0.4106081869,                 0,                 0,                 0,    0.001711962893,      0.1598857915,     -0.3960652577,                 0,      -3.491274455,      0.2047672948,     -0.3705367146,        -0.4201696,     -0.3381370948,      -0.333080797,      -1.254104547,                 0,                 0,                 0,                 0,                 0,                 0,                 0,                 0,                 0,                 0,                 0,                 0,                 1,                 1
        179,           9,      -7.090897832,      -3.857284423,      -3.903868517,      -1.578221079,       -2.99453885,      0.9329898399,      0.1151716673,     -0.3649377436,                 0,                 0,                 0,    0.004072098186,      0.1526871263,      -0.350899859,                 0,      -3.168641666,      0.2247200704,     -0.4675931507,     -0.4368227979,     -0.3688675906,     -0.4430799257,      -1.311056026,                 0,                 0,                 0,                 0,                 0,                 0,                 0,                 0,                 0,                 0,                 0,                 0,                 1,                 1
        180,           9,       -7.07702482,      -3.799651824,      -3.874457199,      -1.599463906,      -2.981613691,      0.9329898399,      0.1125169688,     -0.2881375089,                 0,                 0,                 0,     0.01776936097,      0.1420191601,     -0.2747978357,                 0,      -2.560836042,      0.2191380323,     -0.4640190047,     -0.4085002367,     -0.3510423234,     -0.4831764076,      -1.331736062,                 0,                 0,                 0,                 0,                 0,                 0,                 0,                 0,                 0,                 0,                 0,                 0,                 1,                 1
        181,           9,       -7.06625714,      -3.821337579,      -3.908026387,      -1.533664204,      -2.961942049,      0.9329898399,      0.1112985046,     -0.2316826213,                 0,                 0,                 0,      0.0183457027,      0.1349062282,      -0.218779578,                 0,      -2.081632831,      0.1740144922,     -0.4694068813,     -0.4506169891,     -0.3863070622,     -0.4352755173,      -1.333664835,                 0,                 0,                 0,                 0,                 0,                 0,                 0,                 0,                 0,                 0,                 0,                 0,                 1,                 1
        182,           9,      -7.114810108,      -3.798485491,      -3.931312911,      -1.576481379,      -2.975016704,      0.9329898399,      0.1119623298,     -0.1667205286,                 0,                 0,                 0,     0.02079421219,      0.1287760291,     -0.1541039658,                 0,      -1.489076986,    0.008228458854,     -0.5677772677,     -0.4523638106,     -0.4277380248,     -0.5323159446,      -1.362210025,                 0,                 0,                 0,                 0,                 0,                 0,                 0,                 0,                 0,                 0,                 0,                 0,                 1,                 1
        183,           9,      -7.122840172,      -3.777646037,      -3.942616486,      -1.577295028,      -2.997437771,      0.9329898399,      0.1142648785,    -0.09119792339,                 0,                 0,                 0,      0.0262703876,      0.1231717023,    -0.07875439947,                 0,     -0.7981273389,    0.007056756075,     -0.5958390467,     -0.4559115529,     -0.4578318262,     -0.5504489691,      -1.396267521,                 0,                 0,                 0,                 0,                 0,                 0,                 0,                 0,                 0,                 0,                 0,                 0,                 1,                 1
        184,           9,      -7.132645703,      -3.757187388,      -3.954900479,      -1.574774027,      -3.018023009,      0.9329898399,      0.1179625907,    -0.01315890211,                 0,                 0,                 0,     0.03063410597,      0.1186918591,  -0.0007563679394,                 0,     -0.1115514845,    0.005883155657,     -0.6336024743,     -0.4604362408,     -0.4873503371,     -0.5759213438,      -1.428897312,                 0,                 0,                 0,                 0,                 0,                 0,                 0,                 0,                 0,                 0,                 0,                 0,                 1,                 1
        185,           9,      -7.154300526,      -3.737850273,      -3.968586434,        -1.5796163,      -3.038478403,      0.9329898399,      0.1230322576,     0.06379350839,                 0,                 0,                 0,     0.03325150901,      0.1156900366,     0.07630441369,                 0,      0.5185104268,    0.004718411571,     -0.6872173691,     -0.4646456617,     -0.5177085434,     -0.6077874939,      -1.464815439,                 0,                 0,                 0,                 0,                 0,                 0,                 0,                 0,                 0,                 0,                 0,                 0,                 1,                 1
        186,           9,      -7.179691768,      -3.722767587,      -3.979367197,      -1.584306111,      -3.065863776,      0.9329898399,      0.1298839904,       0.144181225,                 0,                 0,                 0,     0.03640846453,      0.1141014304,       0.156967959,                 0,       1.110076958,    0.003582526595,     -0.7445714724,      -0.469993851,     -0.5438636414,     -0.6364539674,      -1.509797287,                 0,                 0,                 0,                 0,                 0,                 0,                 0,                 0,                 0,                 0,                 0,                 0,                 1,                 1
        187,           9,      -7.194992563,       -3.71535954,      -3.984391114,      -1.583408756,      -3.053513212,      0.9329898399,      0.1388853857,      0.2275139811,                 0,                 0,                 0,     0.03963340765,      0.1143428702,      0.2407851117,                 0,       1.638141983,     0.04126462874,     -0.7905828769,     -0.4779594091,     -0.5610954268,     -0.6586267081,      -1.512507814,                 0,                 0,                 0,                 0,                 0,                 0,                 0,                 0,                 0,                 0,                 0,                 0,                 1,                 1
        188,           9,      -7.185166193,      -3.718747833,      -3.982663018,      -1.582307296,      -3.049823162,      0.9329898399,      0.1494623721,      0.3104435083,                 0,                 0,                 0,     0.04188593817,      0.1161934188,      0.3243659384,                 0,       2.077067986,     0.07587492913,     -0.8052707858,     -0.4898336925,     -0.5670029744,     -0.6781566987,      -1.516160802,                 0,                 0,                 0,                 0,                 0,                 0,                 0,                 0,                 0,                 0,                 0,                 0,                 1,                 1
        189,           9,      -7.167623109,       -3.73697735,      -3.978018198,      -1.603877969,      -2.984209611,      0.9329898399,      0.1607803186,      0.3893760357,                 0,                 0,                 0,     0.04293982389,      0.1191986685,      0.4040491127,                 0,       2.421789179,     0.09651723004,     -0.7986269077,     -0.5087130484,      -0.565575587,     -0.7129613927,      -1.445574514,                 0,                 0,                 0,                 0,                 0,                 0,                 0,                 0,                 0,                 0,                 0,                 0,                 1,                 1
        190,           9,      -7.166578156,      -3.769153369,      -3.976505585,      -1.660692185,      -2.988832858,      0.9329898399,      0.1718071226,      0.4618087675,                 0,                 0,                 0,     0.04339312083,      0.1225937844,      0.4772376652,                 0,       2.687948908,      0.1185554129,     -0.7872425791,     -0.5333432169,     -0.5634767723,     -0.7682130724,      -1.430605052,                 0,                 0,                 0,                 0,                 0,                 0,                 0,                 0,                 0,                 0,                 0,                 0,                 1,                 1
        191,           9,      -7.166191559,      -3.801828136,      -3.981782655,      -1.694998771,       -2.98930855,      0.9329898399,      0.1834686635,      0.5311958742,                 0,                 0,                 0,      0.0426405439,      0.1269385146,      0.5474636251,                 0,       2.895294837,      0.1429262813,     -0.7535626492,     -0.5506280807,     -0.5622747995,     -0.7814993299,      -1.395881705,                 0,                 0,                 0,                 0,                 0,                 0,                 0,                 0,                 0,                 0,                 0,                 0,                 1,                 1
        192,           9,      -7.140399431,       -3.83111678,      -3.991374555,      -1.648442837,      -2.998717805,      0.9329898399,      0.1957112977,      0.6002855672,                 0,                 0,                 0,     0.04227321459,      0.1318922429,      0.6174545413,                 0,       3.067199361,      0.1905782419,     -0.6865588117,     -0.5578762866,     -0.5553609608,     -0.7009915045,      -1.352850789,                 0,                 0,                 0,                 0,                 0,                 0,                 0,                 0,                 0,                 0,                 0,                 0,                 1,                 1
        193,           9,      -7.119687343,      -3.861372799,      -4.003555718,      -1.595962963,      -3.016097883,      0.9329898399,      0.2082903543,       0.667794021,                 0,                 0,                 0,     0.04176631377,      0.1373458352,      0.6859080461,                 0,       3.206072711,      0.2160516713,     -0.6458636553,     -0.5598030305,     -0.5407472101,     -0.6168058402,      -1.299079727,                 0,                 0,                 0,                 0,                 0,                 0,                 0,                 0,                 0,                 0,                 0,                 0,                 1,                 1
        194,           9,      -7.127114248,      -3.889125198,      -4.020534103,      -1.581838319,      -3.241710831,      0.9329898399,       0.220273336,      0.7306748225,                 0,                 0,                 0,     0.04118864953,      0.1426903393,      0.7496969427,                 0,       3.317127873,      0.2434163738,     -0.6563068773,     -0.5553483962,     -0.5305028315,     -0.5818896129,       -1.43585207,                 0,                 0,                 0,                 0,                 0,                 0,                 0,                 0,                 0,                 0,                 0,                 0,                 1,                 1
        195,           9,      -7.156455294,      -3.913798079,      -4.045747253,      -1.603001018,          -3.24309,      0.9329898399,      0.2313816753,       0.786618843,                 0,                 0,                 0,     0.03951637301,      0.1478900835,      0.8064956336,                 0,       3.399659207,      0.2971940313,     -0.6768145549,     -0.5524402554,      -0.541870081,     -0.5817662037,      -1.340903449,                 0,                 0,                 0,                 0,                 0,                 0,                 0,                 0,                 0,                 0,                 0,                 0,                 1,                 1
        196,           9,      -7.183699254,      -3.943510209,      -4.076694935,      -1.636922466,      -3.226223049,      0.9329898399,      0.2413274543,      0.8359656952,                 0,                 0,                 0,     0.03758602889,      0.1526232278,      0.8566117756,                 0,       3.464030637,      0.3245836362,     -0.6617636593,     -0.5700985019,     -0.5743824393,      -0.583476763,      -1.246427144,                 0,                 0,                 0,                 0,                 0,                 0,                 0,                 0,                 0,                 0,                 0,                 0,                 1,                 1
        197,           9,      -7.195720527,      -3.984729355,      -4.110039262,      -1.662271338,      -3.251990369,      0.9329898399,      0.2501144185,      0.8788305491,                 0,                 0,                 0,     0.03556178277,      0.1568814587,      0.9001602992,                 0,       3.513714061,      0.3698767643,     -0.6134868524,     -0.6137661044,     -0.6168252321,     -0.5798011405,      -1.233165288,                 0,                 0,                 0,                 0,                 0,                 0,                 0,                 0,                 0,                 0,                 0,                 0,                 1,                 1
        198,           9,      -7.211301649,      -4.034087575,      -4.140166878,      -1.684639761,      -3.275540363,      0.9329898399,      0.2580146927,      0.9169398702,                 0,                 0,                 0,     0.03382306962,      0.1607549457,       0.938886657,                 0,       3.553828119,      0.4260703111,     -0.6036189703,     -0.6655973119,     -0.6587503797,     -0.6033644483,      -1.255460406,                 0,                 0,                 0,                 0,                 0,                 0,                 0,                 0,                 0,                 0,                 0,                 0,                 1,                 1
        199,           9,      -7.237152081,      -4.085552045,      -4.166561844,      -1.714526417,      -3.270302375,      0.9329898399,      0.2646994058,      0.9504086829,                 0,                 0,                 0,     0.03255584033,      0.1639045957,      0.9728708668,                 0,       3.590520651,      0.4809651489,     -0.6538983146,     -0.7077007931,     -0.6944975399,     -0.6555860271,      -1.263685672,                 0,                 0,                 0,                 0,                 0,                 0,                 0,                 0,                 0,                 0,                 0,                 0,                 1,                 1
        200,           9,      -7.280403137,      -4.132273611,      -4.190926655,      -1.766439393,      -3.300703852,      0.9329898399,      0.2701898828,      0.9798417013,                 0,                 0,                 0,     0.03218868665,      0.1662884071,       1.002716559,                 0,       3.626492936,      0.7115982299,     -0.7196025088,     -0.7321683901,     -0.7199660091,     -0.7143242094,      -1.312101806,                 0,                 0,                 0,                 0,                 0,                 0,                 0,                 0,                 0,                 0,                 0,                 0,                 1,                 1
