"Time_Iter","Outer_Iter","Inner_Iter",    "rms[Rho]"    ,    "rms[RhoU]"   ,    "rms[RhoV]"   ,    "rms[RhoE]"   ,    "RefForce"    ,       "CD"       ,       "CL"       ,       "CSF"      ,       "CMx"      ,       "CMy"      ,       "CMz"      ,       "CFx"      ,       "CFy"      ,       "CFz"      ,      "CEff"      
          0,           0,           0,      -3.581346543,      -3.698349607,      -4.145839362,      -2.984969399,             0.448,      0.2407163594,       0.140173926,                 0,                 0,                 0,     0.01642535268,      0.2376011973,      0.1453917681,                 0,      0.5823198985
          0,           0,           1,      -3.833736392,      -3.708488284,      -3.735662285,      -3.222809631,             0.448,     0.09245169396,     0.03009341477,                 0,                 0,                 0,   -0.006982728879,     0.09177320858,     0.03210307643,                 0,       0.325504201
          0,           0,           2,      -3.768591328,      -3.680329755,      -3.700696287,      -3.170203341,             0.448,     0.06811455009,     0.03872365902,                 0,                 0,                 0,   -0.008467965733,      0.0672535885,     0.04020035492,                 0,      0.5685078881
          0,           0,           3,      -3.714040114,      -3.724734081,      -3.702056761,      -3.121669223,             0.448,     0.08299580707,     0.07132473144,                 0,                 0,                 0,   -0.006376467015,      0.0814201155,     0.07311830207,                 0,       0.859377527
          0,           0,           4,      -3.663353438,      -3.692493791,      -3.668822421,      -3.074183733,             0.448,      0.0627310154,     0.06682875183,                 0,                 0,                 0,    -0.01011011227,     0.06125822558,     0.06818131829,                 0,       1.065322335
          0,           0,           5,      -3.658609626,      -3.669989287,      -3.662073217,      -3.073535759,             0.448,     0.04948388379,     0.06248278255,                 0,                 0,                 0,    -0.01493904305,     0.04810905325,     0.06354739858,                 0,       1.262689542
          0,           0,           6,       -3.65503977,      -3.788650961,      -3.699968904,      -3.076449915,             0.448,     0.04547721976,     0.06121876578,                 0,                 0,                 0,    -0.01873427772,     0.04413091708,     0.06219627769,                 0,       1.346141345
          0,           0,           7,      -3.659256051,      -3.791442835,      -3.690717227,      -3.082863358,             0.448,     0.04094978966,     0.05844547808,                 0,                 0,                 0,    -0.02143350334,     0.03966506334,     0.05932488459,                 0,       1.427247333
          0,           0,           8,       -3.64220821,       -3.71463009,      -3.704560043,       -3.06482027,             0.448,     0.03524232511,     0.05618176927,                 0,                 0,                 0,     -0.0231570511,     0.03400833955,      0.0569372068,                 0,       1.594156149
          0,           0,           9,      -3.656733466,      -3.751822766,      -3.710604593,      -3.082887242,             0.448,     0.03054225695,     0.05473373399,                 0,                 0,                 0,    -0.02422670141,     0.02934097861,     0.05538698466,                 0,       1.792065795
          0,           0,          10,      -3.663400313,      -3.808583669,      -3.737968957,      -3.093557681,             0.448,     0.02724251158,     0.05377051539,                 0,                 0,                 0,    -0.02477286228,     0.02606303099,     0.05435201172,                 0,       1.973772324
          0,           0,          11,      -3.669556844,      -3.834469823,      -3.762274436,      -3.102033027,             0.448,     0.02421262495,     0.05305894855,                 0,                 0,                 0,    -0.02490304462,     0.02304938813,     0.05357451759,                 0,       2.191375312
          0,           0,          12,      -3.674695914,      -3.846381939,       -3.77304021,      -3.107704435,             0.448,      0.0209626427,     0.05217336865,                 0,                 0,                 0,    -0.02500593527,     0.01981949812,     0.05261825044,                 0,       2.488873631
          0,           0,          13,      -3.677928148,      -3.852403857,      -3.782508009,      -3.109536326,             0.448,     0.01776692898,     0.05131273399,                 0,                 0,                 0,     -0.0252199552,     0.01664331954,     0.05168810646,                 0,       2.888103738
          0,           0,          14,       -3.68604921,      -3.860278258,      -3.793368723,      -3.115520125,             0.448,     0.01481211689,      0.0509286595,                 0,                 0,                 0,    -0.02542676615,     0.01369758915,     0.05123966448,                 0,       3.438310667
          0,           0,          15,      -3.696328307,      -3.869428603,      -3.809304361,      -3.123934115,             0.448,     0.01204063819,     0.05094275228,                 0,                 0,                 0,    -0.02561269374,     0.01092646256,     0.05119329442,                 0,       4.230901341
          0,           0,          16,      -3.707333452,      -3.875156612,      -3.830698407,      -3.134401739,             0.448,    0.009355292059,     0.05109134501,                 0,                 0,                 0,    -0.02581273616,    0.008238513935,     0.05128327128,                 0,       5.461223946
          0,           0,          17,      -3.720090519,      -3.875829808,      -3.853876825,      -3.148207648,             0.448,    0.006713706345,     0.05130400005,                 0,                 0,                 0,    -0.02600930042,    0.005592917802,     0.05143824982,                 0,       7.641680676
          0,           0,          18,      -3.734900153,      -3.873215838,      -3.877645505,      -3.164923575,             0.448,    0.004123234356,     0.05156366554,                 0,                 0,                 0,    -0.02620120935,    0.002997397702,     0.05164134266,                 0,        12.5056354
          0,           0,          19,      -3.752613373,      -3.871873887,      -3.903949696,      -3.184471935,             0.448,    0.001618997437,     0.05170507718,                 0,                 0,                 0,    -0.02646362256,   0.0004906718448,     0.05172809101,                 0,       31.93647872
          0,           0,          20,      -3.773972298,      -3.876157149,      -3.934459725,      -3.207070445,             0.448,  -0.0007285680754,     0.05163872348,                 0,                 0,                 0,     -0.0268147423,   -0.001854887512,     0.05161054123,                 0,      -70.87700549
          0,           0,          21,      -3.797421335,      -3.887254941,      -3.968421222,      -3.231044139,             0.448,   -0.002810709062,     0.05155849128,                 0,                 0,                 0,    -0.02716142563,   -0.003934782749,     0.05148490646,                 0,       -18.3435888
          0,           0,          22,      -3.820311227,      -3.903497567,      -4.002408691,      -3.253907474,             0.448,    -0.00452006985,      0.0517109084,                 0,                 0,                 0,     -0.0274293907,   -0.005647061718,      0.0515999978,                 0,      -11.44028967
          0,           0,          23,      -3.841580603,      -3.922028525,      -4.032792014,       -3.27482544,             0.448,   -0.005779806375,     0.05220586056,                 0,                 0,                 0,    -0.02760876637,   -0.006917295784,     0.05206735117,                 0,      -9.032458386
          0,           0,          24,      -3.861341079,      -3.940421857,      -4.058376613,      -3.294081092,             0.448,   -0.006518540478,     0.05326672218,                 0,                 0,                 0,    -0.02763108314,   -0.007678996663,     0.05311184493,                 0,      -8.171571896
          0,           0,          25,      -3.880642732,      -3.958181898,      -4.080750547,      -3.312888414,             0.448,    -0.00674369196,     0.05469130826,                 0,                 0,                 0,    -0.02760971526,   -0.007935171746,     0.05453118034,                 0,      -8.109995026
          0,           0,          26,      -3.900885742,      -3.976853445,      -4.102144861,      -3.332757803,             0.448,   -0.006484255092,      0.0563123537,                 0,                 0,                 0,    -0.02763221932,   -0.007711159537,     0.05615749961,                 0,      -8.684475379
          0,           0,          27,      -3.923149696,      -3.998347006,      -4.124611907,      -3.354901025,             0.448,   -0.005777702953,     0.05811954137,                 0,                 0,                 0,    -0.02770687103,    -0.00704419913,     0.05797967057,                 0,      -10.05928166
          0,           0,          28,      -3.947363096,      -4.024072061,      -4.150117558,       -3.37932802,             0.448,   -0.004699697748,     0.06001732855,                 0,                 0,                 0,    -0.02786985095,   -0.006007850469,     0.05990052269,                 0,      -12.77046563
          0,           0,          29,      -3.973007527,      -4.054962622,      -4.180212752,      -3.405606784,             0.448,    -0.00336025749,     0.06188716803,                 0,                 0,                 0,    -0.02814306924,   -0.004709519295,     0.06179913693,                 0,      -18.41738861
          0,           0,          30,      -4.000264862,      -4.091459066,      -4.215189115,      -3.434046633,             0.448,   -0.001877122807,     0.06360930356,                 0,                 0,                 0,    -0.02853452381,   -0.003264305746,     0.06355321705,                 0,      -33.88659673
          0,           0,          31,      -4.029699883,      -4.133422846,      -4.253990751,      -3.465017426,             0.448,  -0.0003550354707,     0.06504894835,                 0,                 0,                 0,    -0.02906203602,   -0.001773986312,     0.06502572341,                 0,      -183.2181676
          0,           0,          32,      -4.061028205,       -4.17982138,      -4.294393376,      -3.497815682,             0.448,    0.001117085582,     0.06611182598,                 0,                 0,                 0,    -0.02974504894,  -0.0003254021376,     0.06612046225,                 0,       59.18241813
          0,           0,          33,      -4.093762219,       -4.22860878,      -4.333431496,      -3.531678085,             0.448,    0.002468156971,     0.06672583309,                 0,                 0,                 0,    -0.03059130897,    0.001011953239,     0.06676379671,                 0,       27.03467967
          0,           0,          34,      -4.127399164,      -4.276866941,      -4.368733598,      -3.565876304,             0.448,    0.003655938747,     0.06694508213,                 0,                 0,                 0,    -0.03154578016,    0.002194669462,      0.0670089049,                 0,       18.31132488
          0,           0,          35,      -4.161287936,      -4.321762702,      -4.399837949,      -3.599738872,             0.448,    0.004653694691,     0.06687516897,                 0,                 0,                 0,    -0.03253587452,    0.003193713115,     0.06696077431,                 0,       14.37033871
          0,           0,          36,      -4.194910885,      -4.362050797,      -4.428279597,       -3.63293018,             0.448,    0.005438961463,     0.06660315622,                 0,                 0,                 0,    -0.03350508489,    0.003984726941,     0.06670595679,                 0,       12.24556502
          0,           0,          37,      -4.227677553,      -4.398697193,      -4.456596932,       -3.66519263,             0.448,    0.005994496303,     0.06617561052,                 0,                 0,                 0,    -0.03441519744,     0.00454945644,     0.06629063177,                 0,       11.03939467
          0,           0,          38,      -4.258993795,      -4.433950908,      -4.487325945,      -3.696209445,             0.448,    0.006315079182,     0.06563537214,                 0,                 0,                 0,    -0.03522929231,    0.004881748266,     0.06575751543,                 0,       10.39343613
          0,           0,          39,      -4.288486382,      -4.469892917,      -4.522103306,      -3.725744935,             0.448,     0.00640882326,     0.06504590974,                 0,                 0,                 0,    -0.03591162673,     0.00498832909,     0.06517023831,                 0,       10.14943104
          0,           0,          40,       -4.31603249,       -4.50762465,      -4.561116899,      -3.753730398,             0.448,    0.006295914173,     0.06447518586,                 0,                 0,                 0,    -0.03643556226,    0.004887897149,     0.06459718716,                 0,       10.24079809
          0,           0,          41,      -4.341758471,       -4.54715714,      -4.603077771,      -3.780262089,             0.448,    0.006006276622,     0.06397806353,                 0,                 0,                 0,    -0.03679060143,     0.00460917319,     0.06409386472,                 0,       10.65186763
          0,           0,          42,      -4.365834276,      -4.587612081,      -4.645459825,      -3.805391403,             0.448,     0.00557585702,     0.06359940961,                 0,                 0,                 0,    -0.03697993415,    0.004187116309,     0.06370591135,                 0,       11.40621242
          0,           0,          43,      -4.388508311,      -4.627582534,       -4.68518503,      -3.829191066,             0.448,    0.005042328705,      0.0633611433,                 0,                 0,                 0,    -0.03702262391,    0.003658912711,     0.06345606288,                 0,       12.56584943
          0,           0,          44,      -4.410001675,       -4.66556617,      -4.719829516,      -3.851728859,             0.448,    0.004442724637,     0.06326966547,                 0,                 0,                 0,    -0.03694309072,    0.003061446911,     0.06335152653,                 0,       14.24118545
          0,           0,          45,      -4.430325113,      -4.700238966,      -4.748661403,      -3.872897125,             0.448,    0.003811716628,     0.06332050193,                 0,                 0,                 0,    -0.03676736266,    0.002429480073,     0.06338858552,                 0,        16.6120696
          0,           0,          46,      -4.449312854,      -4.730660937,      -4.772748192,      -3.892482018,             0.448,    0.003180899017,     0.06350750016,                 0,                 0,                 0,    -0.03651951668,    0.001794733235,     0.06356177804,                 0,       19.96526762
          0,           0,          47,       -4.46673856,      -4.756592245,      -4.794052476,      -3.910273858,             0.448,    0.002577372282,      0.0638213197,                 0,                 0,                 0,    -0.03622023585,    0.001184504185,     0.06386235703,                 0,       24.76216577
          0,           0,          48,      -4.482307855,      -4.778626517,      -4.814529293,      -3.926023193,             0.448,    0.002024575464,     0.06424328544,                 0,                 0,                 0,    -0.03589083962,   0.0006226337835,     0.06427216315,                 0,       31.73173171
          0,           0,          49,      -4.495980343,      -4.798168716,       -4.83534469,      -3.939770452,             0.448,    0.001539939015,     0.06476451446,                 0,                 0,                 0,    -0.03554233586,   0.0001267421141,     0.06478269585,                 0,       42.05654498
          0,           0,          50,      -4.508015608,       -4.81704284,      -4.856693326,      -3.951869515,             0.448,    0.001135027738,     0.06537277666,                 0,                 0,                 0,     -0.0351841283,  -0.0002913419756,     0.06538198021,                 0,       57.59575251
          0,           0,          51,      -4.518902527,      -4.837028406,      -4.878050645,      -3.962906012,             0.448,   0.0008168874026,     0.06606385672,                 0,                 0,                 0,    -0.03482074172,  -0.0006244824337,     0.06606595561,                 0,       80.87265945
          0,           0,          52,      -4.529231235,      -4.859437467,      -4.898368221,      -3.973517613,             0.448,   0.0005880914291,     0.06683618231,                 0,                 0,                 0,      -0.034454654,  -0.0008700721539,     0.06683310625,                 0,       113.6493052
          0,           0,          53,      -4.539399308,       -4.88488812,      -4.916988699,      -3.984066004,             0.448,   0.0004465466754,     0.06767886576,                 0,                 0,                 0,    -0.03409304096,   -0.001029966266,     0.06767250139,                 0,       151.5605635
          0,           0,          54,      -4.549869301,      -4.913331992,       -4.93407255,       -3.99497013,             0.448,   0.0003871419059,     0.06857721442,                 0,                 0,                 0,    -0.03374654837,   -0.001108954272,     0.06856934036,                 0,       177.1371515
          0,           0,          55,       -4.56126273,      -4.944247245,      -4.950679347,      -4.006810749,             0.448,   0.0003994575722,     0.06949893359,                 0,                 0,                 0,    -0.03342974931,   -0.001116748734,     0.06949110884,                 0,       173.9832673
          0,           0,          56,       -4.57424227,      -4.976628526,      -4.968360418,      -4.020187271,             0.448,    0.000470478832,     0.07041911956,                 0,                 0,                 0,    -0.03315034259,   -0.001065818127,     0.07041262516,                 0,       149.6754259
          0,           0,          57,      -4.589097843,      -5.009419103,      -4.988130467,      -4.035387838,             0.448,   0.0005880271801,     0.07132324197,                 0,                 0,                 0,    -0.03290934601,  -0.0009680210783,     0.07131909672,                 0,       121.2924239
          0,           0,          58,      -4.606032082,      -5.041845135,      -5.010417206,      -4.052665348,             0.448,   0.0007394231649,     0.07220090787,                 0,                 0,                 0,    -0.03270830899,  -0.0008358073024,     0.07219985644,                 0,        97.6449093
          0,           0,          59,      -4.625035863,       -5.07352247,      -5.034857953,      -4.072071131,             0.448,   0.0009105538971,     0.07303174863,                 0,                 0,                 0,    -0.03255285525,  -0.0006828419903,     0.07303423268,                 0,       80.20584928
          0,           0,          60,      -4.645864391,      -5.104327537,      -5.060388019,      -4.093412759,             0.448,    0.001087615645,     0.07379861156,                 0,                 0,                 0,    -0.03244583828,  -0.0005225514052,      0.0738047757,                 0,       67.85357669
          0,           0,          61,      -4.668228954,      -5.134550234,      -5.086145326,      -4.116399017,             0.448,    0.001259677235,      0.0744973655,                 0,                 0,                 0,    -0.03238396136,  -0.0003657739982,     0.07450711685,                 0,       59.14004274
          0,           0,          62,      -4.691814393,      -5.164724756,      -5.111442574,      -4.140678897,             0.448,     0.00141757445,     0.07512783357,                 0,                 0,                 0,    -0.03236248795,   -0.000221667947,      0.0751408794,                 0,        52.9974518
          0,           0,          63,      -4.716000517,      -5.194939823,      -5.135767395,      -4.165558282,             0.448,    0.001553327289,     0.07568760067,                 0,                 0,                 0,    -0.03237770248,  -9.815866825e-05,     0.07570347472,                 0,       48.72611279
          0,           0,          64,      -4.740118254,      -5.225230786,      -5.159035727,      -4.190313964,             0.448,    0.001661649479,      0.0761732314,                 0,                 0,                 0,     -0.0324266721,  -4.562347704e-07,     0.07619135293,                 0,       45.84193742
          0,           0,          65,      -4.763680526,      -5.255471888,      -5.181369744,      -4.214371435,             0.448,    0.001740164068,      0.0765858415,                 0,                 0,                 0,      -0.032504572,   6.903862838e-05,     0.07660557762,                 0,       44.01070158
          0,           0,          66,      -4.786305577,      -5.285028052,       -5.20306572,      -4.237283071,             0.448,    0.001788755664,     0.07692636689,                 0,                 0,                 0,    -0.03260716875,   0.0001101901389,     0.07694708199,                 0,       43.00551967
          0,           0,          67,      -4.807815968,      -5.313125632,      -5.224358706,      -4.258866431,             0.448,      0.0018080889,      0.0771916589,                 0,                 0,                 0,    -0.03273218521,   0.0001237314593,     0.07721273263,                 0,        42.6924024
          0,           0,          68,      -4.828317487,      -5.339038589,      -5.245708365,      -4.279234278,             0.448,    0.001800314934,      0.0773878159,                 0,                 0,                 0,    -0.03287295526,   0.0001116802013,     0.07740867336,                 0,       42.98571012
          0,           0,          69,      -4.848179554,      -5.362266057,      -5.267510968,       -4.29877396,             0.448,    0.001769138679,     0.07752297393,                 0,                 0,                 0,    -0.03302244973,    7.75629084e-05,     0.07754311912,                 0,       43.81961394
          0,           0,          70,      -4.867678211,      -5.382488683,      -5.289710465,       -4.31782328,             0.448,    0.001718985285,     0.07760769748,                 0,                 0,                 0,    -0.03317356278,   2.557321433e-05,     0.07762672841,                 0,       45.14738909
          0,           0,          71,      -4.887074345,      -5.399789068,      -5.312475728,      -4.336689993,             0.448,    0.001654198079,     0.07765335016,                 0,                 0,                 0,    -0.03331927693,  -4.019448137e-05,      0.0776709569,                 0,       46.94319933
          0,           0,          72,      -4.906576468,      -5.414562678,      -5.335915831,      -4.355650205,             0.448,    0.001579507968,     0.07766907224,                 0,                 0,                 0,    -0.03345494134,  -0.0001152097938,     0.07768504589,                 0,       49.17295374
          0,           0,          73,      -4.926365791,       -5.42740242,      -5.359902522,      -4.374951314,             0.448,    0.001499314181,      0.0776602571,                 0,                 0,                 0,    -0.03357805377,  -0.0001951921959,     0.07767448343,                 0,       51.79718707
          0,           0,          74,      -4.946560797,      -5.439196032,      -5.384444516,       -4.39474469,             0.448,    0.001417463139,     0.07763469495,                 0,                 0,                 0,     -0.0336855754,  -0.0002764661237,     0.07764714179,                 0,       54.77016848
          0,           0,          75,      -4.967245656,      -5.451004709,      -5.409639343,      -4.415127769,             0.448,    0.001337670033,        0.07760146,                 0,                 0,                 0,    -0.03377445823,  -0.0003555152242,     0.07761217407,                 0,       58.01240819
          0,           0,          76,       -4.98831913,      -5.463923565,      -5.435191549,       -4.43600014,             0.448,    0.001263005075,     0.07756789026,                 0,                 0,                 0,    -0.03384307167,  -0.0004294300938,     0.07757698351,                 0,       61.41534327
          0,           0,          77,       -5.00961238,      -5.478740272,        -5.4604969,      -4.457182402,             0.448,    0.001195882387,     0.07754093238,                 0,                 0,                 0,    -0.03389076812,  -0.0004959487255,     0.07754856777,                 0,       64.83993175
          0,           0,          78,      -5.030878289,      -5.495911041,      -5.484891902,      -4.478407204,             0.448,    0.001138001626,      0.0775258944,                 0,                 0,                 0,    -0.03391823375,  -0.0005534876608,     0.07753227071,                 0,       68.12459017
          0,           0,          79,      -5.051902786,      -5.515632453,      -5.507664103,      -4.499439377,             0.448,    0.001090196996,     0.07752426327,                 0,                 0,                 0,    -0.03392796535,  -0.0006012453323,     0.07752959712,                 0,       71.11032555
          0,           0,          80,      -5.072570959,      -5.537849845,      -5.528794308,       -4.52014753,             0.448,    0.001052528706,     0.07753977284,                 0,                 0,                 0,    -0.03392121243,  -0.0006392429973,     0.07754428127,                 0,        73.6699839
          0,           0,          81,      -5.092740292,      -5.562475671,      -5.548911258,      -4.540372415,             0.448,    0.001024601001,     0.07757455748,                 0,                 0,                 0,    -0.03389965355,  -0.0006679228797,     0.07757844839,                 0,       75.71196732
          0,           0,          82,      -5.112355226,      -5.589383225,       -5.56848013,      -4.560081812,             0.448,    0.001005804157,     0.07762932366,                 0,                 0,                 0,    -0.03386557136,  -0.0006879099686,     0.07763279148,                 0,       77.18135102
          0,           0,          83,      -5.131464832,      -5.618275076,      -5.587838598,      -4.579365087,             0.448,   0.0009951455855,     0.07770451538,                 0,                 0,                 0,    -0.03382072347,  -0.0007002063019,      0.0777077328,                 0,       78.08356537
          0,           0,          84,      -5.150141888,      -5.648694694,      -5.607227863,       -4.59830918,             0.448,   0.0009914640702,     0.07779946401,                 0,                 0,                 0,    -0.03376716907,  -0.0007059582346,     0.07780257852,                 0,       78.46927221
          0,           0,          85,      -5.168537291,      -5.680166995,      -5.626908511,      -4.617064603,             0.448,   0.0009935236681,     0.07791290057,                 0,                 0,                 0,    -0.03370689619,  -0.0007063737322,     0.07791603301,                 0,       78.42077956
          0,           0,          86,      -5.186757445,      -5.712158965,      -5.647056854,      -4.635721686,             0.448,   0.0009999689173,     0.07804387605,                 0,                 0,                 0,    -0.03364165219,  -0.0007027872318,     0.07804711793,                 0,       78.04630194
          0,           0,          87,      -5.204858727,      -5.744214446,       -5.66772045,      -4.654319714,             0.448,    0.001009655109,      0.0781885518,                 0,                 0,                 0,    -0.03357426533,  -0.0006962594304,     0.07819197055,                 0,       77.44085196
          0,           0,          88,      -5.222902337,      -5.775880413,      -5.688708211,      -4.672903579,             0.448,    0.001021505191,     0.07834268041,                 0,                 0,                 0,    -0.03350734131,  -0.0006877744665,       0.078346321,                 0,       76.69337477
          0,           0,          89,      -5.240894668,      -5.806839873,      -5.709799895,      -4.691428482,             0.448,    0.001034502969,      0.0785031958,                 0,                 0,                 0,    -0.03344276982,  -0.0006782814059,     0.07850708173,                 0,       75.88494006
          0,           0,          90,      -5.258780861,      -5.836916244,      -5.731106636,      -4.709800589,             0.448,     0.00104784602,     0.07866694391,                 0,                 0,                 0,    -0.03338227731,  -0.0006685136763,     0.07867108194,                 0,       75.07490834
          0,           0,          91,      -5.276453886,      -5.866370542,      -5.752305177,      -4.727885366,             0.448,    0.001060788774,      0.0788302004,                 0,                 0,                 0,    -0.03332739653,  -0.0006591354242,     0.07883458193,                 0,       74.31281548
          0,           0,          92,      -5.293876241,      -5.895357711,      -5.772796936,       -4.74562765,             0.448,    0.001072681098,      0.0789909749,                 0,                 0,                 0,    -0.03327849088,  -0.0006507532076,      0.0789955776,                 0,       73.63882432
          0,           0,          93,      -5.311054968,      -5.923814454,       -5.79212648,      -4.763007064,             0.448,    0.001083058326,     0.07914726374,                 0,                 0,                 0,    -0.03323571902,  -0.0006437878719,     0.07915205562,                 0,       73.07756364
          0,           0,          94,      -5.327982556,      -5.951576246,      -5.810362581,      -4.779989998,             0.448,    0.001091652383,     0.07929622063,                 0,                 0,                 0,    -0.03319967954,  -0.0006384453371,     0.07930116454,                 0,       72.63870976
          0,           0,          95,      -5.344564959,      -5.978577812,       -5.82757692,      -4.796479528,             0.448,    0.001098399049,     0.07943735681,                 0,                 0,                 0,    -0.03316990467,  -0.0006347791462,     0.07944241432,                 0,       72.32103566
          0,           0,          96,      -5.360682895,      -6.004595384,      -5.844034979,      -4.812366658,             0.448,    0.001103313781,     0.07957048228,                 0,                 0,                 0,    -0.03314560845,  -0.0006327697013,     0.07957561532,                 0,       72.11953995
          0,           0,          97,      -5.376337627,      -6.029508012,      -5.860159974,      -4.827682143,             0.448,    0.001106482114,     0.07969520474,                 0,                 0,                 0,     -0.0331261895,  -0.0006323229278,     0.07970037721,                 0,       72.02575055
          0,           0,          98,      -5.391643803,      -6.053229578,      -5.876012583,      -4.842591415,             0.448,      0.0011081104,     0.07981098189,                 0,                 0,                 0,    -0.03311120389,  -0.0006332206951,     0.07981616234,                 0,        72.0243957
          0,           0,          99,      -5.406677454,      -6.075747598,      -5.891740448,      -4.857213488,             0.448,    0.001108441696,     0.07991787056,                 0,                 0,                 0,    -0.03309996373,  -0.0006352212412,      0.0799230328,                 0,       72.09930015
          0,           0,         100,      -5.421514696,       -6.09717495,      -5.907498524,      -4.871650531,             0.448,    0.001107682656,       0.080016555,                 0,                 0,                 0,    -0.03309154486,  -0.0006381328906,      0.0800216772,                 0,       72.23779713
          0,           0,         101,      -5.436264745,      -6.117806244,      -5.923458058,      -4.886034587,             0.448,    0.001106095874,      0.0801083785,                 0,                 0,                 0,    -0.03308495306,  -0.0006417224137,     0.08011344423,                 0,        72.4244438
          0,           0,         102,      -5.450990054,      -6.137904717,       -5.93952079,      -4.900443389,             0.448,    0.001103973373,     0.08019424082,                 0,                 0,                 0,    -0.03307950556,   -0.000645717487,     0.08019923981,                 0,       72.64146292
          0,           0,         103,      -5.465735275,      -6.157693958,      -5.955700906,         -4.914927,             0.448,    0.001101592236,     0.08027449762,                 0,                 0,                 0,    -0.03307482265,  -0.0006498488493,     0.08027942557,                 0,       72.87133565
          0,           0,         104,      -5.480520555,      -6.177423813,      -5.972001014,      -4.929503888,             0.448,    0.001099139275,     0.08035030927,                 0,                 0,                 0,    -0.03307030297,  -0.0006539550495,     0.08035516567,                 0,       73.10293708
          0,           0,         105,      -5.495349295,       -6.19739085,      -5.988423347,        -4.9441795,             0.448,    0.001096787138,     0.08042163892,                 0,                 0,                 0,    -0.03306585037,  -0.0006578626749,     0.08042642704,                 0,       73.32474655
          0,           0,         106,      -5.510173357,      -6.217767443,      -6.004597748,      -4.958900628,             0.448,    0.001094709937,     0.08048931495,                 0,                 0,                 0,    -0.03306112487,  -0.0006614157267,     0.08049404164,                 0,       73.52570051
          0,           0,         107,      -5.524989446,      -6.238497735,      -6.020349582,      -4.973648942,             0.448,    0.001093023883,     0.08055427236,                 0,                 0,                 0,    -0.03305584414,  -0.0006645184173,     0.08055894682,                 0,       73.69854729
          0,           0,         108,      -5.539756505,       -6.25924219,      -6.035690023,      -4.988367078,             0.448,    0.001091774936,     0.08061678635,                 0,                 0,                 0,    -0.03305010904,  -0.0006671308027,     0.08062141868,                 0,       73.84011455
          0,           0,         109,      -5.554441072,      -6.279680759,       -6.05071176,      -5.003006252,             0.448,    0.001090930843,     0.08067693161,                 0,                 0,                 0,    -0.03304405257,  -0.0006692867567,     0.08068153122,                 0,       73.95237939
          0,           0,         110,      -5.569084654,      -6.299616688,      -6.065402816,      -5.017606017,             0.448,    0.001090469201,     0.08073501037,                 0,                 0,                 0,      -0.033037745,  -0.0006710152706,     0.08073958608,                 0,       74.03694693
          0,           0,         111,        -5.5836633,      -6.318868658,      -6.079828804,      -5.032129771,             0.448,    0.001090371922,     0.08079154673,                 0,                 0,                 0,    -0.03303124514,  -0.0006723458611,     0.08079610687,                 0,        74.0954028
          0,           0,         112,      -5.598245962,      -6.337480421,      -6.094274779,      -5.046663823,             0.448,    0.001090583637,      0.0808466788,                 0,                 0,                 0,    -0.03302472045,  -0.0006733368962,     0.08085123043,                 0,       74.13157147
          0,           0,         113,      -5.612843925,      -6.355383574,      -6.108747451,      -5.061229915,             0.448,    0.001091024424,     0.08090020984,                 0,                 0,                 0,    -0.03301841433,  -0.0006740639877,     0.08090475836,                 0,       74.15068636
          0,           0,         114,      -5.627556982,      -6.372768544,      -6.123464696,      -5.075931197,             0.448,    0.001091610291,     0.08095223078,                 0,                 0,                 0,    -0.03301243954,  -0.0006746130901,      0.0809567797,                 0,       74.15854488
          0,           0,         115,      -5.642400027,      -6.389732323,        -6.1383166,      -5.090783845,             0.448,    0.001092252663,     0.08100287353,                 0,                 0,                 0,    -0.03300684447,  -0.0006750756371,     0.08100742441,                 0,       74.16129644
          0,           0,         116,      -5.657346504,      -6.406225231,      -6.153195921,      -5.105757687,             0.448,    0.001092893394,     0.08105213723,                 0,                 0,                 0,    -0.03300170245,  -0.0006755097403,     0.08105669036,                 0,       74.16289425
          0,           0,         117,      -5.672470057,      -6.422327911,      -6.168200997,      -5.120929762,             0.448,    0.001093477798,     0.08109969222,                 0,                 0,                 0,    -0.03299718991,  -0.0006759628821,     0.08110424678,                 0,       74.16674793
          0,           0,         118,      -5.687809328,       -6.43814522,      -6.183599149,      -5.136345064,             0.448,    0.001093950547,     0.08114496514,                 0,                 0,                 0,    -0.03299353934,   -0.000676477869,     0.08114951924,                 0,       74.17608167
          0,           0,         119,      -5.703333401,      -6.453768706,      -6.199392542,      -5.151971225,             0.448,    0.001094293232,     0.08118804796,                 0,                 0,                 0,    -0.03299071181,  -0.0006770751129,     0.08119259928,                 0,       74.19222345
          0,           0,         120,      -5.719018892,      -6.469131538,      -6.215389469,       -5.16778128,             0.448,    0.001094507594,     0.08122871033,                 0,                 0,                 0,    -0.03298877333,   -0.000677747846,     0.08123325665,                 0,       74.21484395
          0,           0,         121,      -5.734870183,      -6.484217611,      -6.231282199,      -5.183775446,             0.448,     0.00109460194,     0.08126667035,                 0,                 0,                 0,    -0.03298781546,  -0.0006784816163,      0.0812712097,                 0,       74.24312654
          0,           0,         122,      -5.750858666,      -6.498795574,      -6.246984196,      -5.199918612,             0.448,    0.001094571827,     0.08130178649,                 0,                 0,                 0,    -0.03298788878,  -0.0006792777763,     0.08130631682,                 0,       74.27725111
          0,           0,         123,      -5.766965275,      -6.512746782,      -6.262619836,      -5.216190168,             0.448,    0.001094410678,     0.08133388738,                 0,                 0,                 0,    -0.03298899783,  -0.0006801391647,     0.08133840656,                 0,       74.31751993
          0,           0,         124,      -5.783143375,      -6.526086531,      -6.278064198,      -5.232538307,             0.448,    0.001094133849,     0.08136273848,                 0,                 0,                 0,    -0.03299116629,   -0.000681045311,     0.08136724476,                 0,       74.36269203
          0,           0,         125,      -5.799353753,      -6.538785668,       -6.29321027,      -5.248922176,             0.448,    0.001093775508,     0.08138817018,                 0,                 0,                 0,    -0.03299435412,  -0.0006819583562,     0.08139266258,                 0,       74.41030591
          0,           0,         126,      -5.815555602,      -6.550637508,      -6.308276281,      -5.265290995,             0.448,    0.001093363787,     0.08141039426,                 0,                 0,                 0,    -0.03299846898,  -0.0006828547958,      0.0814148724,                 0,       74.45865252
          0,           0,         127,      -5.831715959,      -6.561646522,      -6.323224795,      -5.281607825,             0.448,     0.00109292404,     0.08142945377,                 0,                 0,                 0,     -0.0330034682,  -0.0006837102185,     0.08143391778,                 0,       74.50605053
          0,           0,         128,      -5.847769605,      -6.572084312,      -6.337856808,      -5.297814929,             0.448,    0.001092471719,     0.08144522666,                 0,                 0,                 0,     -0.0330093221,  -0.0006845065159,     0.08144967705,                 0,       74.55133643
          0,           0,         129,      -5.863632231,      -6.582125689,       -6.35209566,       -5.31382165,             0.448,    0.001092032612,     0.08145810036,                 0,                 0,                 0,    -0.03301582799,  -0.0006852263569,      0.0814625381,                 0,       74.59310233
          0,           0,         130,      -5.879281487,      -6.591934971,      -6.366150136,      -5.329595174,             0.448,    0.001091615473,     0.08146831344,                 0,                 0,                 0,    -0.03302285719,  -0.0006858661938,     0.08147273965,                 0,       74.63096253
          0,           0,         131,      -5.894714095,      -6.601740746,      -6.380176602,       -5.34512749,             0.448,    0.001091235621,     0.08147590242,                 0,                 0,                 0,    -0.03303035659,  -0.0006864115081,     0.08148031854,                 0,       74.66389556
          0,           0,         132,      -5.909866732,      -6.611765047,      -6.394349398,      -5.360356683,             0.448,    0.001090901436,      0.0814810374,                 0,                 0,                 0,    -0.03303816983,  -0.0006868576327,     0.08148544501,                 0,       74.69147508
          0,           0,         133,      -5.924660177,      -6.622198537,      -6.408442687,      -5.375207695,             0.448,    0.001090611269,     0.08148395955,                 0,                 0,                 0,    -0.03304613695,  -0.0006872114767,     0.08148836014,                 0,       74.71402677
          0,           0,         134,      -5.939051384,      -6.632959113,      -6.422367114,      -5.389635732,             0.448,    0.001090351822,     0.08148486932,                 0,                 0,                 0,    -0.03305413776,  -0.0006874907086,     0.08148926402,                 0,       74.73263922
          0,           0,         135,      -5.953049297,      -6.643988232,      -6.436250277,       -5.40364797,             0.448,    0.001090106711,     0.08148392007,                 0,                 0,                 0,    -0.03306207672,  -0.0006877150534,     0.08148830965,                 0,       74.74857209
          0,           0,         136,      -5.966664682,      -6.655244711,      -6.450292302,      -5.417250882,             0.448,    0.001089875707,     0.08148131101,                 0,                 0,                 0,    -0.03306988261,  -0.0006878890857,     0.08148569618,                 0,       74.76202145
          0,           0,         137,      -5.979893627,      -6.666764848,      -6.464717855,      -5.430442473,             0.448,    0.001089660499,     0.08147725355,                 0,                 0,                 0,    -0.03307748302,  -0.0006880157296,     0.08148163499,                 0,       74.77306336
          0,           0,         138,      -5.992755385,      -6.678663914,      -6.479177591,      -5.443242663,             0.448,    0.001089443738,     0.08147197583,                 0,                 0,                 0,    -0.03308478523,  -0.0006881173064,      0.0814763538,                 0,       74.78309617
          0,           0,         139,       -6.00530881,      -6.690913622,      -6.493680013,      -5.455711043,             0.448,    0.001089213022,     0.08146574982,                 0,                 0,                 0,    -0.03309169766,  -0.0006882121477,     0.08147012423,                 0,       74.79322058
          0,           0,         140,      -6.017608276,      -6.703553148,      -6.508008454,      -5.467897955,             0.448,    0.001088968987,     0.08145867331,                 0,                 0,                 0,    -0.03309819889,  -0.0006883017515,     0.08146304408,                 0,       74.80348319
          0,           0,         141,      -6.029739172,      -6.716596125,      -6.522528038,      -5.479889725,             0.448,    0.001088710293,     0.08145090039,                 0,                 0,                 0,    -0.03310425441,  -0.0006883908184,     0.08145526738,                 0,       74.81411805
          0,           0,         142,      -6.041768813,      -6.730218544,      -6.537280022,      -5.491760109,             0.448,    0.001088429176,     0.08144268785,                 0,                 0,                 0,    -0.03310981111,  -0.0006884927125,     0.08144705065,                 0,       74.82589553
          0,           0,         143,      -6.053739502,      -6.744547344,      -6.552075274,      -5.503554569,             0.448,    0.001088112586,     0.08143418975,                 0,                 0,                 0,    -0.03311485149,  -0.0006886238422,     0.08143854767,                 0,       74.83985643
          0,           0,         144,      -6.065703792,      -6.759557682,      -6.566829864,      -5.515327869,             0.448,    0.001087748339,     0.08142555176,                 0,                 0,                 0,    -0.03311936214,  -0.0006887995662,     0.08142990379,                 0,       74.85697641
          0,           0,         145,      -6.077747708,      -6.775233717,      -6.581649709,      -5.527174728,             0.448,    0.001087351608,     0.08141686678,                 0,                 0,                 0,    -0.03312335603,  -0.0006890067407,     0.08142121222,                 0,       74.87630143
          0,           0,         146,      -6.089914445,      -6.791622548,      -6.596418209,      -5.539145437,             0.448,    0.001086930852,     0.08140824262,                 0,                 0,                 0,    -0.03312682517,  -0.0006892392622,     0.08141258094,                 0,       74.89735202
          0,           0,         147,      -6.102256842,      -6.808807613,      -6.611103097,      -5.551298133,             0.448,    0.001086486558,     0.08139983879,                 0,                 0,                 0,      -0.033129754,  -0.0006895001217,     0.08140416941,                 0,       74.92024472
          0,           0,         148,       -6.11480954,      -6.826755564,      -6.625591861,      -5.563668666,             0.448,    0.001086024153,     0.08139166951,                 0,                 0,                 0,    -0.03313219162,  -0.0006897842041,     0.08139599199,                 0,       74.94462186
          0,           0,         149,      -6.127580641,      -6.845422958,      -6.640035547,       -5.57626663,             0.448,    0.001085553773,     0.08138381371,                 0,                 0,                 0,    -0.03313415992,  -0.0006900830989,      0.0813881278,                 0,       74.96985936
          0,           0,         150,      -6.140613516,      -6.864750031,      -6.654334981,      -5.589143259,             0.448,    0.001085081163,     0.08137638723,                 0,                 0,                 0,    -0.03313566442,  -0.0006903935886,     0.08138069278,                 0,       74.99566851
          0,           0,         151,      -6.153911783,      -6.884643158,      -6.668457488,      -5.602307424,             0.448,    0.001084614048,     0.08136933899,                 0,                 0,                 0,     -0.0331367635,  -0.0006907068363,     0.08137363602,                 0,       75.02146884
          0,           0,         152,      -6.167476689,      -6.904874264,      -6.682233582,      -5.615764652,             0.448,    0.001084169225,     0.08136268681,                 0,                 0,                 0,    -0.03313748776,  -0.0006910064369,     0.08136697572,                 0,        75.0461136
          0,           0,         153,      -6.181301171,      -6.925243645,      -6.695497518,      -5.629509663,             0.448,     0.00108375801,     0.08135644261,                 0,                 0,                 0,    -0.03313787062,  -0.0006912813372,     0.08136072404,                 0,       75.06882703
          0,           0,         154,        -6.1953483,      -6.945511347,      -6.708262773,      -5.643504301,             0.448,    0.001083378957,     0.08135071389,                 0,                 0,                 0,    -0.03313794167,  -0.0006915353292,     0.08135498841,                 0,       75.08980435
          0,           0,         155,      -6.209613623,      -6.965636853,       -6.72070591,      -5.657743577,             0.448,    0.001083032556,     0.08134548241,                 0,                 0,                 0,    -0.03313774008,  -0.0006917675235,     0.08134975062,                 0,       75.10899093
          0,           0,         156,      -6.224078218,      -6.985278466,      -6.733039353,      -5.672213721,             0.448,    0.001082725828,     0.08134071773,                 0,                 0,                 0,    -0.03313728955,  -0.0006919702371,     0.08134498038,                 0,       75.12586807
          0,           0,         157,      -6.238655641,      -7.003850684,      -6.745128012,       -5.68683087,             0.448,    0.001082464105,     0.08133648174,                 0,                 0,                 0,    -0.03313659786,  -0.0006921394906,     0.08134073969,                 0,       75.14011909
          0,           0,         158,      -6.253307407,      -7.021064613,      -6.756841801,      -5.701557558,             0.448,    0.001082250141,     0.08133273077,                 0,                 0,                 0,    -0.03313572371,  -0.0006922715765,     0.08133698495,                 0,       75.15150859
          0,           0,         159,      -6.267982532,       -7.03671699,      -6.768214268,      -5.716336738,             0.448,    0.001082085745,     0.08132942262,                 0,                 0,                 0,    -0.03313470976,  -0.0006923637661,     0.08133367399,                 0,       75.15986877
          0,           0,         160,       -6.28260313,       -7.05062064,      -6.779542019,      -5.731084796,             0.448,    0.001081968009,     0.08132652652,                 0,                 0,                 0,    -0.03313357777,  -0.0006924182959,     0.08133077601,                 0,        75.1653707
          0,           0,         161,      -6.297131102,      -7.062725669,      -6.790964431,      -5.745764085,             0.448,    0.001081888774,     0.08132404592,                 0,                 0,                 0,    -0.03313234626,  -0.0006924433987,     0.08132829428,                 0,       75.16858284
          0,           0,         162,      -6.311511745,      -7.073128014,      -6.802303468,      -5.760316226,             0.448,    0.001081848816,     0.08132194573,                 0,                 0,                 0,    -0.03313104793,   -0.000692437532,     0.08132619372,                 0,        75.1694179
          0,           0,         163,      -6.325686454,      -7.081973032,      -6.813722946,      -5.774676586,             0.448,    0.001081850508,     0.08132020671,                 0,                 0,                 0,     -0.0331297036,  -0.0006923979032,     0.08132445515,                 0,       75.16769285
          0,           0,         164,      -6.339586427,      -7.089458755,      -6.825327514,      -5.788767919,             0.448,    0.001081886584,     0.08131883548,                 0,                 0,                 0,    -0.03312832421,  -0.0006923319226,     0.08132308503,                 0,        75.1639189
          0,           0,         165,      -6.353187541,      -7.095924959,       -6.83737726,      -5.802568978,             0.448,    0.001081944493,     0.08131777985,                 0,                 0,                 0,    -0.03312692775,  -0.0006922509991,     0.08132203091,                 0,       75.15892024
          0,           0,         166,      -6.366479279,      -7.101803959,      -6.849687382,      -5.816065033,             0.448,    0.001082015161,      0.0813170032,                 0,                 0,                 0,    -0.03312552706,  -0.0006921634058,     0.08132125599,                 0,       75.15329374
          0,           0,         167,      -6.379468306,      -7.107444818,      -6.862170851,      -5.829255016,             0.448,    0.001082096056,     0.08131653734,                 0,                 0,                 0,    -0.03312411416,   -0.000692072367,     0.08132079201,                 0,       75.14724491
          0,           0,         168,      -6.392186891,      -7.113130996,      -6.874802998,       -5.84216664,             0.448,     0.00108218128,     0.08131637141,                 0,                 0,                 0,    -0.03312269615,  -0.0006919835439,     0.08132062798,                 0,       75.14117361
          0,           0,         169,      -6.404650597,      -7.119091488,       -6.88762546,      -5.854808676,             0.448,    0.001082269621,     0.08131648614,                 0,                 0,                 0,    -0.03312128368,   -0.000691897726,      0.0813207446,                 0,       75.13514611
          0,           0,         170,      -6.416880166,      -7.125576773,      -6.900722312,       -5.86719783,             0.448,    0.001082359523,     0.08131685526,                 0,                 0,                 0,    -0.03311988976,   -0.000691815898,      0.0813211156,                 0,       75.12924636
          0,           0,         171,      -6.428903255,      -7.132791387,      -6.913992198,      -5.879360913,             0.448,    0.001082446371,     0.08131743495,                 0,                 0,                 0,    -0.03311853015,  -0.0006917417164,     0.08132169705,                 0,       75.12375403
          0,           0,         172,      -6.440769264,       -7.14080364,      -6.927308853,      -5.891344504,             0.448,    0.001082526898,     0.08131820463,                 0,                 0,                 0,    -0.03311720831,  -0.0006916779992,      0.0813224683,                 0,       75.11887674
          0,           0,         173,      -6.452540813,      -7.149722584,      -6.940834484,      -5.903208384,             0.448,    0.001082598934,     0.08131914556,                 0,                 0,                 0,    -0.03311592455,  -0.0006916265066,     0.08132341057,                 0,       75.11474748
          0,           0,         174,      -6.464268147,      -7.159697788,      -6.954644733,      -5.915001535,             0.448,    0.001082660078,     0.08132024518,                 0,                 0,                 0,    -0.03311468165,   -0.000691589365,     0.08132451127,                 0,       75.11152097
          0,           0,         175,      -6.475987871,      -7.170805684,       -6.96870499,      -5.926761434,             0.448,    0.001082708387,      0.0813214633,                 0,                 0,                 0,    -0.03311349237,  -0.0006915676413,     0.08132573015,                 0,       75.10929471
          0,           0,         176,      -6.487722493,      -7.183064253,      -6.982994916,      -5.938509895,             0.448,    0.001082743573,     0.08132278447,                 0,                 0,                 0,     -0.0331123652,   -0.000691561285,     0.08132705177,                 0,       75.10807409
          0,           0,         177,      -6.499517223,      -7.196540413,      -6.997344554,      -5.950295363,             0.448,    0.001082767615,      0.0813241785,                 0,                 0,                 0,    -0.03311131329,  -0.0006915676587,     0.08132844599,                 0,        75.1076938
          0,           0,         178,      -6.511409348,      -7.211190011,      -7.011809941,      -5.962156637,             0.448,    0.001082779943,     0.08132562437,                 0,                 0,                 0,    -0.03311034123,   -0.000691586875,     0.08132989179,                 0,       75.10817399
          0,           0,         179,      -6.523394872,      -7.226786039,      -7.026052204,      -5.974085058,             0.448,      0.0010827822,      0.0813271192,                 0,                 0,                 0,    -0.03310944279,  -0.0006916172287,     0.08133138632,                 0,       75.10939802
          0,           0,         180,      -6.535535046,      -7.243308582,      -7.040378675,      -5.986145047,             0.448,    0.001082776141,     0.08132863394,                 0,                 0,                 0,    -0.03310862249,    -0.00069165633,     0.08133290056,                 0,       75.11121725
          0,           0,         181,      -6.547877026,      -7.260764468,      -7.054829469,      -5.998390892,             0.448,    0.001082759076,     0.08133011659,                 0,                 0,                 0,    -0.03310789153,  -0.0006917057349,     0.08133438249,                 0,       75.11377038
          0,           0,         182,        -6.5604055,      -7.279236647,      -7.069276434,      -6.010806817,             0.448,    0.001082731368,     0.08133153844,                 0,                 0,                 0,    -0.03310725547,   -0.000691764454,      0.0813358034,                 0,       75.11700583
          0,           0,         183,      -6.573113209,      -7.298649142,      -7.083499117,      -6.023390918,             0.448,    0.001082696007,     0.08133288912,                 0,                 0,                 0,    -0.03310671333,   -0.000691829271,     0.08133715298,                 0,       75.12070664
          0,           0,         184,      -6.586005156,       -7.31877171,      -7.097305938,      -6.036153741,             0.448,    0.001082654072,     0.08133416324,                 0,                 0,                 0,    -0.03310626501,  -0.0006918989911,     0.08133842588,                 0,        75.1247932
          0,           0,         185,       -6.59905998,      -7.339368805,      -7.110748913,      -6.049071357,             0.448,    0.001082608414,     0.08133531985,                 0,                 0,                 0,    -0.03310591827,  -0.0006919698697,     0.08133958122,                 0,       75.12902988
          0,           0,         186,      -6.612272181,       -7.36016011,      -7.123999704,      -6.062139971,             0.448,    0.001082559202,     0.08133634856,                 0,                 0,                 0,    -0.03310567171,  -0.0006920415111,     0.08134060861,                 0,       75.13339542
          0,           0,         187,      -6.625614319,      -7.380904486,       -7.13717876,      -6.075335308,             0.448,    0.001082507864,     0.08133722304,                 0,                 0,                 0,    -0.03310552885,  -0.0006921119133,     0.08134148177,                 0,       75.13776643
          0,           0,         188,      -6.639031546,       -7.40143924,      -7.150092297,       -6.08860732,             0.448,    0.001082453446,     0.08133794307,                 0,                 0,                 0,    -0.03310548258,  -0.0006921820253,     0.08134220044,                 0,       75.14220898
          0,           0,         189,      -6.652488537,      -7.421483062,      -7.162529478,       -6.10192283,             0.448,    0.001082395729,     0.08133848065,                 0,                 0,                 0,    -0.03310553402,  -0.0006922514559,     0.08134273663,                 0,       75.14671247
          0,           0,         190,      -6.665975885,      -7.440668325,      -7.174577811,      -6.115274527,             0.448,    0.001082335131,     0.08133881677,                 0,                 0,                 0,      -0.033105682,  -0.0006923193717,     0.08134307135,                 0,       75.15123034
          0,           0,         191,      -6.679477038,      -7.458652051,      -7.186417843,      -6.128646708,             0.448,    0.001082272553,     0.08133896866,                 0,                 0,                 0,    -0.03310591463,  -0.0006923852483,     0.08134322184,                 0,         75.155716
          0,           0,         192,      -6.692970407,      -7.475186789,      -7.198161264,      -6.142019944,             0.448,    0.001082208457,     0.08133893848,                 0,                 0,                 0,    -0.03310622617,  -0.0006924486709,     0.08134319027,                 0,       75.16013938
          0,           0,         193,      -6.706439248,      -7.490125232,      -7.209823268,      -6.155378847,             0.448,    0.001082142517,     0.08133870755,                 0,                 0,                 0,    -0.03310661569,  -0.0006925095575,     0.08134295796,                 0,       75.16450584
          0,           0,         194,      -6.719871495,      -7.503408521,      -7.221396427,      -6.168712925,             0.448,    0.001082075572,     0.08133827144,                 0,                 0,                 0,    -0.03310707683,  -0.0006925669728,     0.08134252049,                 0,       75.16875302
          0,           0,         195,      -6.733244075,       -7.51508123,      -7.232893769,      -6.182000456,             0.448,    0.001082008362,     0.08133762904,                 0,                 0,                 0,    -0.03310760496,  -0.0006926201536,     0.08134187677,                 0,       75.17282854
          0,           0,         196,      -6.746531627,      -7.525293228,      -7.244359008,      -6.195217682,             0.448,    0.001081940855,     0.08133677786,                 0,                 0,                 0,    -0.03310819893,  -0.0006926690753,     0.08134102433,                 0,       75.17673212
          0,           0,         197,      -6.759726905,       -7.53424052,       -7.25581734,      -6.208359332,             0.448,    0.001081873581,     0.08133572297,                 0,                 0,                 0,    -0.03310884966,  -0.0006927133213,     0.08133996822,                 0,       75.18043179
          0,           0,         198,      -6.772859165,      -7.542132717,      -7.267153435,      -6.221453933,             0.448,    0.001081805859,     0.08133446469,                 0,                 0,                 0,    -0.03310954677,  -0.0006927535781,     0.08133870876,                 0,       75.18397503
          0,           0,         199,      -6.785930821,      -7.549207745,      -7.278681046,      -6.234495976,             0.448,    0.001081737458,     0.08133302971,                 0,                 0,                 0,    -0.03311027939,  -0.0006927906585,     0.08133727263,                 0,       75.18740253
          0,           0,         200,      -6.798959417,      -7.555827811,       -7.29055315,      -6.247505219,             0.448,    0.001081669175,     0.08133142565,                 0,                 0,                 0,    -0.03311104143,  -0.0006928239335,     0.08133566746,                 0,       75.19066601
          0,           0,         201,      -6.811969728,       -7.56236449,      -7.302776473,      -6.260508095,             0.448,    0.001081601434,     0.08132965639,                 0,                 0,                 0,    -0.03311182631,  -0.0006928530615,     0.08133389714,                 0,        75.1937394
          0,           0,         202,      -6.824981954,      -7.569034102,       -7.31533084,        -6.2735251,             0.448,    0.001081534691,      0.0813277361,                 0,                 0,                 0,    -0.03311262648,  -0.0006928778984,     0.08133197585,                 0,       75.19660423
          0,           0,         203,        -6.8380225,      -7.576048631,      -7.328230649,      -6.286581901,             0.448,    0.001081469561,       0.081325677,                 0,                 0,                 0,    -0.03311343516,  -0.0006928980934,     0.08132991582,                 0,       75.19922883
          0,           0,         204,      -6.851126445,      -7.583595403,      -7.341565181,      -6.299711415,             0.448,    0.001081406687,     0.08132349255,                 0,                 0,                 0,    -0.03311424562,   -0.000692913299,     0.08132773053,                 0,       75.20158098
          0,           0,         205,      -6.864338831,      -7.591870349,      -7.355267746,      -6.312957833,             0.448,      0.0010813463,     0.08132120545,                 0,                 0,                 0,    -0.03311504894,  -0.0006929237788,     0.08132544265,                 0,       75.20366551
          0,           0,         206,      -6.877650865,      -7.601056527,      -7.369437141,      -6.326306176,             0.448,    0.001081287766,     0.08131883272,                 0,                 0,                 0,    -0.03311583786,  -0.0006929305384,      0.0813230692,                 0,       75.20554222
          0,           0,         207,      -6.891074306,      -7.611263501,      -7.383955372,      -6.339770136,             0.448,    0.001081231454,     0.08131638367,                 0,                 0,                 0,    -0.03311660815,  -0.0006929334105,     0.08132061951,                 0,       75.20719392
          0,           0,         208,      -6.904624615,        -7.6225279,      -7.398755717,      -6.353364888,             0.448,    0.001081178236,     0.08131387157,                 0,                 0,                 0,    -0.03311735483,  -0.0006929318155,     0.08131810684,                 0,       75.20857236
          0,           0,         209,      -6.918319022,      -7.634832224,        -7.4138338,      -6.367106199,             0.448,    0.001081128221,     0.08131132049,                 0,                 0,                 0,    -0.03311807182,  -0.0006929261672,     0.08131555529,                 0,       75.20969201
          0,           0,         210,      -6.932172338,      -7.648179018,      -7.429182622,      -6.381008417,             0.448,    0.001081081327,      0.0813087479,                 0,                 0,                 0,    -0.03311875482,   -0.000692916929,     0.08131298228,                 0,       75.21057471
          0,           0,         211,      -6.946190032,      -7.662578546,       -7.44475823,       -6.39507654,             0.448,    0.001081037868,     0.08130616984,                 0,                 0,                 0,    -0.03311939901,  -0.0006929041379,     0.08131040389,                 0,       75.21121348
          0,           0,         212,      -6.960364515,      -7.677998202,      -7.460493395,      -6.409301039,             0.448,    0.001080998471,     0.08130361014,                 0,                 0,                 0,    -0.03311999887,  -0.0006928876857,     0.08130784394,                 0,       75.21158663
          0,           0,         213,      -6.974698606,      -7.694390458,      -7.476366821,      -6.423686443,             0.448,    0.001080963604,     0.08130108575,                 0,                 0,                 0,    -0.03312055261,  -0.0006928674754,     0.08130531939,                 0,       75.21167733
          0,           0,         214,      -6.989186113,      -7.711694954,      -7.492332715,      -6.438227004,             0.448,    0.001080933256,     0.08129860615,                 0,                 0,                 0,    -0.03312106028,  -0.0006928437239,     0.08130283972,                 0,         75.211495
          0,           0,         215,      -7.003802479,      -7.729807356,      -7.508316399,      -6.452898244,             0.448,    0.001080907734,     0.08129617913,                 0,                 0,                 0,    -0.03312152201,  -0.0006928162938,     0.08130041271,                 0,       75.21102546
          0,           0,         216,      -7.018527084,      -7.748529855,      -7.524226556,      -6.467680445,             0.448,    0.001080887078,     0.08129381966,                 0,                 0,                 0,    -0.03312193607,  -0.0006927854742,     0.08129805336,                 0,       75.21027992
          0,           0,         217,      -7.033335584,      -7.767659113,      -7.540002371,      -6.482549044,             0.448,    0.001080871025,     0.08129154359,                 0,                 0,                 0,    -0.03312230133,  -0.0006927518704,     0.08129577748,                 0,       75.20929111
          0,           0,         218,      -7.048185785,      -7.787012067,      -7.555573679,       -6.49746128,             0.448,    0.001080859303,     0.08128936064,                 0,                 0,                 0,     -0.0331226187,  -0.0006927159693,     0.08129359479,                 0,       75.20808715
          0,           0,         219,       -7.06303768,      -7.806398641,      -7.570863046,      -6.512377733,             0.448,    0.001080852101,     0.08128727121,                 0,                 0,                 0,    -0.03312289113,  -0.0006926775883,     0.08129150571,                 0,        75.2066551
          0,           0,         220,      -7.077860061,      -7.825590356,       -7.58581468,      -6.527267107,             0.448,    0.001080849366,     0.08128527932,                 0,                 0,                 0,    -0.03312312096,  -0.0006926368699,     0.08128951423,                 0,       75.20500252
          0,           0,         221,      -7.092606043,      -7.844317545,      -7.600374026,      -6.542080682,             0.448,    0.001080850736,     0.08128339608,                 0,                 0,                 0,    -0.03312330852,  -0.0006925944182,     0.08128763147,                 0,       75.20316487
          0,           0,         222,      -7.107224581,      -7.862324549,       -7.61450119,      -6.556766931,             0.448,    0.001080856207,     0.08128162281,                 0,                 0,                 0,     -0.0331234567,  -0.0006925502648,     0.08128585874,                 0,        75.2011436
          0,           0,         223,      -7.121685022,      -7.879347671,      -7.628156881,      -6.571295644,             0.448,    0.001080865725,     0.08127995769,                 0,                 0,                 0,    -0.03312356893,  -0.0006925044249,     0.08128419422,                 0,       75.19894085
          0,           0,         224,      -7.135947135,      -7.895189833,      -7.641321426,      -6.585624061,             0.448,    0.001080878919,     0.08127840011,                 0,                 0,                 0,    -0.03312364838,  -0.0006924572556,     0.08128263731,                 0,       75.19658189
          0,           0,         225,      -7.149975772,      -7.909748653,       -7.65399499,      -6.599715758,             0.448,     0.00108089546,     0.08127694361,                 0,                 0,                 0,    -0.03312369911,  -0.0006924089442,     0.08128118151,                 0,       75.19408359
          0,           0,         226,      -7.163744347,      -7.922994219,      -7.666209583,      -6.613543107,             0.448,    0.001080915254,     0.08127558983,                 0,                 0,                 0,    -0.03312372347,  -0.0006923596225,     0.08127982848,                 0,       75.19145419
          0,           0,         227,      -7.177230928,      -7.934985414,      -7.678017257,      -6.627083198,             0.448,    0.001080938007,     0.08127433926,                 0,                 0,                 0,    -0.03312372429,  -0.0006923095944,     0.08127857871,                 0,       75.18871457
          0,           0,         228,       -7.19040989,      -7.945839317,      -7.689455366,      -6.640309142,             0.448,    0.001080963395,     0.08127318761,                 0,                 0,                 0,    -0.03312370514,  -0.0006922590888,     0.08127742789,                 0,       75.18588322
          0,           0,         229,      -7.203300016,        -7.9556928,      -7.700515595,      -6.653240158,             0.448,     0.00108099114,     0.08127212873,                 0,                 0,                 0,    -0.03312366924,  -0.0006922082517,     0.08127636987,                 0,       75.18297398
          0,           0,         230,      -7.215912556,      -7.964700275,      -7.711316445,      -6.665883253,             0.448,    0.001081020711,     0.08127115929,                 0,                 0,                 0,    -0.03312361958,  -0.0006921575391,     0.08127540129,                 0,       75.18002057
          0,           0,         231,      -7.228270466,      -7.973092423,      -7.721981416,      -6.678258817,             0.448,    0.001081051911,     0.08127027936,                 0,                 0,                 0,    -0.03312355749,  -0.0006921071508,     0.08127452226,                 0,       75.17703684
          0,           0,         232,      -7.240401822,      -7.981161468,      -7.732601801,      -6.690394098,             0.448,    0.001081084385,     0.08126948535,                 0,                 0,                 0,    -0.03312348506,  -0.0006920573633,     0.08127372914,                 0,       75.17404419
          0,           0,         233,      -7.252338733,      -7.989165584,      -7.743242746,      -6.702321486,             0.448,    0.001081117798,     0.08126877208,                 0,                 0,                 0,    -0.03312340471,  -0.0006920083985,     0.08127301678,                 0,       75.17106112
          0,           0,         234,      -7.264121636,      -7.997320035,      -7.753965478,      -6.714081892,             0.448,    0.001081151876,     0.08126813513,                 0,                 0,                 0,    -0.03312331853,  -0.0006919604334,     0.08127238072,                 0,       75.16810257
          0,           0,         235,      -7.275797709,      -8.005824953,       -7.76483995,       -6.72572277,             0.448,    0.001081186229,     0.08126756921,                 0,                 0,                 0,    -0.03312322873,  -0.0006919137434,     0.08127181568,                 0,       75.16519082
          0,           0,         236,      -7.287416879,      -8.014867434,      -7.775936737,      -6.737294415,             0.448,     0.00108122051,     0.08126706907,                 0,                 0,                 0,    -0.03312313719,  -0.0006918685602,     0.08127131641,                 0,       75.16234508
          0,           0,         237,      -7.299028778,       -8.02461624,      -7.787311889,      -6.748847395,             0.448,    0.001081254515,     0.08126662994,                 0,                 0,                 0,    -0.03312304514,  -0.0006918249836,     0.08127087812,                 0,       75.15957512
          0,           0,         238,      -7.310684588,      -8.035209015,      -7.798995511,      -6.760434129,             0.448,    0.001081288012,     0.08126624775,                 0,                 0,                 0,    -0.03312295375,  -0.0006917831574,     0.08127049676,                 0,       75.15689332
          0,           0,         239,      -7.322432351,      -8.046738496,      -7.811024419,      -6.772104227,             0.448,    0.001081320646,     0.08126591736,                 0,                 0,                 0,    -0.03312286451,  -0.0006917433233,     0.08127016716,                 0,       75.15431953
          0,           0,         240,      -7.334316535,      -8.059274095,      -7.823433162,      -6.783903977,             0.448,    0.001081352094,     0.08126563321,                 0,                 0,                 0,    -0.03312277873,  -0.0006917056838,     0.08126988376,                 0,        75.1518711
          0,           0,         241,      -7.346375622,      -8.072859176,      -7.836246212,      -6.795873189,             0.448,    0.001081382233,     0.08126539134,                 0,                 0,                 0,    -0.03312269702,  -0.0006916702764,      0.0812696426,                 0,       75.14955294
          0,           0,         242,      -7.358643466,      -8.087518508,      -7.849466662,      -6.808047495,             0.448,    0.001081410903,     0.08126518741,                 0,                 0,                 0,    -0.03312262003,  -0.0006916371645,     0.08126943935,                 0,       75.14737202
          0,           0,         243,      -7.371147819,      -8.103250931,      -7.863086438,      -6.820456568,             0.448,    0.001081437901,     0.08126501701,                 0,                 0,                 0,    -0.03312254847,  -0.0006916064553,     0.08126926958,                 0,       75.14533838
          0,           0,         244,      -7.383910556,      -8.120025073,      -7.877089744,      -6.833124073,             0.448,    0.001081463071,     0.08126487591,                 0,                 0,                 0,    -0.03312248284,  -0.0006915782131,     0.08126912907,                 0,       75.14345897
          0,           0,         245,      -7.396947145,      -8.137785265,      -7.891453244,      -6.846067171,             0.448,    0.001081486299,     0.08126475999,                 0,                 0,                 0,    -0.03312242351,  -0.0006915524621,     0.08126901368,                 0,       75.14173788
          0,           0,         246,      -7.410265874,      -8.156446547,      -7.906146795,      -6.859295769,             0.448,    0.001081507479,     0.08126466541,                 0,                 0,                 0,    -0.03312237077,  -0.0006915292242,     0.08126891958,                 0,       75.14017889
          0,           0,         247,      -7.423869196,      -8.175895481,      -7.921131712,       -6.87281396,             0.448,     0.00108152657,     0.08126458882,                 0,                 0,                 0,    -0.03312232467,  -0.0006915084662,     0.08126884342,                 0,       75.13878165
          0,           0,         248,      -7.437753348,      -8.195984574,      -7.936363664,      -6.886619556,             0.448,     0.00108154349,     0.08126452648,                 0,                 0,                 0,    -0.03312228538,  -0.0006914901901,     0.08126878147,                 0,       75.13754851
          0,           0,         249,        -7.4519082,      -8.216529502,      -7.951796904,      -6.900703782,             0.448,    0.001081558211,      0.0812644752,                 0,                 0,                 0,    -0.03312225289,   -0.000691474354,     0.08126873052,                 0,       75.13647841
          0,           0,         250,      -7.466317983,       -8.23731332,      -7.967386333,      -6.915052013,             0.448,    0.001081570783,     0.08126443254,                 0,                 0,                 0,    -0.03312222686,  -0.0006914608545,     0.08126868815,                 0,        75.1355656
          0,           0,         251,      -7.480962107,      -8.258093927,      -7.983083068,      -6.929644632,             0.448,    0.001081581232,     0.08126439606,                 0,                 0,                 0,    -0.03312220703,   -0.000691449612,      0.0812686519,                 0,       75.13480599
          0,           0,         252,      -7.495814322,      -8.278599609,      -7.998835259,      -6.944456128,             0.448,    0.001081589656,     0.08126436398,                 0,                 0,                 0,    -0.03312219292,  -0.0006914404904,     0.08126862002,                 0,       75.13419115
          0,           0,         253,      -7.510844205,      -8.298546106,      -8.014589106,      -6.959456646,             0.448,    0.001081596155,     0.08126433472,                 0,                 0,                 0,    -0.03312218401,  -0.0006914333548,      0.0812685909,                 0,       75.13371265
          0,           0,         254,      -7.526018322,      -8.317649112,      -8.030293582,      -6.974613094,             0.448,    0.001081600827,     0.08126430683,                 0,                 0,                 0,     -0.0331221798,  -0.0006914280761,     0.08126856313,                 0,       75.13336236
          0,           0,         255,       -7.54130103,       -8.33565017,       -8.04590464,      -6.989889871,             0.448,    0.001081603785,     0.08126427921,                 0,                 0,                 0,    -0.03312217973,  -0.0006914245158,     0.08126853558,                 0,       75.13313131
          0,           0,         256,      -7.556655153,      -8.352341882,       -8.06138667,      -7.005249535,             0.448,    0.001081605155,     0.08126425098,                 0,                 0,                 0,    -0.03312218321,  -0.0006914225306,     0.08126850738,                 0,       75.13301007
          0,           0,         257,      -7.572042777,      -8.367584687,      -8.076711838,      -7.020653598,             0.448,    0.001081605068,     0.08126422148,                 0,                 0,                 0,    -0.03312218962,  -0.0006914219735,     0.08126847789,                 0,        75.1329888
          0,           0,         258,      -7.587426629,      -8.381321279,      -8.091858821,      -7.036063975,             0.448,    0.001081603665,     0.08126419033,                 0,                 0,                 0,    -0.03312219835,  -0.0006914226965,     0.08126844671,                 0,       75.13305745
          0,           0,         259,      -7.602771124,       -8.39357473,       -8.10681447,      -7.051443954,             0.448,    0.001081601081,     0.08126415729,                 0,                 0,                 0,    -0.03312220878,  -0.0006914245592,     0.08126841363,                 0,        75.1332064
          0,           0,         260,      -7.618043601,      -8.404453267,      -8.121574808,      -7.066759464,             0.448,    0.001081597448,     0.08126412235,                 0,                 0,                 0,     -0.0331222203,  -0.0006914274294,     0.08126837861,                 0,       75.13342649
          0,           0,         261,      -7.633215463,      -8.414141442,       -8.13614409,       -7.08198033,             0.448,    0.001081592895,     0.08126408573,                 0,                 0,                 0,    -0.03312223227,  -0.0006914311824,     0.08126834191,                 0,        75.1337089
          0,           0,         262,      -7.648262707,      -8.422877038,      -8.150534557,      -7.097080806,             0.448,    0.001081587569,     0.08126404771,                 0,                 0,                 0,    -0.03312224413,  -0.0006914356777,     0.08126830378,                 0,       75.13404372
          0,           0,         263,      -7.663167141,      -8.430928385,      -8.164765718,      -7.112040868,             0.448,    0.001081581608,     0.08126400873,                 0,                 0,                 0,    -0.03312225534,  -0.0006914407865,     0.08126826467,                 0,       75.13442175
          0,           0,         264,       -7.67791657,      -8.438574951,      -8.178862931,      -7.126846446,             0.448,    0.001081575141,     0.08126396934,                 0,                 0,                 0,    -0.03312226535,  -0.0006914463929,     0.08126822515,                 0,       75.13483459
          0,           0,         265,      -7.692504911,       -8.44609094,      -8.192855647,      -7.141489645,             0.448,    0.001081568293,     0.08126393019,                 0,                 0,                 0,    -0.03312227369,  -0.0006914523856,     0.08126818586,                 0,       75.13527414
          0,           0,         266,      -7.706932501,      -8.453732696,      -8.206775301,      -7.155969154,             0.448,    0.001081561169,     0.08126389195,                 0,                 0,                 0,    -0.03312227994,  -0.0006914586732,     0.08126814747,                 0,       75.13573365
          0,           0,         267,      -7.721205817,      -8.461729905,      -8.220653991,      -7.170290001,             0.448,    0.001081553855,     0.08126385521,                 0,                 0,                 0,    -0.03312228378,  -0.0006914651843,     0.08126811059,                 0,       75.13620781
          0,           0,         268,      -7.735336604,      -8.470281466,       -8.23452353,      -7.184462662,             0.448,    0.001081546472,       0.081263821,                 0,                 0,                 0,    -0.03312228479,  -0.0006914718197,     0.08126807622,                 0,       75.13668911
          0,           0,         269,      -7.749341102,      -8.479556057,      -8.248411504,      -7.198502415,             0.448,    0.001081539119,     0.08126379024,                 0,                 0,                 0,    -0.03312228262,  -0.0006914784992,     0.08126804531,                 0,       75.13717145
          0,           0,         270,      -7.763238571,      -8.489688805,      -8.262339344,      -7.212427966,             0.448,    0.001081531881,     0.08126376372,                 0,                 0,                 0,    -0.03312227704,   -0.000691485157,     0.08126801864,                 0,       75.13764977
          0,           0,         271,      -7.777050976,      -8.500782778,       -8.27632403,      -7.226261051,             0.448,    0.001081524839,     0.08126374234,                 0,                 0,                 0,    -0.03312226783,  -0.0006914917309,     0.08126799711,                 0,       75.13811924
          0,           0,         272,      -7.790802345,      -8.512915276,      -8.290379468,      -7.240025744,             0.448,    0.001081518057,     0.08126372695,                 0,                 0,                 0,    -0.03312225486,  -0.0006914981763,     0.08126798157,                 0,       75.13857624
          0,           0,         273,      -7.804516714,      -8.526139601,      -8.304515029,       -7.25374641,             0.448,    0.001081511586,     0.08126371827,                 0,                 0,                 0,    -0.03312223807,  -0.0006915044563,     0.08126797276,                 0,       75.13901778
          0,           0,         274,      -7.818216895,      -8.540483028,       -8.31873129,      -7.267446528,             0.448,    0.001081505477,       0.081263717,                 0,                 0,                 0,    -0.03312221743,  -0.0006915105363,     0.08126797135,                 0,       75.13944105
          0,           0,         275,      -7.831923831,      -8.555948446,      -8.333019167,      -7.281147957,             0.448,    0.001081499769,     0.08126372374,                 0,                 0,                 0,    -0.03312219297,  -0.0006915163891,     0.08126797796,                 0,       75.13984379
          0,           0,         276,      -7.845655653,      -8.572515769,      -8.347361886,      -7.294869899,             0.448,    0.001081494491,     0.08126373894,                 0,                 0,                 0,    -0.03312216479,  -0.0006915219983,     0.08126799305,                 0,       75.14022461
          0,           0,         277,      -7.859428465,      -8.590140366,      -8.361736693,      -7.308629859,             0.448,    0.001081489679,      0.0812637632,                 0,                 0,                 0,    -0.03312213297,  -0.0006915273384,      0.0812680172,                 0,       75.14058138
          0,           0,         278,      -7.873254035,      -8.608755781,        -8.3761196,       -7.32244097,             0.448,    0.001081485351,     0.08126379684,                 0,                 0,                 0,    -0.03312209768,  -0.0006915323992,     0.08126805073,                 0,       75.14091319
          0,           0,         279,      -7.887140055,      -8.628271162,      -8.390482193,      -7.336312313,             0.448,    0.001081481506,     0.08126383996,                 0,                 0,                 0,    -0.03312205918,  -0.0006915371837,     0.08126809377,                 0,       75.14122019
          0,           0,         280,      -7.901088076,      -8.648563339,      -8.404791192,      -7.350246734,             0.448,    0.001081478151,     0.08126389269,                 0,                 0,                 0,     -0.0331220177,  -0.0006915416883,      0.0812681464,                 0,       75.14150206
          0,           0,         281,      -7.915096912,      -8.669472635,      -8.419010914,      -7.364244616,             0.448,     0.00108147529,     0.08126395508,                 0,                 0,                 0,    -0.03312197351,  -0.0006915459091,     0.08126820871,                 0,        75.1417585
          0,           0,         282,      -7.929161307,      -8.690812455,      -8.433108748,      -7.378301984,             0.448,    0.001081472918,     0.08126402705,                 0,                 0,                 0,    -0.03312192691,  -0.0006915498509,     0.08126828062,                 0,       75.14198988
          0,           0,         283,      -7.943272002,      -8.712368252,      -8.447054719,      -7.392410651,             0.448,    0.001081471023,     0.08126410843,                 0,                 0,                 0,    -0.03312187822,  -0.0006915535202,     0.08126836194,                 0,       75.14219675
          0,           0,         284,      -7.957416066,      -8.733896164,      -8.460821815,      -7.406558639,             0.448,    0.001081469594,     0.08126419895,                 0,                 0,                 0,    -0.03312182778,  -0.0006915569241,      0.0812684524,                 0,       75.14237978
          0,           0,         285,      -7.971577846,      -8.755128686,      -8.474387893,       -7.42073106,             0.448,    0.001081468611,     0.08126429825,                 0,                 0,                 0,    -0.03312177594,  -0.0006915600728,     0.08126855167,                 0,       75.14253988
          0,           0,         286,      -7.985739649,      -8.775786568,      -8.487738157,      -7.434910684,             0.448,    0.001081468054,     0.08126440592,                 0,                 0,                 0,    -0.03312172306,  -0.0006915629786,      0.0812686593,                 0,       75.14267816
          0,           0,         287,      -7.999882401,      -8.795594771,       -8.50086692,      -7.449078591,             0.448,    0.001081467898,     0.08126452145,                 0,                 0,                 0,     -0.0331216695,  -0.0006915656549,      0.0812687748,                 0,       75.14279582
          0,           0,         288,      -8.013986466,       -8.81430143,      -8.513778189,      -7.463215003,             0.448,    0.001081468117,     0.08126464429,                 0,                 0,                 0,    -0.03312161563,   -0.000691568116,      0.0812688976,                 0,       75.14289421
          0,           0,         289,      -8.028032543,      -8.831698143,      -8.526485453,      -7.477300165,             0.448,    0.001081468681,      0.0812647738,                 0,                 0,                 0,    -0.03312156181,  -0.0006915703774,      0.0812690271,                 0,       75.14297479
          0,           0,         290,      -8.042002544,      -8.847639078,      -8.539011245,       -7.49131523,             0.448,    0.001081469559,     0.08126490931,                 0,                 0,                 0,     -0.0331215084,  -0.0006915724556,      0.0812691626,                 0,       75.14303907
          0,           0,         291,      -8.055880427,      -8.862055624,      -8.551386605,      -7.505243112,             0.448,    0.001081470719,     0.08126505011,                 0,                 0,                 0,    -0.03312145575,  -0.0006915743669,     0.08126930339,                 0,       75.14308863
          0,           0,         292,      -8.069652926,      -8.874963351,      -8.563650235,      -7.519069263,             0.448,    0.001081472128,     0.08126519543,                 0,                 0,                 0,    -0.03312140421,  -0.0006915761283,     0.08126944871,                 0,       75.14312509
          0,           0,         293,      -8.083310165,      -8.886459581,      -8.575847201,       -7.53278233,             0.448,    0.001081473752,     0.08126534447,                 0,                 0,                 0,    -0.03312135411,  -0.0006915777564,     0.08126959775,                 0,        75.1431501
          0,           0,         294,      -8.096846131,      -8.896712266,      -8.588027221,       -7.54637469,             0.448,    0.001081475555,     0.08126549639,                 0,                 0,                 0,    -0.03312130575,  -0.0006915792682,     0.08126974967,                 0,       75.14316531
          0,           0,         295,       -8.11025897,      -8.905942553,      -8.600242765,       -7.55984281,             0.448,    0.001081477502,     0.08126565033,                 0,                 0,                 0,    -0.03312125944,  -0.0006915806798,     0.08126990361,                 0,       75.14317237
          0,           0,         296,      -8.123551082,      -8.914404403,      -8.612547104,      -7.573187414,             0.448,    0.001081479558,     0.08126580541,                 0,                 0,                 0,    -0.03312121545,   -0.000691582007,      0.0812700587,                 0,       75.14317289
          0,           0,         297,      -8.136729012,      -8.922364503,      -8.624992441,      -7.586413428,             0.448,    0.001081481689,     0.08126596074,                 0,                 0,                 0,    -0.03312117403,   -0.000691583265,     0.08127021404,                 0,       75.14316845
          0,           0,         298,      -8.149803134,      -8.930084981,      -8.637628148,      -7.599529738,             0.448,    0.001081483861,     0.08126611542,                 0,                 0,                 0,    -0.03312113539,  -0.0006915844675,     0.08127036873,                 0,       75.14316054
          0,           0,         299,      -8.162787171,      -8.937810255,      -8.650499204,      -7.612548749,             0.448,    0.001081486043,     0.08126626859,                 0,                 0,                 0,    -0.03312109972,  -0.0006915856276,     0.08127052191,                 0,       75.14315057
          0,           0,         300,      -8.175697577,      -8.945758304,      -8.663644824,      -7.625485814,             0.448,    0.001081488204,     0.08126641939,                 0,                 0,                 0,    -0.03312106718,   -0.000691586757,     0.08127067273,                 0,       75.14313987
          0,           0,         301,      -8.188552806,      -8.954115816,      -8.677097333,      -7.638358538,             0.448,    0.001081490316,     0.08126656701,                 0,                 0,                 0,    -0.03312103789,  -0.0006915878661,     0.08127082035,                 0,       75.14312965
          0,           0,         302,      -8.201372531,      -8.963036276,      -8.690881253,      -7.651186019,             0.448,    0.001081492352,     0.08126671066,                 0,                 0,                 0,    -0.03312101194,  -0.0006915889641,     0.08127096401,                 0,         75.143121
          0,           0,         303,      -8.214176841,      -8.972640075,      -8.705012596,      -7.663988058,             0.448,    0.001081494289,     0.08126684961,                 0,                 0,                 0,    -0.03312098937,  -0.0006915900588,     0.08127110297,                 0,        75.1431149
          0,           0,         304,      -8.226985449,      -8.983015849,      -8.719498342,      -7.676784376,             0.448,    0.001081496106,     0.08126698319,                 0,                 0,                 0,    -0.03312097022,  -0.0006915911564,     0.08127123656,                 0,       75.14311217
          0,           0,         305,      -8.239816964,       -8.99422237,      -8.734336072,      -7.689593882,             0.448,    0.001081497784,      0.0812671108,                 0,                 0,                 0,    -0.03312095448,  -0.0006915922619,     0.08127136417,                 0,       75.14311353
          0,           0,         306,      -8.252688228,      -9.006290619,      -8.749513747,      -7.702433998,             0.448,    0.001081499309,     0.08126723188,                 0,                 0,                 0,    -0.03312094209,  -0.0006915933788,     0.08127148526,                 0,       75.14311954
          0,           0,         307,      -8.265613751,      -9.019225703,      -8.765009627,      -7.715320076,             0.448,    0.001081500668,     0.08126734595,                 0,                 0,                 0,      -0.033120933,  -0.0006915945092,     0.08127159934,                 0,       75.14313064
          0,           0,         308,      -8.278605253,      -9.033008502,      -8.780792339,      -7.728264919,             0.448,     0.00108150185,     0.08126745262,                 0,                 0,                 0,    -0.03312092711,  -0.0006915956541,     0.08127170601,                 0,       75.14314711
          0,           0,         309,      -8.291671316,      -9.047596983,      -8.796821138,      -7.741278398,             0.448,    0.001081502849,     0.08126755155,                 0,                 0,                 0,    -0.03312092429,  -0.0006915968129,     0.08127180493,                 0,       75.14316914
          0,           0,         310,      -8.304817153,      -9.062927325,      -8.813046376,      -7.754367189,             0.448,    0.001081503662,     0.08126764247,                 0,                 0,                 0,    -0.03312092442,  -0.0006915979842,     0.08127189585,                 0,       75.14319677
          0,           0,         311,      -8.318044499,      -9.078914931,      -8.829410272,      -7.767534627,             0.448,    0.001081504286,     0.08126772518,                 0,                 0,                 0,    -0.03312092733,  -0.0006915991647,     0.08127197855,                 0,       75.14322989
          0,           0,         312,      -8.331351646,      -9.095455399,      -8.845847979,      -7.780780701,             0.448,    0.001081504723,     0.08126779958,                 0,                 0,                 0,    -0.03312093284,  -0.0006916003511,     0.08127205295,                 0,       75.14326834
          0,           0,         313,      -8.344733439,      -9.112426312,      -8.862289105,      -7.794102001,             0.448,    0.001081504975,     0.08126786562,                 0,                 0,                 0,    -0.03312094076,  -0.0006916015396,     0.08127211898,                 0,       75.14331188
          0,           0,         314,      -8.358181645,      -9.129690038,      -8.878659622,      -7.807492054,             0.448,    0.001081505048,     0.08126792333,                 0,                 0,                 0,     -0.0331209509,  -0.0006916027252,     0.08127217667,                 0,       75.14336014
          0,           0,         315,      -8.371685258,      -9.147096768,      -8.894884236,      -7.820941582,             0.448,     0.00108150495,     0.08126797278,                 0,                 0,                 0,    -0.03312096303,  -0.0006916039021,     0.08127222611,                 0,       75.14341269
          0,           0,         316,      -8.385230904,      -9.164488718,      -8.910888881,      -7.834438866,             0.448,     0.00108150469,     0.08126801413,                 0,                 0,                 0,    -0.03312097696,  -0.0006916050645,     0.08127226744,                 0,       75.14346901
          0,           0,         317,      -8.398803332,      -9.181706023,      -8.926603583,      -7.847970189,             0.448,    0.001081504277,     0.08126804757,                 0,                 0,                 0,    -0.03312099244,  -0.0006916062061,     0.08127230086,                 0,       75.14352858
          0,           0,         318,      -8.412386001,       -9.19859408,      -8.941965517,       -7.86152038,             0.448,    0.001081503725,     0.08126807336,                 0,                 0,                 0,    -0.03312100928,  -0.0006916073208,     0.08127232664,                 0,       75.14359079
          0,           0,         319,       -8.42596172,      -9.215011891,      -8.956921933,      -7.875073414,             0.448,    0.001081503046,      0.0812680918,                 0,                 0,                 0,    -0.03312102724,  -0.0006916084024,     0.08127234506,                 0,       75.14365506
          0,           0,         320,       -8.43951335,      -9.230840847,      -8.971432676,      -7.888613096,             0.448,    0.001081502252,     0.08126810323,                 0,                 0,                 0,    -0.03312104612,  -0.0006916094448,     0.08127235647,                 0,       75.14372073
          0,           0,         321,      -8.453024345,      -9.245992089,      -8.985472171,      -7.902123546,             0.448,     0.00108150136,     0.08126810803,                 0,                 0,                 0,     -0.0331210657,  -0.0006916104418,     0.08127236125,                 0,       75.14378718
          0,           0,         322,      -8.466479431,       -9.26041271,       -8.99903053,      -7.915589861,             0.448,    0.001081500382,     0.08126810661,                 0,                 0,                 0,    -0.03312108579,  -0.0006916113881,      0.0812723598,                 0,       75.14385379
          0,           0,         323,      -8.479865251,      -9.274089938,      -9.012113853,      -7.928998756,             0.448,    0.001081499334,     0.08126809939,                 0,                 0,                 0,    -0.03312110618,  -0.0006916122788,     0.08127235256,                 0,       75.14391997
          0,           0,         324,      -8.493170836,      -9.287051385,      -9.024743593,      -7.942339019,             0.448,    0.001081498229,     0.08126808682,                 0,                 0,                 0,    -0.03312112671,  -0.0006916131094,     0.08127233997,                 0,       75.14398512
          0,           0,         325,      -8.506387999,      -9.299362049,      -9.036955049,      -7.955601912,             0.448,    0.001081497082,     0.08126806936,                 0,                 0,                 0,     -0.0331211472,  -0.0006916138754,     0.08127232249,                 0,       75.14404869
          0,           0,         326,      -8.519511631,      -9.311118945,       -9.04879523,      -7.968781485,             0.448,    0.001081495906,     0.08126804748,                 0,                 0,                 0,    -0.03312116748,  -0.0006916145731,      0.0812723006,                 0,       75.14411011
          0,           0,         327,      -8.532539851,      -9.322443857,      -9.060320238,       -7.98187475,             0.448,    0.001081494717,     0.08126802166,                 0,                 0,                 0,    -0.03312118741,  -0.0006916151993,     0.08127227476,                 0,        75.1441689
          0,           0,         328,      -8.545474025,      -9.333475042,      -9.071592433,      -7.994881738,             0.448,    0.001081493525,     0.08126799236,                 0,                 0,                 0,    -0.03312120685,  -0.0006916157511,     0.08127224544,                 0,       75.14422459
          0,           0,         329,      -8.558318647,      -9.344358947,      -9.082677547,      -8.007805425,             0.448,    0.001081492345,     0.08126796006,                 0,                 0,                 0,    -0.03312122568,  -0.0006916162265,     0.08127221311,                 0,       75.14427673
          0,           0,         330,      -8.571081091,      -9.355242599,      -9.093641917,      -8.020651532,             0.448,    0.001081491187,     0.08126792521,                 0,                 0,                 0,    -0.03312124379,  -0.0006916166238,     0.08127217825,                 0,       75.14432496
          0,           0,         331,      -8.583771225,      -9.366267079,      -9.104549972,      -8.033428201,             0.448,    0.001081490063,     0.08126788826,                 0,                 0,                 0,    -0.03312126107,  -0.0006916169419,     0.08127214129,                 0,       75.14436891
          0,           0,         332,      -8.596400943,      -9.377562386,      -9.115462079,      -8.046145575,             0.448,    0.001081488982,     0.08126784967,                 0,                 0,                 0,    -0.03312127744,  -0.0006916171803,     0.08127210268,                 0,       75.14440831
          0,           0,         333,      -8.608983607,      -9.389243829,       -9.12643281,      -8.058815296,             0.448,    0.001081487955,     0.08126780985,                 0,                 0,                 0,    -0.03312129283,   -0.000691617339,     0.08127206285,                 0,       75.14444289
          0,           0,         334,      -8.621533457,      -9.401409521,      -9.137509626,      -8.071449961,             0.448,    0.001081486988,     0.08126776922,                 0,                 0,                 0,    -0.03312130718,  -0.0006916174189,     0.08127202221,                 0,       75.14447248
          0,           0,         335,      -8.634064981,      -9.414138778,      -9.148731959,      -8.084062543,             0.448,     0.00108148609,     0.08126772817,                 0,                 0,                 0,    -0.03312132042,  -0.0006916174212,     0.08127198115,                 0,       75.14449691
          0,           0,         336,      -8.646592311,      -9.427491079,      -9.160130655,      -8.096665814,             0.448,    0.001081485267,     0.08126768708,                 0,                 0,                 0,    -0.03312133254,  -0.0006916173478,     0.08127194005,                 0,       75.14451611
          0,           0,         337,      -8.659128634,      -9.441505465,       -9.17172772,      -8.109271787,             0.448,    0.001081484524,      0.0812676463,                 0,                 0,                 0,    -0.03312134349,   -0.000691617201,     0.08127189927,                 0,       75.14453003
          0,           0,         338,      -8.671685666,      -9.456200068,      -9.183536341,      -8.121891214,             0.448,    0.001081483865,     0.08126760616,                 0,                 0,                 0,    -0.03312135328,   -0.000691616984,     0.08127185912,                 0,       75.14453869
          0,           0,         339,      -8.684273193,      -9.471571747,      -9.195561133,      -8.134533131,             0.448,    0.001081483294,     0.08126756696,                 0,                 0,                 0,    -0.03312136188,  -0.0006916167001,     0.08127181992,                 0,       75.14454215
          0,           0,         340,      -8.696898696,      -9.487595682,      -9.207798599,      -8.147204499,             0.448,    0.001081482812,     0.08126752898,                 0,                 0,                 0,    -0.03312136932,  -0.0006916163535,     0.08127178193,                 0,       75.14454052
          0,           0,         341,      -8.709567086,      -9.504225009,      -9.220237768,      -8.159909932,             0.448,     0.00108148242,     0.08126749247,                 0,                 0,                 0,     -0.0331213756,  -0.0006916159483,     0.08127174542,                 0,       75.14453395
          0,           0,         342,      -8.722280533,      -9.521390516,      -9.232861026,      -8.172651517,             0.448,     0.00108148212,     0.08126745764,                 0,                 0,                 0,    -0.03312138075,  -0.0006916154893,      0.0812717106,                 0,       75.14452265
          0,           0,         343,      -8.735038407,      -9.539000654,      -9.245645084,      -8.185428751,             0.448,    0.001081481909,      0.0812674247,                 0,                 0,                 0,    -0.03312138482,  -0.0006916149815,     0.08127167765,                 0,       75.14450685
          0,           0,         344,       -8.74783734,      -9.556941966,      -9.258562113,       -8.19823858,             0.448,    0.001081481786,     0.08126739379,                 0,                 0,                 0,    -0.03312138783,  -0.0006916144299,     0.08127164675,                 0,       75.14448679
          0,           0,         345,      -8.760671377,      -9.575080504,      -9.271580994,      -8.211075531,             0.448,    0.001081481749,     0.08126736505,                 0,                 0,                 0,    -0.03312138985,  -0.0006916138399,     0.08127161802,                 0,       75.14446279
          0,           0,         346,      -8.773532245,      -9.593264231,      -9.284668696,      -8.223931964,             0.448,    0.001081481795,     0.08126733858,                 0,                 0,                 0,    -0.03312139092,  -0.0006916132167,     0.08127159155,                 0,       75.14443513
          0,           0,         347,      -8.786409707,      -9.611327111,      -9.297791718,      -8.236798394,             0.448,     0.00108148192,     0.08126731445,                 0,                 0,                 0,    -0.03312139111,  -0.0006916125657,     0.08127156744,                 0,       75.14440416
          0,           0,         348,      -8.799292007,      -9.629094816,      -9.310917589,      -8.249663906,             0.448,    0.001081482119,     0.08126729272,                 0,                 0,                 0,    -0.03312139047,  -0.0006916118922,     0.08127154571,                 0,        75.1443702
          0,           0,         349,      -8.812166377,      -9.646392523,      -9.324016336,      -8.262516639,             0.448,    0.001081482389,      0.0812672734,                 0,                 0,                 0,    -0.03312138909,  -0.0006916112013,      0.0812715264,                 0,       75.14433361
          0,           0,         350,      -8.825019595,      -9.663054173,      -9.337061868,      -8.275344315,             0.448,    0.001081482723,      0.0812672565,                 0,                 0,                 0,    -0.03312138701,  -0.0006916104981,     0.08127150951,                 0,       75.14429474
          0,           0,         351,      -8.837838584,      -9.678932788,      -9.350033196,      -8.288134802,             0.448,    0.001081483117,     0.08126724199,                 0,                 0,                 0,    -0.03312138432,  -0.0006916097877,     0.08127149502,                 0,       75.14425395
          0,           0,         352,      -8.850611009,        -9.6939109,      -9.362915419,       -8.30087669,             0.448,    0.001081483565,     0.08126722984,                 0,                 0,                 0,    -0.03312138109,  -0.0006916090748,     0.08127148288,                 0,       75.14421159
          0,           0,         353,      -8.863325866,      -9.707909531,      -9.375700399,      -8.313559849,             0.448,    0.001081484061,     0.08126721999,                 0,                 0,                 0,    -0.03312137737,  -0.0006916083641,     0.08127147304,                 0,       75.14416802
          0,           0,         354,      -8.875974024,      -9.720894817,      -9.388387095,      -8.326175951,             0.448,    0.001081484599,     0.08126721238,                 0,                 0,                 0,    -0.03312137325,  -0.0006916076601,     0.08127146544,                 0,        75.1441236
          0,           0,         355,       -8.88854871,      -9.732880866,      -9.400981526,       -8.33871893,             0.448,    0.001081485173,     0.08126720691,                 0,                 0,                 0,    -0.03312136878,  -0.0006916069672,     0.08127145999,                 0,       75.14407867
          0,           0,         356,      -8.901045902,      -9.743928654,      -9.413496375,      -8.351185366,             0.448,    0.001081485776,      0.0812672035,                 0,                 0,                 0,    -0.03312136404,  -0.0006916062893,     0.08127145659,                 0,       75.14403358
          0,           0,         357,      -8.913464618,      -9.754140923,      -9.425950273,      -8.363574754,             0.448,    0.001081486403,     0.08126720203,                 0,                 0,                 0,    -0.03312135908,  -0.0006916056304,     0.08127145514,                 0,       75.14398866
          0,           0,         358,      -8.925807083,      -9.763654072,      -9.438366801,      -8.375889669,             0.448,    0.001081487048,      0.0812672024,                 0,                 0,                 0,    -0.03312135397,   -0.000691604994,     0.08127145553,                 0,       75.14394421
          0,           0,         359,      -8.938078771,      -9.772628168,      -9.450773297,      -8.388135807,             0.448,    0.001081487704,     0.08126720449,                 0,                 0,                 0,    -0.03312134876,  -0.0006916043834,     0.08127145763,                 0,       75.14390053
          0,           0,         360,      -8.950288307,      -9.781236588,      -9.463199524,      -8.400321892,             0.448,    0.001081488367,     0.08126720816,                 0,                 0,                 0,     -0.0331213435,  -0.0006916038014,     0.08127146131,                 0,       75.14385792
          0,           0,         361,      -8.962447257,      -9.789656179,       -9.47567629,      -8.412459471,             0.448,    0.001081489029,     0.08126721329,                 0,                 0,                 0,    -0.03312133825,  -0.0006916032509,     0.08127146646,                 0,       75.14381662
          0,           0,         362,      -8.974569787,      -9.798059072,      -9.488234079,      -8.424562592,             0.448,    0.001081489687,     0.08126721975,                 0,                 0,                 0,    -0.03312133306,  -0.0006916027341,     0.08127147292,                 0,       75.14377689
          0,           0,         363,      -8.986672239,      -9.806606145,      -9.500901745,      -8.436647394,             0.448,    0.001081490335,     0.08126722738,                 0,                 0,                 0,    -0.03312132796,  -0.0006916022529,     0.08127148057,                 0,       75.14373893
          0,           0,         364,      -8.998772623,      -9.815442734,      -9.513705318,      -8.448731622,             0.448,    0.001081490969,     0.08126723607,                 0,                 0,                 0,    -0.03312132299,   -0.000691601809,     0.08127148927,                 0,       75.14370294
          0,           0,         365,      -9.010890058,      -9.824695784,      -9.526666958,      -8.460834083,             0.448,    0.001081491583,     0.08126724567,                 0,                 0,                 0,    -0.03312131819,  -0.0006916014036,     0.08127149888,                 0,       75.14366909
          0,           0,         366,      -9.023044188,      -9.834472493,      -9.539804064,      -8.472974088,             0.448,    0.001081492176,     0.08126725604,                 0,                 0,                 0,    -0.03312131359,  -0.0006916010377,     0.08127150926,                 0,       75.14363753
          0,           0,         367,      -9.035254582,       -9.84485988,      -9.553128533,      -8.485170869,             0.448,    0.001081492742,     0.08126726705,                 0,                 0,                 0,    -0.03312130922,  -0.0006916007119,     0.08127152028,                 0,       75.14360837
          0,           0,         368,      -9.047540157,      -9.855925165,      -9.566646219,      -8.497443022,             0.448,    0.001081493279,     0.08126727858,                 0,                 0,                 0,    -0.03312130509,  -0.0006916004264,     0.08127153182,                 0,       75.14358171
          0,           0,         369,      -9.059918625,      -9.867716227,      -9.580356536,      -8.509807972,             0.448,    0.001081493784,      0.0812672905,                 0,                 0,                 0,    -0.03312130123,  -0.0006916001813,     0.08127154374,                 0,       75.14355763
          0,           0,         370,      -9.072405986,      -9.880262407,      -9.594252244,      -8.522281474,             0.448,    0.001081494255,     0.08126730268,                 0,                 0,                 0,    -0.03312129765,  -0.0006915999762,     0.08127155593,                 0,       75.14353617
          0,           0,         371,      -9.085016073,       -9.89357509,      -9.608319404,      -8.534877176,             0.448,     0.00108149469,     0.08126731502,                 0,                 0,                 0,    -0.03312129436,  -0.0006915998104,     0.08127156828,                 0,       75.14351735
          0,           0,         372,      -9.097760158,      -9.907648215,      -9.622537514,      -8.547606231,             0.448,    0.001081495088,      0.0812673274,                 0,                 0,                 0,    -0.03312129136,  -0.0006915996832,     0.08127158067,                 0,       75.14350118
          0,           0,         373,      -9.110646621,      -9.922458611,      -9.636879826,      -8.560476972,             0.448,    0.001081495446,     0.08126733973,                 0,                 0,                 0,    -0.03312128867,  -0.0006915995934,       0.081271593,                 0,       75.14348765
          0,           0,         374,      -9.123680694,      -9.937966252,       -9.65131387,      -8.573494657,             0.448,    0.001081495766,     0.08126735191,                 0,                 0,                 0,    -0.03312128628,  -0.0006915995396,     0.08127160519,                 0,       75.14347671
          0,           0,         375,      -9.136864267,       -9.95411423,      -9.665802166,      -8.586661279,             0.448,    0.001081496046,     0.08126736386,                 0,                 0,                 0,    -0.03312128419,  -0.0006915995203,     0.08127161714,                 0,        75.1434683
          0,           0,         376,      -9.150195777,      -9.970828888,      -9.680303191,      -8.599975453,             0.448,    0.001081496287,      0.0812673755,                 0,                 0,                 0,    -0.03312128239,  -0.0006915995338,     0.08127162878,                 0,       75.14346236
          0,           0,         377,      -9.163670167,      -9.988020167,      -9.694772502,      -8.613432372,             0.448,    0.001081496488,     0.08126738676,                 0,                 0,                 0,    -0.03312128087,  -0.0006915995782,     0.08127164004,                 0,       75.14345878
          0,           0,         378,      -9.177278933,      -10.00558223,      -9.709164096,      -8.627023851,             0.448,    0.001081496651,     0.08126739758,                 0,                 0,                 0,    -0.03312127963,  -0.0006915996515,     0.08127165087,                 0,       75.14345748
          0,           0,         379,      -9.191010245,      -10.02339478,      -9.723431921,      -8.640738441,             0.448,    0.001081496776,     0.08126740792,                 0,                 0,                 0,    -0.03312127864,  -0.0006915997516,     0.08127166121,                 0,       75.14345832
          0,           0,         380,       -9.20484916,      -10.04132522,      -9.737531517,      -8.654561633,             0.448,    0.001081496866,     0.08126741774,                 0,                 0,                 0,     -0.0331212779,  -0.0006915998764,     0.08127167102,                 0,       75.14346118
          0,           0,         381,      -9.218777918,      -10.05923188,      -9.751421694,      -8.668476149,             0.448,     0.00108149692,     0.08126742699,                 0,                 0,                 0,    -0.03312127739,  -0.0006916000235,     0.08127168028,                 0,       75.14346593
          0,           0,         382,      -9.232776319,      -10.07696837,      -9.765066208,      -8.682462305,             0.448,    0.001081496942,     0.08126743567,                 0,                 0,                 0,    -0.03312127709,  -0.0006916001909,     0.08127168895,                 0,       75.14347244
          0,           0,         383,      -9.246822181,      -10.09438924,      -9.778435286,      -8.696498454,             0.448,    0.001081496933,     0.08126744374,                 0,                 0,                 0,    -0.03312127698,  -0.0006916003763,     0.08127169702,                 0,       75.14348055
          0,           0,         384,      -9.260891877,      -10.11135665,      -9.791506959,      -8.710561505,             0.448,    0.001081496895,      0.0812674512,                 0,                 0,                 0,    -0.03312127705,  -0.0006916005775,     0.08127170448,                 0,       75.14349011
          0,           0,         385,      -9.274960916,      -10.12774742,      -9.804268091,      -8.724627487,             0.448,    0.001081496829,     0.08126745806,                 0,                 0,                 0,    -0.03312127727,  -0.0006916007923,     0.08127171133,                 0,       75.14350099
          0,           0,         386,      -9.289004592,      -10.14346042,      -9.816715006,       -8.73867217,             0.448,    0.001081496739,      0.0812674643,                 0,                 0,                 0,    -0.03312127763,  -0.0006916010187,     0.08127171758,                 0,       75.14351303
          0,           0,         387,      -9.302998654,      -10.15842265,      -9.828853711,      -8.752671716,             0.448,    0.001081496626,     0.08126746996,                 0,                 0,                 0,    -0.03312127811,  -0.0006916012547,     0.08127172322,                 0,       75.14352609
          0,           0,         388,      -9.316919984,       -10.1725942,      -9.840699641,      -8.766603328,             0.448,    0.001081496493,     0.08126747502,                 0,                 0,                 0,    -0.03312127868,  -0.0006916014982,     0.08127172829,                 0,       75.14354002
          0,           0,         389,      -9.330747268,      -10.18597045,         -9.852277,      -8.780445904,             0.448,    0.001081496342,     0.08126747953,                 0,                 0,                 0,    -0.03312127934,  -0.0006916017475,     0.08127173279,                 0,       75.14355468
          0,           0,         390,      -9.344461624,      -10.19858195,      -9.863617719,      -8.794180645,             0.448,    0.001081496175,     0.08126748349,                 0,                 0,                 0,    -0.03312128006,  -0.0006916020007,     0.08127173674,                 0,       75.14356993
          0,           0,         391,      -9.358047173,      -10.21049159,      -9.874760111,      -8.807791606,             0.448,    0.001081495995,     0.08126748693,                 0,                 0,                 0,    -0.03312128083,  -0.0006916022562,     0.08127174018,                 0,       75.14358565
          0,           0,         392,      -9.371491505,      -10.22178953,      -9.885747341,      -8.821266164,             0.448,    0.001081495803,     0.08126748989,                 0,                 0,                 0,    -0.03312128163,  -0.0006916025122,     0.08127174313,                 0,       75.14360169
          0,           0,         393,      -9.384786038,      -10.23258699,      -9.896625806,      -8.834595373,             0.448,    0.001081495603,     0.08126749238,                 0,                 0,                 0,    -0.03312128245,  -0.0006916027674,     0.08127174562,                 0,       75.14361796
          0,           0,         394,       -9.39792625,      -10.24300876,      -9.907443504,      -8.847774203,             0.448,    0.001081495395,     0.08126749444,                 0,                 0,                 0,    -0.03312128328,  -0.0006916030203,     0.08127174768,                 0,       75.14363431
          0,           0,         395,      -9.410911753,      -10.25318618,      -9.918248484,      -8.860801629,             0.448,    0.001081495182,     0.08126749611,                 0,                 0,                 0,    -0.03312128409,  -0.0006916032697,     0.08127174934,                 0,       75.14365065
          0,           0,         396,       -9.42374622,       -10.2632507,      -9.929087447,      -8.873680586,             0.448,    0.001081494965,     0.08126749741,                 0,                 0,                 0,    -0.03312128489,  -0.0006916035142,     0.08127175064,                 0,       75.14366688
          0,           0,         397,      -9.436437172,      -10.27332852,      -9.940004525,      -8.886417773,             0.448,    0.001081494748,     0.08126749838,                 0,                 0,                 0,    -0.03312128566,  -0.0006916037529,      0.0812717516,                 0,        75.1436829
          0,           0,         398,      -9.448995623,      -10.28353593,      -9.951040257,       -8.89902334,             0.448,     0.00108149453,     0.08126749905,                 0,                 0,                 0,    -0.03312128639,  -0.0006916039848,     0.08127175227,                 0,       75.14369861
          0,           0,         399,      -9.461435611,      -10.29397662,      -9.962230781,       -8.91151044,             0.448,    0.001081494315,     0.08126749946,                 0,                 0,                 0,    -0.03312128707,  -0.0006916042089,     0.08127175266,                 0,       75.14371395
          0,           0,         400,      -9.473773644,      -10.30473916,      -9.973607237,      -8.923894712,             0.448,    0.001081494103,     0.08126749962,                 0,                 0,                 0,    -0.03312128771,  -0.0006916044246,     0.08127175283,                 0,       75.14372884
          0,           0,         401,      -9.486028074,       -10.3158963,      -9.985195342,       -8.93619368,             0.448,    0.001081493896,     0.08126749959,                 0,                 0,                 0,    -0.03312128829,   -0.000691604631,     0.08127175279,                 0,       75.14374321
          0,           0,         402,      -9.498218448,      -10.32750374,      -9.997015151,      -8.948426131,             0.448,    0.001081493694,     0.08126749938,                 0,                 0,                 0,    -0.03312128881,  -0.0006916048278,     0.08127175257,                 0,       75.14375701
          0,           0,         403,      -9.510364847,      -10.33960037,      -10.00908096,      -8.960611475,             0.448,      0.0010814935,     0.08126749902,                 0,                 0,                 0,    -0.03312128926,  -0.0006916050143,     0.08127175221,                 0,       75.14377018
          0,           0,         404,      -9.522487256,      -10.35220817,      -10.02140134,      -8.972769118,             0.448,    0.001081493314,     0.08126749855,                 0,                 0,                 0,    -0.03312128965,  -0.0006916051902,     0.08127175174,                 0,       75.14378269
          0,           0,         405,      -9.534604968,      -10.36533239,       -10.0339793,      -8.984917889,             0.448,    0.001081493136,     0.08126749798,                 0,                 0,                 0,    -0.03312128998,  -0.0006916053554,     0.08127175117,                 0,        75.1437945
          0,           0,         406,      -9.546736059,      -10.37896227,      -10.04681254,       -8.99707551,             0.448,    0.001081492968,     0.08126749735,                 0,                 0,                 0,    -0.03312129024,  -0.0006916055095,     0.08127175053,                 0,       75.14380559
          0,           0,         407,      -9.558896935,      -10.39307117,      -10.05989375,      -9.009258141,             0.448,     0.00108149281,     0.08126749666,                 0,                 0,                 0,    -0.03312129043,  -0.0006916056525,     0.08127174984,                 0,       75.14381593
          0,           0,         408,      -9.571101965,      -10.40761724,      -10.07321108,      -9.021480007,             0.448,    0.001081492663,     0.08126749596,                 0,                 0,                 0,    -0.03312129056,  -0.0006916057843,     0.08127174913,                 0,       75.14382551
          0,           0,         409,      -9.583363199,      -10.42254432,      -10.08674861,      -9.033753111,             0.448,    0.001081492526,     0.08126749524,                 0,                 0,                 0,    -0.03312129063,  -0.0006916059052,     0.08127174841,                 0,       75.14383433
          0,           0,         410,      -9.595690177,      -10.43778281,      -10.10048689,      -9.046087027,             0.448,    0.001081492401,     0.08126749453,                 0,                 0,                 0,    -0.03312129065,  -0.0006916060151,      0.0812717477,                 0,       75.14384239
          0,           0,         411,      -9.608089823,      -10.45325122,      -10.11440357,      -9.058488789,             0.448,    0.001081492287,     0.08126749384,                 0,                 0,                 0,    -0.03312129061,  -0.0006916061144,     0.08127174701,                 0,        75.1438497
          0,           0,         412,      -9.620566424,      -10.46885803,      -10.12847406,      -9.070962848,             0.448,    0.001081492184,     0.08126749319,                 0,                 0,                 0,    -0.03312129052,  -0.0006916062032,     0.08127174636,                 0,       75.14385626
          0,           0,         413,      -9.633121681,      -10.48450423,      -10.14267224,      -9.083511116,             0.448,    0.001081492092,     0.08126749258,                 0,                 0,                 0,    -0.03312129038,   -0.000691606282,     0.08127174575,                 0,       75.14386209
          0,           0,         414,      -9.645754833,      -10.50008651,      -10.15697118,      -9.096133079,             0.448,     0.00108149201,     0.08126749203,                 0,                 0,                 0,     -0.0331212902,   -0.000691606351,     0.08127174519,                 0,       75.14386721
          0,           0,         415,      -9.658462841,       -10.5155012,      -10.17134387,      -9.108825968,             0.448,     0.00108149194,     0.08126749153,                 0,                 0,                 0,    -0.03312128999,  -0.0006916064106,     0.08127174469,                 0,       75.14387166
          0,           0,         416,      -9.671240624,      -10.53064838,      -10.18576397,      -9.121584983,             0.448,     0.00108149188,     0.08126749109,                 0,                 0,                 0,    -0.03312128974,  -0.0006916064614,     0.08127174425,                 0,       75.14387544
          0,           0,         417,      -9.684081344,       -10.5454369,      -10.20020646,      -9.134403577,             0.448,    0.001081491829,     0.08126749072,                 0,                 0,                 0,    -0.03312128947,  -0.0006916065038,     0.08127174388,                 0,       75.14387861
          0,           0,         418,      -9.696976728,      -10.55978892,      -10.21464826,      -9.147273767,             0.448,    0.001081491788,     0.08126749042,                 0,                 0,                 0,    -0.03312128918,  -0.0006916065382,     0.08127174358,                 0,       75.14388118
          0,           0,         419,      -9.709917415,       -10.5736444,      -10.22906875,      -9.160186472,             0.448,    0.001081491756,     0.08126749019,                 0,                 0,                 0,    -0.03312128888,  -0.0006916065652,     0.08127174334,                 0,       75.14388319
          0,           0,         420,      -9.722893324,      -10.58696441,      -10.24345018,      -9.173131889,             0.448,    0.001081491732,     0.08126749002,                 0,                 0,                 0,    -0.03312128856,  -0.0006916065853,     0.08127174317,                 0,       75.14388469
          0,           0,         421,      -9.735894029,       -10.5997336,      -10.25777792,      -9.186099858,             0.448,    0.001081491716,     0.08126748991,                 0,                 0,                 0,    -0.03312128824,   -0.000691606599,     0.08127174306,                 0,       75.14388571
          0,           0,         422,       -9.74890913,      -10.61196113,      -10.27204061,      -9.199080237,             0.448,    0.001081491707,     0.08126748986,                 0,                 0,                 0,    -0.03312128792,  -0.0006916066068,     0.08127174301,                 0,       75.14388628
          0,           0,         423,      -9.761928613,      -10.62367967,      -10.28623011,      -9.212063265,             0.448,    0.001081491705,     0.08126748986,                 0,                 0,                 0,    -0.03312128761,  -0.0006916066093,     0.08127174302,                 0,       75.14388645
          0,           0,         424,      -9.774943176,      -10.63494342,      -10.30034136,      -9.225039888,             0.448,    0.001081491708,     0.08126748991,                 0,                 0,                 0,     -0.0331212873,  -0.0006916066069,     0.08127174307,                 0,       75.14388625
          0,           0,         425,       -9.78794453,      -10.64582457,      -10.31437205,      -9.238002066,             0.448,    0.001081491717,        0.08126749,                 0,                 0,                 0,    -0.03312128701,  -0.0006916066001,     0.08127174316,                 0,       75.14388573
          0,           0,         426,      -9.800925634,      -10.65640921,      -10.32832218,      -9.250943018,             0.448,    0.001081491731,     0.08126749013,                 0,                 0,                 0,    -0.03312128674,  -0.0006916065894,     0.08127174329,                 0,       75.14388491
          0,           0,         427,      -9.813880882,      -10.66679268,      -10.34219363,      -9.263857411,             0.448,    0.001081491748,     0.08126749029,                 0,                 0,                 0,    -0.03312128649,  -0.0006916065753,     0.08127174344,                 0,       75.14388384
          0,           0,         428,      -9.826806237,      -10.67707488,      -10.35598951,      -9.276741496,             0.448,    0.001081491769,     0.08126749046,                 0,                 0,                 0,    -0.03312128626,  -0.0006916065582,     0.08127174362,                 0,       75.14388255
          0,           0,         429,      -9.839699267,      -10.68735614,      -10.36971361,      -9.289593166,             0.448,    0.001081491793,     0.08126749065,                 0,                 0,                 0,    -0.03312128606,  -0.0006916065386,     0.08127174381,                 0,       75.14388107
          0,           0,         430,      -9.852559145,      -10.69773345,       -10.3833698,      -9.302411947,             0.448,    0.001081491819,     0.08126749084,                 0,                 0,                 0,    -0.03312128588,  -0.0006916065167,       0.081271744,                 0,       75.14387943
          0,           0,         431,      -9.865386554,      -10.70829736,      -10.39696146,      -9.315198918,             0.448,    0.001081491847,     0.08126749103,                 0,                 0,                 0,    -0.03312128574,   -0.000691606493,     0.08127174419,                 0,       75.14387767
          0,           0,         432,      -9.878183551,      -10.71913002,      -10.41049097,      -9.327956572,             0.448,    0.001081491876,     0.08126749121,                 0,                 0,                 0,    -0.03312128563,  -0.0006916064678,     0.08127174437,                 0,       75.14387581
          0,           0,         433,      -9.890953356,      -10.73030299,      -10.42395932,      -9.340688616,             0.448,    0.001081491906,     0.08126749137,                 0,                 0,                 0,    -0.03312128555,  -0.0006916064414,     0.08127174453,                 0,       75.14387388
          0,           0,         434,      -9.903700107,      -10.74187647,      -10.43736576,      -9.353399719,             0.448,    0.001081491936,     0.08126749151,                 0,                 0,                 0,     -0.0331212855,   -0.000691606414,     0.08127174467,                 0,        75.1438719
          0,           0,         435,      -9.916428584,      -10.75389826,       -10.4507076,      -9.366095246,             0.448,    0.001081491967,     0.08126749162,                 0,                 0,                 0,    -0.03312128549,   -0.000691606386,     0.08127174478,                 0,       75.14386989
          0,           0,         436,        -9.9291439,       -10.7664037,      -10.46398015,      -9.378780927,             0.448,    0.001081491997,      0.0812674917,                 0,                 0,                 0,    -0.03312128551,  -0.0006916063576,     0.08127174486,                 0,       75.14386787
          0,           0,         437,      -9.941851193,      -10.77941508,      -10.47717673,      -9.391462558,             0.448,    0.001081492026,     0.08126749173,                 0,                 0,                 0,    -0.03312128557,  -0.0006916063289,     0.08127174489,                 0,       75.14386586
          0,           0,         438,      -9.954555319,      -10.79294191,      -10.49028889,      -9.404145681,             0.448,    0.001081492054,     0.08126749172,                 0,                 0,                 0,    -0.03312128565,  -0.0006916063002,     0.08127174488,                 0,       75.14386387
          0,           0,         439,      -9.967260553,      -10.80698059,      -10.50330665,       -9.41683527,             0.448,    0.001081492082,     0.08126749166,                 0,                 0,                 0,    -0.03312128577,  -0.0006916062716,     0.08127174482,                 0,       75.14386191
          0,           0,         440,      -9.979970334,      -10.82151464,      -10.51621897,       -9.42953547,             0.448,    0.001081492108,     0.08126749155,                 0,                 0,                 0,    -0.03312128592,  -0.0006916062431,     0.08127174471,                 0,          75.14386
          0,           0,         441,      -9.992687023,      -10.83651488,       -10.5290142,      -9.442249326,             0.448,    0.001081492132,     0.08126749138,                 0,                 0,                 0,    -0.03312128609,   -0.000691606215,     0.08127174454,                 0,       75.14385815
          0,           0,         442,      -10.00541173,      -10.85193946,       -10.5416807,      -9.454978604,             0.448,    0.001081492155,     0.08126749116,                 0,                 0,                 0,    -0.03312128629,  -0.0006916061873,     0.08127174432,                 0,       75.14385635
          0,           0,         443,      -10.01814417,      -10.86773429,      -10.55420743,      -9.467723614,             0.448,    0.001081492176,     0.08126749088,                 0,                 0,                 0,    -0.03312128651,    -0.00069160616,     0.08127174404,                 0,       75.14385462
          0,           0,         444,      -10.03088257,      -10.88383372,       -10.5665846,      -9.480483121,             0.448,    0.001081492196,     0.08126749054,                 0,                 0,                 0,    -0.03312128676,  -0.0006916061333,     0.08127174371,                 0,       75.14385296
          0,           0,         445,      -10.04362368,      -10.90016133,      -10.57880432,      -9.493254295,             0.448,    0.001081492213,     0.08126749015,                 0,                 0,                 0,    -0.03312128702,  -0.0006916061071,     0.08127174331,                 0,       75.14385138
          0,           0,         446,      -10.05636277,      -10.91663123,      -10.59086116,      -9.506032706,             0.448,    0.001081492229,      0.0812674897,                 0,                 0,                 0,     -0.0331212873,  -0.0006916060816,     0.08127174286,                 0,       75.14384987
          0,           0,         447,      -10.06909374,      -10.93314953,      -10.60275267,      -9.518812421,             0.448,    0.001081492243,     0.08126748919,                 0,                 0,                 0,     -0.0331212876,  -0.0006916060566,     0.08127174236,                 0,       75.14384844
          0,           0,         448,      -10.08180927,      -10.94961763,      -10.61447978,      -9.531586109,             0.448,    0.001081492255,     0.08126748863,                 0,                 0,                 0,     -0.0331212879,  -0.0006916060323,      0.0812717418,                 0,       75.14384708
          0,           0,         449,      -10.09450102,      -10.96593425,      -10.62604708,      -9.544345228,             0.448,    0.001081492266,     0.08126748802,                 0,                 0,                 0,    -0.03312128822,  -0.0006916060086,     0.08127174119,                 0,       75.14384579
          0,           0,         450,      -10.10715988,      -10.98199936,      -10.63746292,      -9.557080263,             0.448,    0.001081492274,     0.08126748737,                 0,                 0,                 0,    -0.03312128855,  -0.0006916059855,     0.08127174054,                 0,       75.14384457
          0,           0,         451,      -10.11977622,      -10.99771837,      -10.64873944,      -9.569780977,             0.448,    0.001081492282,     0.08126748667,                 0,                 0,                 0,    -0.03312128887,  -0.0006916059629,     0.08127173984,                 0,       75.14384342
          0,           0,         452,      -10.13234026,      -11.01300584,      -10.65989238,      -9.582436737,             0.448,    0.001081492287,     0.08126748593,                 0,                 0,                 0,    -0.03312128921,  -0.0006916059409,     0.08127173909,                 0,       75.14384233
          0,           0,         453,      -10.14484235,      -11.02778995,       -10.6709407,      -9.595036835,             0.448,    0.001081492292,     0.08126748515,                 0,                 0,                 0,    -0.03312128954,  -0.0006916059195,     0.08127173832,                 0,        75.1438413
          0,           0,         454,      -10.15727333,      -11.04201559,       -10.6819062,      -9.607570832,             0.448,    0.001081492295,     0.08126748434,                 0,                 0,                 0,    -0.03312128987,  -0.0006916058986,     0.08127173751,                 0,       75.14384032
          0,           0,         455,      -10.16962487,      -11.05564793,      -10.69281295,      -9.620028904,             0.448,    0.001081492297,      0.0812674835,                 0,                 0,                 0,    -0.03312129019,  -0.0006916058782,     0.08127173667,                 0,        75.1438394
          0,           0,         456,      -10.18188973,       -11.0686736,      -10.70368663,      -9.632402177,             0.448,    0.001081492299,     0.08126748264,                 0,                 0,                 0,    -0.03312129051,  -0.0006916058582,     0.08127173581,                 0,       75.14383852
          0,           0,         457,      -10.19406213,       -11.0811005,      -10.71455395,      -9.644683055,             0.448,    0.001081492299,     0.08126748176,                 0,                 0,                 0,    -0.03312129082,  -0.0006916058386,     0.08127173493,                 0,       75.14383768
          0,           0,         458,       -10.2061379,      -11.09295804,      -10.72544186,      -9.656865475,             0.448,    0.001081492299,     0.08126748087,                 0,                 0,                 0,    -0.03312129112,  -0.0006916058195,     0.08127173404,                 0,       75.14383687
          0,           0,         459,      -10.21811472,      -11.10429384,      -10.73637689,      -9.668945169,             0.448,    0.001081492298,     0.08126747997,                 0,                 0,                 0,    -0.03312129141,  -0.0006916058007,     0.08127173314,                 0,        75.1438361
          0,           0,         460,      -10.22999222,      -11.11517067,      -10.74738465,      -9.680919823,             0.448,    0.001081492296,     0.08126747906,                 0,                 0,                 0,    -0.03312129169,  -0.0006916057822,     0.08127173223,                 0,       75.14383535
          0,           0,         461,      -10.24177208,      -11.12566286,      -10.75848906,      -9.692789231,             0.448,    0.001081492295,     0.08126747816,                 0,                 0,                 0,    -0.03312129195,  -0.0006916057641,     0.08127173133,                 0,       75.14383463
          0,           0,         462,        -10.253458,      -11.13585226,      -10.76971202,      -9.704555299,             0.448,    0.001081492293,     0.08126747726,                 0,                 0,                 0,     -0.0331212922,  -0.0006916057463,     0.08127173043,                 0,       75.14383392
          0,           0,         463,      -10.26505564,      -11.14582319,       -10.7810728,      -9.716222088,             0.448,    0.001081492291,     0.08126747637,                 0,                 0,                 0,    -0.03312129243,  -0.0006916057287,     0.08127172954,                 0,       75.14383323
          0,           0,         464,       -10.2765725,      -11.15566011,      -10.79258777,      -9.727795694,             0.448,    0.001081492289,     0.08126747549,                 0,                 0,                 0,    -0.03312129265,  -0.0006916057115,     0.08127172866,                 0,       75.14383255
          0,           0,         465,      -10.28801771,      -11.16544317,      -10.80427004,      -9.739284096,             0.448,    0.001081492287,     0.08126747463,                 0,                 0,                 0,    -0.03312129285,  -0.0006916056945,      0.0812717278,                 0,       75.14383188
          0,           0,         466,      -10.29940184,      -11.17524632,      -10.81612915,      -9.750696983,             0.448,    0.001081492286,     0.08126747379,                 0,                 0,                 0,    -0.03312129303,  -0.0006916056778,     0.08127172696,                 0,       75.14383121
          0,           0,         467,      -10.31073654,      -11.18513538,      -10.82817112,      -9.762045459,             0.448,    0.001081492285,     0.08126747298,                 0,                 0,                 0,    -0.03312129319,  -0.0006916056613,     0.08127172615,                 0,       75.14383055
          0,           0,         468,      -10.32203434,       -11.1951662,      -10.84039802,      -9.773341795,             0.448,    0.001081492284,     0.08126747219,                 0,                 0,                 0,    -0.03312129333,  -0.0006916056451,     0.08127172536,                 0,       75.14382989
          0,           0,         469,      -10.33330829,      -11.20538447,      -10.85280822,      -9.784599081,             0.448,    0.001081492283,     0.08126747144,                 0,                 0,                 0,    -0.03312129346,  -0.0006916056292,     0.08127172461,                 0,       75.14382923
          0,           0,         470,      -10.34457164,      -11.21582542,      -10.86539633,      -9.795830934,             0.448,    0.001081492283,     0.08126747072,                 0,                 0,                 0,    -0.03312129356,  -0.0006916056136,     0.08127172389,                 0,       75.14382857
          0,           0,         471,      -10.35583759,      -11.22651222,      -10.87815336,      -9.807051183,             0.448,    0.001081492284,     0.08126747004,                 0,                 0,                 0,    -0.03312129365,  -0.0006916055983,     0.08127172321,                 0,       75.14382791
          0,           0,         472,      -10.36711895,        -11.237459,      -10.89106701,      -9.818273561,             0.448,    0.001081492284,      0.0812674694,                 0,                 0,                 0,    -0.03312129372,  -0.0006916055834,     0.08127172257,                 0,       75.14382725
          0,           0,         473,      -10.37842797,      -11.24866866,      -10.90412186,      -9.829511447,             0.448,    0.001081492286,      0.0812674688,                 0,                 0,                 0,    -0.03312129378,  -0.0006916055687,     0.08127172197,                 0,       75.14382659
          0,           0,         474,      -10.38977602,      -11.26013619,      -10.91729978,      -9.840777582,             0.448,    0.001081492288,     0.08126746824,                 0,                 0,                 0,    -0.03312129381,  -0.0006916055545,     0.08127172141,                 0,       75.14382593
          0,           0,         475,      -10.40117353,       -11.2718466,      -10.93058044,      -9.852083911,             0.448,    0.001081492291,     0.08126746772,                 0,                 0,                 0,    -0.03312129383,  -0.0006916055407,      0.0812717209,                 0,       75.14382527
          0,           0,         476,      -10.41262977,      -11.28377887,       -10.9439416,      -9.863441363,             0.448,    0.001081492294,     0.08126746725,                 0,                 0,                 0,    -0.03312129384,  -0.0006916055273,     0.08127172043,                 0,       75.14382462
          0,           0,         477,      -10.42415274,      -11.29590459,      -10.95735975,      -9.874859736,             0.448,    0.001081492297,     0.08126746683,                 0,                 0,                 0,    -0.03312129383,  -0.0006916055143,        0.08127172,                 0,       75.14382397
          0,           0,         478,      -10.43574914,      -11.30819242,      -10.97081066,      -9.886347582,             0.448,    0.001081492302,     0.08126746645,                 0,                 0,                 0,     -0.0331212938,  -0.0006916055018,     0.08127171962,                 0,       75.14382333
          0,           0,         479,      -10.44742433,      -11.32060669,      -10.98426988,      -9.897912127,             0.448,    0.001081492306,     0.08126746611,                 0,                 0,                 0,    -0.03312129377,  -0.0006916054899,     0.08127171929,                 0,        75.1438227
          0,           0,         480,      -10.45918231,      -11.33310899,      -10.99771351,      -9.909559279,             0.448,    0.001081492311,     0.08126746582,                 0,                 0,                 0,    -0.03312129372,  -0.0006916054784,       0.081271719,                 0,       75.14382207
          0,           0,         481,      -10.47102573,      -11.34566291,      -11.01111853,      -9.921293553,             0.448,    0.001081492317,     0.08126746558,                 0,                 0,                 0,    -0.03312129366,  -0.0006916054676,     0.08127171875,                 0,       75.14382146
          0,           0,         482,      -10.48295601,      -11.35823131,      -11.02446353,      -9.933118178,             0.448,    0.001081492323,     0.08126746538,                 0,                 0,                 0,    -0.03312129359,  -0.0006916054573,     0.08127171855,                 0,       75.14382087
          0,           0,         483,      -10.49497329,      -11.37078172,      -11.03772916,      -9.945035022,             0.448,    0.001081492329,     0.08126746522,                 0,                 0,                 0,    -0.03312129351,  -0.0006916054477,      0.0812717184,                 0,       75.14382029
          0,           0,         484,      -10.50707667,      -11.38328545,      -11.05089857,      -9.957044781,             0.448,    0.001081492336,      0.0812674651,                 0,                 0,                 0,    -0.03312129342,  -0.0006916054386,     0.08127171828,                 0,       75.14381973
          0,           0,         485,      -10.51926417,      -11.39571958,      -11.06395775,      -9.969146973,             0.448,    0.001081492342,     0.08126746503,                 0,                 0,                 0,    -0.03312129333,  -0.0006916054303,      0.0812717182,                 0,        75.1438192
          0,           0,         486,      -10.53153291,      -11.40806797,      -11.07689582,      -9.981340035,             0.448,    0.001081492349,     0.08126746499,                 0,                 0,                 0,    -0.03312129323,  -0.0006916054226,     0.08127171816,                 0,       75.14381868
          0,           0,         487,      -10.54387925,      -11.42032143,      -11.08970515,      -9.993621449,             0.448,    0.001081492356,     0.08126746499,                 0,                 0,                 0,    -0.03312129313,  -0.0006916054156,     0.08127171816,                 0,        75.1438182
          0,           0,         488,      -10.55629883,      -11.43247875,      -11.10238132,      -10.00598781,             0.448,    0.001081492363,     0.08126746502,                 0,                 0,                 0,    -0.03312129302,  -0.0006916054093,     0.08127171819,                 0,       75.14381774
          0,           0,         489,      -10.56878674,      -11.44454662,      -11.11492323,      -10.01843495,             0.448,     0.00108149237,     0.08126746508,                 0,                 0,                 0,    -0.03312129291,  -0.0006916054037,     0.08127171826,                 0,       75.14381732
          0,           0,         490,      -10.58133764,      -11.45653912,       -11.1273327,      -10.03095802,             0.448,    0.001081492377,     0.08126746517,                 0,                 0,                 0,     -0.0331212928,  -0.0006916053988,     0.08127171835,                 0,       75.14381692
          0,           0,         491,      -10.59394581,      -11.46847627,      -11.13961422,       -10.0435516,             0.448,    0.001081492384,     0.08126746529,                 0,                 0,                 0,    -0.03312129268,  -0.0006916053946,     0.08127171847,                 0,       75.14381656
          0,           0,         492,      -10.60660527,      -11.48038532,      -11.15177458,      -10.05620977,             0.448,     0.00108149239,     0.08126746544,                 0,                 0,                 0,    -0.03312129257,  -0.0006916053911,     0.08127171862,                 0,       75.14381623
          0,           0,         493,      -10.61930991,      -11.49229515,      -11.16382262,      -10.06892622,             0.448,    0.001081492397,     0.08126746561,                 0,                 0,                 0,    -0.03312129246,  -0.0006916053884,     0.08127171879,                 0,       75.14381594
          0,           0,         494,      -10.63205347,      -11.50423878,      -11.17576836,       -10.0816943,             0.448,    0.001081492403,      0.0812674658,                 0,                 0,                 0,    -0.03312129234,  -0.0006916053863,     0.08127171898,                 0,       75.14381568
          0,           0,         495,      -10.64482965,      -11.51625178,      -11.18762293,      -10.09450708,             0.448,    0.001081492409,     0.08126746601,                 0,                 0,                 0,    -0.03312129223,  -0.0006916053849,     0.08127171919,                 0,       75.14381546
          0,           0,         496,      -10.65763218,      -11.52836876,      -11.19939786,      -10.10735745,             0.448,    0.001081492415,     0.08126746623,                 0,                 0,                 0,    -0.03312129213,  -0.0006916053842,     0.08127171941,                 0,       75.14381528
          0,           0,         497,      -10.67045476,      -11.54062347,      -11.21110459,      -10.12023812,             0.448,     0.00108149242,     0.08126746647,                 0,                 0,                 0,    -0.03312129202,  -0.0006916053841,     0.08127171965,                 0,       75.14381513
          0,           0,         498,      -10.68329119,      -11.55304595,      -11.22275417,      -10.13314167,             0.448,    0.001081492425,     0.08126746672,                 0,                 0,                 0,    -0.03312129192,  -0.0006916053846,      0.0812717199,                 0,       75.14381502
          0,           0,         499,      -10.69613531,      -11.56566393,        -11.234357,      -10.14606061,             0.448,    0.001081492429,     0.08126746698,                 0,                 0,                 0,    -0.03312129182,  -0.0006916053857,     0.08127172015,                 0,       75.14381495
          0,           0,         500,      -10.70898103,      -11.57849955,      -11.24592229,      -10.15898742,             0.448,    0.001081492433,     0.08126746724,                 0,                 0,                 0,    -0.03312129173,  -0.0006916053874,     0.08127172042,                 0,       75.14381491
          0,           0,         501,      -10.72182235,      -11.59156839,      -11.25745801,      -10.17191456,             0.448,    0.001081492437,     0.08126746751,                 0,                 0,                 0,    -0.03312129164,  -0.0006916053897,     0.08127172069,                 0,       75.14381491
          0,           0,         502,      -10.73465332,      -11.60488135,       -11.2689707,      -10.18483448,             0.448,     0.00108149244,     0.08126746778,                 0,                 0,                 0,    -0.03312129156,  -0.0006916053925,     0.08127172096,                 0,       75.14381494
          0,           0,         503,      -10.74746813,      -11.61843872,      -11.28046569,      -10.19773978,             0.448,    0.001081492443,     0.08126746806,                 0,                 0,                 0,    -0.03312129148,  -0.0006916053957,     0.08127172123,                 0,         75.143815
          0,           0,         504,        -10.760261,      -11.63223868,      -11.29194657,      -10.21062306,             0.448,    0.001081492445,     0.08126746833,                 0,                 0,                 0,    -0.03312129141,  -0.0006916053994,     0.08127172151,                 0,        75.1438151
          0,           0,         505,      -10.77302633,      -11.64626767,      -11.30341602,      -10.22347718,             0.448,    0.001081492447,      0.0812674686,                 0,                 0,                 0,    -0.03312129134,  -0.0006916054035,     0.08127172178,                 0,       75.14381522
          0,           0,         506,      -10.78575868,       -11.6605031,      -11.31487525,      -10.23629521,             0.448,    0.001081492448,     0.08126746887,                 0,                 0,                 0,    -0.03312129128,   -0.000691605408,     0.08127172205,                 0,       75.14381537
          0,           0,         507,      -10.79845277,      -11.67491981,      -11.32632507,      -10.24907049,             0.448,    0.001081492449,     0.08126746913,                 0,                 0,                 0,    -0.03312129122,  -0.0006916054128,     0.08127172231,                 0,       75.14381555
          0,           0,         508,      -10.81110363,      -11.68947872,      -11.33776542,      -10.26179683,             0.448,     0.00108149245,     0.08126746939,                 0,                 0,                 0,    -0.03312129117,  -0.0006916054179,     0.08127172256,                 0,       75.14381576
          0,           0,         509,      -10.82370654,      -11.70414055,       -11.3491958,      -10.27446838,             0.448,     0.00108149245,     0.08126746963,                 0,                 0,                 0,    -0.03312129112,  -0.0006916054233,     0.08127172281,                 0,       75.14381599
          0,           0,         510,      -10.83625725,       -11.7188531,      -11.36061614,      -10.28707998,             0.448,    0.001081492449,     0.08126746987,                 0,                 0,                 0,    -0.03312129108,  -0.0006916054289,     0.08127172305,                 0,       75.14381624
          0,           0,         511,      -10.84875195,      -11.73356511,      -11.37202643,      -10.29962706,             0.448,    0.001081492449,     0.08126747011,                 0,                 0,                 0,    -0.03312129104,  -0.0006916054348,     0.08127172328,                 0,        75.1438165
          0,           0,         512,      -10.86118741,      -11.74821714,      -11.38342747,      -10.31210581,             0.448,    0.001081492447,     0.08126747033,                 0,                 0,                 0,    -0.03312129101,  -0.0006916054407,      0.0812717235,                 0,       75.14381679
          0,           0,         513,      -10.87356113,      -11.76275264,      -11.39482062,      -10.32451336,             0.448,    0.001081492446,     0.08126747054,                 0,                 0,                 0,    -0.03312129098,  -0.0006916054469,     0.08127172371,                 0,       75.14381709
          0,           0,         514,      -10.88587132,      -11.77710979,       -11.4062086,      -10.33684772,             0.448,    0.001081492444,     0.08126747074,                 0,                 0,                 0,    -0.03312129096,  -0.0006916054531,     0.08127172391,                 0,        75.1438174
          0,           0,         515,       -10.8981171,      -11.79123663,      -11.41759545,      -10.34910797,             0.448,    0.001081492442,     0.08126747092,                 0,                 0,                 0,    -0.03312129094,  -0.0006916054593,      0.0812717241,                 0,       75.14381773
          0,           0,         516,      -10.91029859,      -11.80507676,      -11.42898654,      -10.36129439,             0.448,    0.001081492439,      0.0812674711,                 0,                 0,                 0,    -0.03312129092,  -0.0006916054657,     0.08127172428,                 0,       75.14381806
          0,           0,         517,      -10.92241697,      -11.81858869,      -11.44038873,      -10.37340844,             0.448,    0.001081492437,     0.08126747126,                 0,                 0,                 0,    -0.03312129091,   -0.000691605472,     0.08127172444,                 0,        75.1438184
          0,           0,         518,      -10.93447451,      -11.83173542,      -11.45181023,      -10.38545286,             0.448,    0.001081492434,     0.08126747142,                 0,                 0,                 0,    -0.03312129091,  -0.0006916054782,     0.08127172459,                 0,       75.14381875
          0,           0,         519,      -10.94647472,      -11.84449134,      -11.46326126,      -10.39743167,             0.448,    0.001081492431,     0.08126747156,                 0,                 0,                 0,     -0.0331212909,  -0.0006916054845,     0.08127172473,                 0,        75.1438191
          0,           0,         520,      -10.95842232,      -11.85684306,       -11.4747527,      -10.40935028,             0.448,    0.001081492427,     0.08126747169,                 0,                 0,                 0,     -0.0331212909,  -0.0006916054906,     0.08127172486,                 0,       75.14381945
          0,           0,         521,      -10.97032322,      -11.86879249,      -11.48629695,      -10.42121532,             0.448,    0.001081492424,      0.0812674718,                 0,                 0,                 0,     -0.0331212909,  -0.0006916054966,     0.08127172498,                 0,        75.1438198
          0,           0,         522,      -10.98218446,      -11.88035224,       -11.4979073,      -10.43303465,             0.448,     0.00108149242,     0.08126747191,                 0,                 0,                 0,    -0.03312129091,  -0.0006916055026,     0.08127172508,                 0,       75.14382015
          0,           0,         523,      -10.99401417,      -11.89154644,      -11.50959766,      -10.44481725,             0.448,    0.001081492416,       0.081267472,                 0,                 0,                 0,    -0.03312129091,  -0.0006916055083,     0.08127172518,                 0,       75.14382049
          0,           0,         524,      -11.00582163,      -11.90241154,      -11.52138199,      -10.45657319,             0.448,    0.001081492413,     0.08126747209,                 0,                 0,                 0,    -0.03312129092,  -0.0006916055139,     0.08127172526,                 0,       75.14382083
          0,           0,         525,      -11.01761677,      -11.91299226,      -11.53327416,      -10.46831333,             0.448,    0.001081492409,     0.08126747216,                 0,                 0,                 0,    -0.03312129093,  -0.0006916055193,     0.08127172533,                 0,       75.14382116
          0,           0,         526,      -11.02941036,      -11.92334329,      -11.54528752,       -10.4800492,             0.448,    0.001081492405,     0.08126747222,                 0,                 0,                 0,    -0.03312129094,  -0.0006916055245,      0.0812717254,                 0,       75.14382149
          0,           0,         527,      -11.04121361,      -11.93352577,      -11.55743429,      -10.49179281,             0.448,    0.001081492401,     0.08126747228,                 0,                 0,                 0,    -0.03312129095,  -0.0006916055294,     0.08127172545,                 0,        75.1438218
          0,           0,         528,      -11.05303811,       -11.9435979,      -11.56972566,      -10.50355654,             0.448,    0.001081492397,     0.08126747232,                 0,                 0,                 0,    -0.03312129097,  -0.0006916055342,     0.08127172549,                 0,        75.1438221
          0,           0,         529,      -11.06489559,      -11.95362416,       -11.5821712,      -10.51535276,             0.448,    0.001081492394,     0.08126747236,                 0,                 0,                 0,    -0.03312129098,  -0.0006916055386,     0.08127172553,                 0,       75.14382239
          0,           0,         530,      -11.07679771,      -11.96366773,      -11.59477822,       -10.5271938,             0.448,     0.00108149239,     0.08126747238,                 0,                 0,                 0,      -0.033121291,  -0.0006916055429,     0.08127172556,                 0,       75.14382267
          0,           0,         531,      -11.08875578,      -11.97378682,      -11.60755202,      -10.53909152,             0.448,    0.001081492387,      0.0812674724,                 0,                 0,                 0,    -0.03312129101,  -0.0006916055468,     0.08127172558,                 0,       75.14382293
          0,           0,         532,      -11.10078066,      -11.98403336,      -11.62049534,      -10.55105724,             0.448,    0.001081492383,     0.08126747241,                 0,                 0,                 0,    -0.03312129103,  -0.0006916055505,     0.08127172559,                 0,       75.14382318
          0,           0,         533,      -11.11288252,      -11.99445827,      -11.63360845,      -10.56310164,             0.448,     0.00108149238,     0.08126747242,                 0,                 0,                 0,    -0.03312129104,  -0.0006916055539,     0.08127172559,                 0,       75.14382341
          0,           0,         534,       -11.1250707,      -12.00510307,       -11.6468886,      -10.57523437,             0.448,    0.001081492377,     0.08126747242,                 0,                 0,                 0,    -0.03312129106,   -0.000691605557,     0.08127172559,                 0,       75.14382363
          0,           0,         535,      -11.13735347,      -12.01600159,      -11.66033047,      -10.58746403,             0.448,    0.001081492374,     0.08126747241,                 0,                 0,                 0,    -0.03312129107,  -0.0006916055598,     0.08127172559,                 0,       75.14382383
          0,           0,         536,      -11.14973786,      -12.02718161,      -11.67392581,      -10.59979798,             0.448,    0.001081492371,      0.0812674724,                 0,                 0,                 0,    -0.03312129109,  -0.0006916055623,     0.08127172558,                 0,       75.14382401
          0,           0,         537,      -11.16222973,      -12.03866574,      -11.68766324,      -10.61224224,             0.448,    0.001081492368,     0.08126747239,                 0,                 0,                 0,    -0.03312129111,  -0.0006916055646,     0.08127172556,                 0,       75.14382418
          0,           0,         538,      -11.17483342,      -12.05046248,       -11.7015289,      -10.62480142,             0.448,    0.001081492366,     0.08126747237,                 0,                 0,                 0,    -0.03312129112,  -0.0006916055666,     0.08127172554,                 0,       75.14382433
          0,           0,         539,      -11.18755168,      -12.06258166,       -11.7155063,       -10.6374784,             0.448,    0.001081492364,     0.08126747234,                 0,                 0,                 0,    -0.03312129114,  -0.0006916055683,     0.08127172552,                 0,       75.14382446
          0,           0,         540,      -11.20038582,      -12.07501721,       -11.7295761,      -10.65027462,             0.448,    0.001081492362,     0.08126747232,                 0,                 0,                 0,    -0.03312129115,  -0.0006916055698,     0.08127172549,                 0,       75.14382458
          0,           0,         541,      -11.21333545,      -12.08776757,      -11.74371726,      -10.66318986,             0.448,     0.00108149236,     0.08126747229,                 0,                 0,                 0,    -0.03312129116,  -0.0006916055709,     0.08127172546,                 0,       75.14382468
          0,           0,         542,      -11.22639848,      -12.10081605,       -11.7579066,      -10.67622214,             0.448,    0.001081492358,     0.08126747226,                 0,                 0,                 0,    -0.03312129118,  -0.0006916055719,     0.08127172543,                 0,       75.14382476
          0,           0,         543,      -11.23957119,      -12.11414544,      -11.77211953,      -10.68936781,             0.448,    0.001081492357,     0.08126747222,                 0,                 0,                 0,    -0.03312129119,  -0.0006916055726,      0.0812717254,                 0,       75.14382483
          0,           0,         544,      -11.25284829,      -12.12772859,      -11.78633069,       -10.7026217,             0.448,    0.001081492356,     0.08126747219,                 0,                 0,                 0,     -0.0331212912,  -0.0006916055731,     0.08127172536,                 0,       75.14382489
          0,           0,         545,      -11.26622287,      -12.14154262,      -11.80051375,      -10.71597698,             0.448,    0.001081492355,     0.08126747215,                 0,                 0,                 0,    -0.03312129121,  -0.0006916055734,     0.08127172533,                 0,       75.14382493
          0,           0,         546,      -11.27968649,      -12.15555321,      -11.81464265,      -10.72942532,             0.448,    0.001081492354,     0.08126747212,                 0,                 0,                 0,    -0.03312129122,  -0.0006916055734,     0.08127172529,                 0,       75.14382495
          0,           0,         547,      -11.29322937,      -12.16972533,      -11.82869196,      -10.74295702,             0.448,    0.001081492353,     0.08126747208,                 0,                 0,                 0,    -0.03312129123,  -0.0006916055733,     0.08127172526,                 0,       75.14382497
          0,           0,         548,      -11.30684057,      -12.18402676,      -11.84263712,      -10.75656116,             0.448,    0.001081492353,     0.08126747204,                 0,                 0,                 0,    -0.03312129124,   -0.000691605573,     0.08127172522,                 0,       75.14382497
          0,           0,         549,      -11.32050776,      -12.19841841,      -11.85645589,      -10.77022552,             0.448,    0.001081492352,     0.08126747201,                 0,                 0,                 0,    -0.03312129125,  -0.0006916055726,     0.08127172518,                 0,       75.14382496
          0,           0,         550,      -11.33421822,      -12.21286686,      -11.87012795,      -10.78393743,             0.448,    0.001081492352,     0.08126747197,                 0,                 0,                 0,    -0.03312129126,   -0.000691605572,     0.08127172514,                 0,       75.14382494
          0,           0,         551,      -11.34795799,      -12.22733791,       -11.8836359,      -10.79768294,             0.448,    0.001081492352,     0.08126747194,                 0,                 0,                 0,    -0.03312129127,  -0.0006916055712,     0.08127172511,                 0,       75.14382491
          0,           0,         552,      -11.36171306,      -12.24179515,      -11.89696642,      -10.81144806,             0.448,    0.001081492352,      0.0812674719,                 0,                 0,                 0,    -0.03312129127,  -0.0006916055704,     0.08127172507,                 0,       75.14382487
          0,           0,         553,      -11.37546909,      -12.25621394,      -11.91010818,      -10.82521842,             0.448,    0.001081492352,     0.08126747186,                 0,                 0,                 0,    -0.03312129128,  -0.0006916055694,     0.08127172504,                 0,       75.14382482
          0,           0,         554,      -11.38921182,      -12.27056676,      -11.92305513,      -10.83897978,             0.448,    0.001081492353,     0.08126747183,                 0,                 0,                 0,    -0.03312129129,  -0.0006916055683,       0.081271725,                 0,       75.14382477
          0,           0,         555,      -11.40292722,      -12.28483589,      -11.93580462,      -10.85271794,             0.448,    0.001081492353,      0.0812674718,                 0,                 0,                 0,    -0.03312129129,  -0.0006916055672,     0.08127172497,                 0,        75.1438247
          0,           0,         556,      -11.41660202,      -12.29900553,      -11.94835874,      -10.86641955,             0.448,    0.001081492354,     0.08126747177,                 0,                 0,                 0,     -0.0331212913,  -0.0006916055659,     0.08127172494,                 0,       75.14382464
          0,           0,         557,      -11.43022382,      -12.31306124,      -11.96072254,        -10.880072,             0.448,    0.001081492354,     0.08126747174,                 0,                 0,                 0,     -0.0331212913,  -0.0006916055646,     0.08127172491,                 0,       75.14382457
          0,           0,         558,      -11.44378111,      -12.32700503,      -11.97290519,      -10.89366356,             0.448,    0.001081492355,     0.08126747171,                 0,                 0,                 0,    -0.03312129131,  -0.0006916055633,     0.08127172488,                 0,       75.14382449
          0,           0,         559,      -11.45726397,      -12.34083361,      -11.98491941,      -10.90718407,             0.448,    0.001081492356,     0.08126747168,                 0,                 0,                 0,    -0.03312129131,  -0.0006916055619,     0.08127172485,                 0,       75.14382441
          0,           0,         560,      -11.47066376,      -12.35455426,      -11.99678081,      -10.92062449,             0.448,    0.001081492356,     0.08126747165,                 0,                 0,                 0,    -0.03312129131,  -0.0006916055605,     0.08127172482,                 0,       75.14382433
          0,           0,         561,      -11.48397364,      -12.36817581,      -12.00850745,      -10.93397759,             0.448,    0.001081492357,     0.08126747162,                 0,                 0,                 0,    -0.03312129132,  -0.0006916055591,      0.0812717248,                 0,       75.14382425
          0,           0,         562,      -11.49718843,      -12.38170935,      -12.02011948,      -10.94723784,             0.448,    0.001081492358,      0.0812674716,                 0,                 0,                 0,    -0.03312129132,  -0.0006916055577,     0.08127172477,                 0,       75.14382416
          0,           0,         563,      -11.51030465,      -12.39517322,      -12.03163832,      -10.96040118,             0.448,    0.001081492359,     0.08126747157,                 0,                 0,                 0,    -0.03312129132,  -0.0006916055562,     0.08127172475,                 0,       75.14382408
          0,           0,         564,      -11.52332111,      -12.40857968,      -12.04308682,      -10.97346587,             0.448,     0.00108149236,     0.08126747155,                 0,                 0,                 0,    -0.03312129133,  -0.0006916055548,     0.08127172473,                 0,       75.14382399
          0,           0,         565,      -11.53623785,      -12.42194324,      -12.05448791,      -10.98643139,             0.448,    0.001081492361,     0.08126747153,                 0,                 0,                 0,    -0.03312129133,  -0.0006916055534,      0.0812717247,                 0,       75.14382391
          0,           0,         566,       -11.5490569,      -12.43528181,       -12.0658649,      -10.99929926,             0.448,    0.001081492362,     0.08126747151,                 0,                 0,                 0,    -0.03312129133,   -0.000691605552,     0.08127172468,                 0,       75.14382382
          0,           0,         567,      -11.56178188,      -12.44860848,      -12.07724009,      -11.01207238,             0.448,    0.001081492363,     0.08126747149,                 0,                 0,                 0,    -0.03312129133,  -0.0006916055506,     0.08127172466,                 0,       75.14382374
          0,           0,         568,      -11.57441782,      -12.46192855,      -12.08863548,      -11.02475526,             0.448,    0.001081492364,     0.08126747147,                 0,                 0,                 0,    -0.03312129134,  -0.0006916055492,     0.08127172464,                 0,       75.14382365
          0,           0,         569,      -11.58697088,      -12.47525987,      -12.10007141,      -11.03735342,             0.448,    0.001081492365,     0.08126747145,                 0,                 0,                 0,    -0.03312129134,  -0.0006916055479,     0.08127172463,                 0,       75.14382357
          0,           0,         570,      -11.59944841,      -12.48860122,        -12.111567,      -11.04987365,             0.448,    0.001081492366,     0.08126747144,                 0,                 0,                 0,    -0.03312129134,  -0.0006916055466,     0.08127172461,                 0,       75.14382349
          0,           0,         571,      -11.61185868,      -12.50194793,      -12.12313972,      -11.06232373,             0.448,    0.001081492367,     0.08126747142,                 0,                 0,                 0,    -0.03312129134,  -0.0006916055454,     0.08127172459,                 0,       75.14382342
          0,           0,         572,       -11.6242103,      -12.51530514,      -12.13480603,      -11.07471176,             0.448,    0.001081492367,      0.0812674714,                 0,                 0,                 0,    -0.03312129135,  -0.0006916055442,     0.08127172458,                 0,       75.14382334
          0,           0,         573,      -11.63651251,       -12.5286573,      -12.14657907,      -11.08704649,             0.448,    0.001081492368,     0.08126747139,                 0,                 0,                 0,    -0.03312129135,   -0.000691605543,     0.08127172456,                 0,       75.14382327
          0,           0,         574,       -11.6487746,      -12.54199606,      -12.15847143,      -11.09933683,             0.448,    0.001081492369,     0.08126747138,                 0,                 0,                 0,    -0.03312129135,  -0.0006916055419,     0.08127172455,                 0,        75.1438232
          0,           0,         575,      -11.66100585,      -12.55530276,      -12.17049288,       -11.1115917,             0.448,     0.00108149237,     0.08126747136,                 0,                 0,                 0,    -0.03312129135,  -0.0006916055409,     0.08127172454,                 0,       75.14382313
          0,           0,         576,      -11.67321558,      -12.56855305,      -12.18265221,      -11.12382028,             0.448,    0.001081492371,     0.08126747135,                 0,                 0,                 0,    -0.03312129136,  -0.0006916055399,     0.08127172452,                 0,       75.14382307
          0,           0,         577,      -11.68541251,      -12.58173718,      -12.19495526,      -11.13603092,             0.448,    0.001081492371,     0.08126747134,                 0,                 0,                 0,    -0.03312129136,  -0.0006916055389,     0.08127172451,                 0,       75.14382301
          0,           0,         578,      -11.69760485,      -12.59482831,      -12.20740653,      -11.14823188,             0.448,    0.001081492372,     0.08126747133,                 0,                 0,                 0,    -0.03312129136,   -0.000691605538,      0.0812717245,                 0,       75.14382296
          0,           0,         579,      -11.70980054,      -12.60779692,      -12.22000972,       -11.1604308,             0.448,    0.001081492373,     0.08126747132,                 0,                 0,                 0,    -0.03312129136,  -0.0006916055371,     0.08127172449,                 0,        75.1438229
          0,           0,         580,      -11.72200648,      -12.62063466,      -12.23276601,      -11.17263458,             0.448,    0.001081492373,     0.08126747131,                 0,                 0,                 0,    -0.03312129136,  -0.0006916055364,     0.08127172448,                 0,       75.14382285
          0,           0,         581,       -11.7342292,       -12.6333092,      -12.24567496,      -11.18485001,             0.448,    0.001081492374,      0.0812674713,                 0,                 0,                 0,    -0.03312129137,  -0.0006916055356,     0.08127172447,                 0,       75.14382281
          0,           0,         582,      -11.74647437,      -12.64579737,      -12.25873503,      -11.19708258,             0.448,    0.001081492374,     0.08126747129,                 0,                 0,                 0,    -0.03312129137,  -0.0006916055349,     0.08127172446,                 0,       75.14382277
          0,           0,         583,      -11.75874657,      -12.65810335,      -12.27194318,      -11.20933733,             0.448,    0.001081492375,     0.08126747128,                 0,                 0,                 0,    -0.03312129137,  -0.0006916055343,     0.08127172445,                 0,       75.14382273
          0,           0,         584,      -11.77105013,       -12.6702056,      -12.28529497,      -11.22161848,             0.448,    0.001081492375,     0.08126747127,                 0,                 0,                 0,    -0.03312129137,  -0.0006916055337,     0.08127172445,                 0,       75.14382269
          0,           0,         585,      -11.78338833,      -12.68211443,      -12.29878467,      -11.23392968,             0.448,    0.001081492375,     0.08126747126,                 0,                 0,                 0,    -0.03312129137,  -0.0006916055332,     0.08127172444,                 0,       75.14382266
          0,           0,         586,      -11.79576409,      -12.69381859,      -12.31240548,      -11.24627406,             0.448,    0.001081492376,     0.08126747126,                 0,                 0,                 0,    -0.03312129137,  -0.0006916055327,     0.08127172443,                 0,       75.14382263
          0,           0,         587,      -11.80817924,      -12.70533816,      -12.32614947,      -11.25865382,             0.448,    0.001081492376,     0.08126747125,                 0,                 0,                 0,    -0.03312129137,  -0.0006916055322,     0.08127172442,                 0,        75.1438226
          0,           0,         588,      -11.82063521,      -12.71667912,      -12.34000771,      -11.27107076,             0.448,    0.001081492376,     0.08126747124,                 0,                 0,                 0,    -0.03312129138,  -0.0006916055319,     0.08127172442,                 0,       75.14382258
          0,           0,         589,      -11.83313303,      -12.72787897,      -12.35396923,      -11.28352637,             0.448,    0.001081492377,     0.08126747124,                 0,                 0,                 0,    -0.03312129138,  -0.0006916055315,     0.08127172441,                 0,       75.14382256
          0,           0,         590,      -11.84567327,      -12.73895494,      -12.36802373,      -11.29602117,             0.448,    0.001081492377,     0.08126747123,                 0,                 0,                 0,    -0.03312129138,  -0.0006916055312,     0.08127172441,                 0,       75.14382254
          0,           0,         591,      -11.85825626,      -12.74993284,      -12.38215823,      -11.30855656,             0.448,    0.001081492377,     0.08126747123,                 0,                 0,                 0,    -0.03312129138,  -0.0006916055309,      0.0812717244,                 0,       75.14382252
          0,           0,         592,       -11.8708815,       -12.7608511,      -12.39636037,      -11.32113204,             0.448,    0.001081492377,     0.08126747122,                 0,                 0,                 0,    -0.03312129138,  -0.0006916055307,      0.0812717244,                 0,       75.14382251
          0,           0,         593,      -11.88354843,      -12.77175308,       -12.4106153,      -11.33374787,             0.448,    0.001081492377,     0.08126747122,                 0,                 0,                 0,    -0.03312129138,  -0.0006916055305,     0.08127172439,                 0,        75.1438225
          0,           0,         594,      -11.89625638,      -12.78267715,      -12.42490827,      -11.34640366,             0.448,    0.001081492377,     0.08126747122,                 0,                 0,                 0,    -0.03312129138,  -0.0006916055303,     0.08127172439,                 0,       75.14382249
          0,           0,         595,      -11.90900468,      -12.79365332,      -12.43922372,      -11.35909944,             0.448,    0.001081492377,     0.08126747121,                 0,                 0,                 0,    -0.03312129138,  -0.0006916055302,     0.08127172439,                 0,       75.14382248
          0,           0,         596,      -11.92179193,      -12.80473118,      -12.45354477,      -11.37183441,             0.448,    0.001081492377,     0.08126747121,                 0,                 0,                 0,    -0.03312129138,  -0.0006916055301,     0.08127172439,                 0,       75.14382248
          0,           0,         597,       -11.9346169,      -12.81594229,      -12.46785524,      -11.38460771,             0.448,    0.001081492377,     0.08126747121,                 0,                 0,                 0,    -0.03312129138,    -0.00069160553,     0.08127172438,                 0,       75.14382247
          0,           0,         598,      -11.94747815,      -12.82732173,      -12.48213705,        -11.397419,             0.448,    0.001081492377,     0.08126747121,                 0,                 0,                 0,    -0.03312129138,    -0.00069160553,     0.08127172438,                 0,       75.14382247
          0,           0,         599,      -11.96037409,      -12.83889869,      -12.49637214,      -11.41026674,             0.448,    0.001081492377,     0.08126747121,                 0,                 0,                 0,    -0.03312129138,    -0.00069160553,     0.08127172438,                 0,       75.14382247
          0,           0,         600,      -11.97330293,      -12.85070698,      -12.51054332,      -11.42315024,             0.448,    0.001081492377,     0.08126747121,                 0,                 0,                 0,    -0.03312129138,    -0.00069160553,     0.08127172438,                 0,       75.14382247
          0,           0,         601,      -11.98626239,      -12.86276644,      -12.52463277,      -11.43606744,             0.448,    0.001081492377,     0.08126747121,                 0,                 0,                 0,    -0.03312129138,    -0.00069160553,     0.08127172438,                 0,       75.14382247
          0,           0,         602,      -11.99925047,      -12.87510203,       -12.5386224,      -11.44901749,             0.448,    0.001081492377,     0.08126747121,                 0,                 0,                 0,    -0.03312129137,  -0.0006916055301,     0.08127172438,                 0,       75.14382248
          0,           0,         603,      -12.01226443,      -12.88772678,      -12.55249564,       -11.4619978,             0.448,    0.001081492377,     0.08126747121,                 0,                 0,                 0,    -0.03312129137,  -0.0006916055301,     0.08127172438,                 0,       75.14382248
          0,           0,         604,      -12.02530166,      -12.90064019,      -12.56623654,      -11.47500635,             0.448,    0.001081492377,     0.08126747121,                 0,                 0,                 0,    -0.03312129137,  -0.0006916055302,     0.08127172438,                 0,       75.14382248
          0,           0,         605,      -12.03835869,      -12.91385459,      -12.57983064,      -11.48804074,             0.448,    0.001081492377,     0.08126747121,                 0,                 0,                 0,    -0.03312129137,  -0.0006916055303,     0.08127172439,                 0,       75.14382249
          0,           0,         606,      -12.05143209,      -12.92736156,       -12.5932649,      -11.50109753,             0.448,    0.001081492377,     0.08126747121,                 0,                 0,                 0,    -0.03312129137,  -0.0006916055304,     0.08127172439,                 0,       75.14382249
          0,           0,         607,      -12.06451779,      -12.94117504,       -12.6065278,      -11.51417321,             0.448,    0.001081492377,     0.08126747122,                 0,                 0,                 0,    -0.03312129137,  -0.0006916055305,     0.08127172439,                 0,        75.1438225
          0,           0,         608,       -12.0776115,      -12.95525283,      -12.61961079,      -11.52726407,             0.448,    0.001081492377,     0.08126747122,                 0,                 0,                 0,    -0.03312129136,  -0.0006916055306,     0.08127172439,                 0,       75.14382251
          0,           0,         609,      -12.09070862,      -12.96958129,      -12.63250488,      -11.54036593,             0.448,    0.001081492377,     0.08126747122,                 0,                 0,                 0,    -0.03312129136,  -0.0006916055308,      0.0812717244,                 0,       75.14382252
          0,           0,         610,      -12.10380408,      -12.98414441,      -12.64520787,      -11.55347386,             0.448,    0.001081492377,     0.08126747123,                 0,                 0,                 0,    -0.03312129136,  -0.0006916055309,      0.0812717244,                 0,       75.14382252
          0,           0,         611,      -12.11689236,      -12.99892198,        -12.657718,      -11.56658219,             0.448,    0.001081492377,     0.08126747123,                 0,                 0,                 0,    -0.03312129136,  -0.0006916055311,     0.08127172441,                 0,       75.14382253
          0,           0,         612,      -12.12996743,      -13.01387159,      -12.67003544,      -11.57968534,             0.448,    0.001081492377,     0.08126747124,                 0,                 0,                 0,    -0.03312129136,  -0.0006916055312,     0.08127172441,                 0,       75.14382254
          0,           0,         613,      -12.14302315,      -13.02896031,      -12.68216318,      -11.59277713,             0.448,    0.001081492377,     0.08126747124,                 0,                 0,                 0,    -0.03312129135,  -0.0006916055314,     0.08127172442,                 0,       75.14382255
          0,           0,         614,       -12.1560532,      -13.04412806,      -12.69410993,      -11.60585069,             0.448,    0.001081492377,     0.08126747125,                 0,                 0,                 0,    -0.03312129135,  -0.0006916055315,     0.08127172442,                 0,       75.14382256
          0,           0,         615,      -12.16905164,      -13.05935982,      -12.70588389,      -11.61890023,             0.448,    0.001081492377,     0.08126747125,                 0,                 0,                 0,    -0.03312129135,  -0.0006916055317,     0.08127172443,                 0,       75.14382256
          0,           0,         616,      -12.18201144,      -13.07459942,      -12.71749709,      -11.63191799,             0.448,    0.001081492377,     0.08126747126,                 0,                 0,                 0,    -0.03312129135,  -0.0006916055319,     0.08127172443,                 0,       75.14382257
          0,           0,         617,      -12.19492693,       -13.0897829,       -12.7289647,      -11.64489765,             0.448,    0.001081492376,     0.08126747126,                 0,                 0,                 0,    -0.03312129135,  -0.0006916055321,     0.08127172444,                 0,       75.14382258
          0,           0,         618,      -12.20779136,      -13.10488032,      -12.74030156,      -11.65783223,             0.448,    0.001081492376,     0.08126747127,                 0,                 0,                 0,    -0.03312129134,  -0.0006916055322,     0.08127172444,                 0,       75.14382259
          0,           0,         619,      -12.22059928,      -13.11984792,      -12.75152653,      -11.67071512,             0.448,    0.001081492376,     0.08126747128,                 0,                 0,                 0,    -0.03312129134,  -0.0006916055324,     0.08127172445,                 0,        75.1438226
          0,           0,         620,      -12.23334495,      -13.13465164,      -12.76265734,      -11.68353941,             0.448,    0.001081492376,     0.08126747128,                 0,                 0,                 0,    -0.03312129134,  -0.0006916055326,     0.08127172446,                 0,       75.14382261
          0,           0,         621,      -12.24602365,      -13.14922955,      -12.77371757,      -11.69629952,             0.448,    0.001081492376,     0.08126747129,                 0,                 0,                 0,    -0.03312129134,  -0.0006916055328,     0.08127172446,                 0,       75.14382262
          0,           0,         622,      -12.25863213,      -13.16354587,      -12.78472195,      -11.70899143,             0.448,    0.001081492376,     0.08126747129,                 0,                 0,                 0,    -0.03312129133,   -0.000691605533,     0.08127172447,                 0,       75.14382263
          0,           0,         623,      -12.27116554,      -13.17761125,      -12.79570026,      -11.72160876,             0.448,    0.001081492376,      0.0812674713,                 0,                 0,                 0,    -0.03312129133,  -0.0006916055332,     0.08127172448,                 0,       75.14382264
          0,           0,         624,      -12.28362237,      -13.19137008,      -12.80666764,      -11.73414866,             0.448,    0.001081492376,     0.08126747131,                 0,                 0,                 0,    -0.03312129133,  -0.0006916055333,     0.08127172448,                 0,       75.14382264
          0,           0,         625,      -12.29600185,      -13.20480088,      -12.81764816,      -11.74660977,             0.448,    0.001081492376,     0.08126747131,                 0,                 0,                 0,    -0.03312129133,  -0.0006916055335,     0.08127172449,                 0,       75.14382265
          0,           0,         626,      -12.30830229,      -13.21790932,       -12.8286602,      -11.75898827,             0.448,    0.001081492376,     0.08126747132,                 0,                 0,                 0,    -0.03312129133,  -0.0006916055337,     0.08127172449,                 0,       75.14382266
          0,           0,         627,      -12.32052487,      -13.23073495,      -12.83972217,      -11.77128444,             0.448,    0.001081492376,     0.08126747133,                 0,                 0,                 0,    -0.03312129133,  -0.0006916055339,      0.0812717245,                 0,       75.14382267
          0,           0,         628,      -12.33267137,      -13.24322013,      -12.85085319,      -11.78349945,             0.448,    0.001081492376,     0.08126747133,                 0,                 0,                 0,    -0.03312129132,  -0.0006916055341,     0.08127172451,                 0,       75.14382268
          0,           0,         629,      -12.34474442,      -13.25542995,      -12.86207293,      -11.79563404,             0.448,    0.001081492376,     0.08126747134,                 0,                 0,                 0,    -0.03312129132,  -0.0006916055342,     0.08127172451,                 0,       75.14382269
          0,           0,         630,       -12.3567481,      -13.26733448,      -12.87339147,      -11.80769147,             0.448,    0.001081492376,     0.08126747134,                 0,                 0,                 0,    -0.03312129132,  -0.0006916055344,     0.08127172452,                 0,        75.1438227
          0,           0,         631,      -12.36868643,      -13.27900309,       -12.8848252,      -11.81967519,             0.448,    0.001081492376,     0.08126747135,                 0,                 0,                 0,    -0.03312129132,  -0.0006916055346,     0.08127172452,                 0,        75.1438227
          0,           0,         632,       -12.3805666,      -13.29040104,      -12.89638652,      -11.83159199,             0.448,    0.001081492376,     0.08126747136,                 0,                 0,                 0,    -0.03312129132,  -0.0006916055347,     0.08127172453,                 0,       75.14382271
          0,           0,         633,      -12.39239408,      -13.30165707,      -12.90808111,      -11.84344574,             0.448,    0.001081492376,     0.08126747136,                 0,                 0,                 0,    -0.03312129132,  -0.0006916055349,     0.08127172454,                 0,       75.14382272
          0,           0,         634,      -12.40417653,      -13.31269241,      -12.91992184,      -11.85524459,             0.448,    0.001081492376,     0.08126747137,                 0,                 0,                 0,    -0.03312129132,  -0.0006916055351,     0.08127172454,                 0,       75.14382273
          0,           0,         635,      -12.41592109,      -13.32365406,      -12.93190743,      -11.86699528,             0.448,    0.001081492376,     0.08126747137,                 0,                 0,                 0,    -0.03312129132,  -0.0006916055352,     0.08127172455,                 0,       75.14382274
          0,           0,         636,      -12.42763631,      -13.33447275,      -12.94405048,      -11.87870674,             0.448,    0.001081492376,     0.08126747138,                 0,                 0,                 0,    -0.03312129132,  -0.0006916055354,     0.08127172455,                 0,       75.14382274
          0,           0,         637,       -12.4393324,      -13.34516819,      -12.95634723,      -11.89038893,             0.448,    0.001081492376,     0.08126747138,                 0,                 0,                 0,    -0.03312129132,  -0.0006916055355,     0.08127172455,                 0,       75.14382275
          0,           0,         638,      -12.45101595,      -13.35585852,      -12.96879747,      -11.90204797,             0.448,    0.001081492376,     0.08126747138,                 0,                 0,                 0,    -0.03312129132,  -0.0006916055356,     0.08127172456,                 0,       75.14382276
          0,           0,         639,      -12.46269691,      -13.36649988,      -12.98140006,      -11.91369615,             0.448,    0.001081492375,     0.08126747139,                 0,                 0,                 0,    -0.03312129132,  -0.0006916055358,     0.08127172456,                 0,       75.14382277
          0,           0,         640,       -12.4743835,      -13.37714762,      -12.99415128,      -11.92534036,             0.448,    0.001081492375,     0.08126747139,                 0,                 0,                 0,    -0.03312129131,  -0.0006916055359,     0.08127172457,                 0,       75.14382277
          0,           0,         641,      -12.48608473,       -13.3878007,      -13.00704512,      -11.93699175,             0.448,    0.001081492375,     0.08126747139,                 0,                 0,                 0,    -0.03312129131,   -0.000691605536,     0.08127172457,                 0,       75.14382278
          0,           0,         642,      -12.49780909,       -13.3984958,      -13.02007531,      -11.94865963,             0.448,    0.001081492375,      0.0812674714,                 0,                 0,                 0,    -0.03312129131,  -0.0006916055362,     0.08127172457,                 0,       75.14382279
          0,           0,         643,      -12.50956351,      -13.40920424,      -13.03322641,       -11.9603506,             0.448,    0.001081492375,      0.0812674714,                 0,                 0,                 0,    -0.03312129131,  -0.0006916055363,     0.08127172457,                 0,       75.14382279
          0,           0,         644,      -12.52135704,      -13.41999105,       -13.0464959,       -11.9720759,             0.448,    0.001081492375,      0.0812674714,                 0,                 0,                 0,    -0.03312129131,  -0.0006916055364,     0.08127172458,                 0,        75.1438228
          0,           0,         645,      -12.53319414,      -13.43084231,      -13.05986751,      -11.98384065,             0.448,    0.001081492375,     0.08126747141,                 0,                 0,                 0,    -0.03312129131,  -0.0006916055365,     0.08127172458,                 0,       75.14382281
          0,           0,         646,      -12.54508312,      -13.44174026,      -13.07333135,      -11.99565357,             0.448,    0.001081492375,     0.08126747141,                 0,                 0,                 0,    -0.03312129132,  -0.0006916055366,     0.08127172458,                 0,       75.14382281
          0,           0,         647,      -12.55702759,      -13.45273992,      -13.08686716,      -12.00752027,             0.448,    0.001081492375,     0.08126747141,                 0,                 0,                 0,    -0.03312129132,  -0.0006916055367,     0.08127172458,                 0,       75.14382282
          0,           0,         648,      -12.56903394,      -13.46384221,      -13.10046573,      -12.01944871,             0.448,    0.001081492375,     0.08126747141,                 0,                 0,                 0,    -0.03312129132,  -0.0006916055368,     0.08127172458,                 0,       75.14382282
          0,           0,         649,      -12.58110496,      -13.47504124,       -13.1141108,      -12.03144133,             0.448,    0.001081492375,     0.08126747141,                 0,                 0,                 0,    -0.03312129132,  -0.0006916055369,     0.08127172459,                 0,       75.14382283
          0,           0,         650,      -12.59324378,      -13.48636422,      -13.12778619,      -12.04350296,             0.448,    0.001081492375,     0.08126747141,                 0,                 0,                 0,    -0.03312129132,  -0.0006916055369,     0.08127172459,                 0,       75.14382283
          0,           0,         651,      -12.60545455,      -13.49774517,      -13.14147506,      -12.05563906,             0.448,    0.001081492375,     0.08126747141,                 0,                 0,                 0,    -0.03312129132,   -0.000691605537,     0.08127172459,                 0,       75.14382284
          0,           0,         652,      -12.61773785,      -13.50931161,      -13.15515876,       -12.0678511,             0.448,    0.001081492375,     0.08126747141,                 0,                 0,                 0,    -0.03312129132,  -0.0006916055371,     0.08127172459,                 0,       75.14382284
          0,           0,         653,      -12.63009421,      -13.52093245,      -13.16882539,      -12.08014034,             0.448,    0.001081492375,     0.08126747141,                 0,                 0,                 0,    -0.03312129132,  -0.0006916055371,     0.08127172459,                 0,       75.14382285
          0,           0,         654,      -12.64252389,       -13.5326795,      -13.18245978,      -12.09250829,             0.448,    0.001081492375,     0.08126747141,                 0,                 0,                 0,    -0.03312129132,  -0.0006916055372,     0.08127172459,                 0,       75.14382285
          0,           0,         655,      -12.65502692,      -13.54456176,       -13.1960463,      -12.10495498,             0.448,    0.001081492375,     0.08126747141,                 0,                 0,                 0,    -0.03312129132,  -0.0006916055372,     0.08127172459,                 0,       75.14382285
          0,           0,         656,      -12.66760247,      -13.55663939,      -13.20956988,       -12.1174798,             0.448,    0.001081492375,     0.08126747141,                 0,                 0,                 0,    -0.03312129132,  -0.0006916055373,     0.08127172459,                 0,       75.14382286
          0,           0,         657,      -12.68024771,       -13.5688206,      -13.22301961,      -12.13008127,             0.448,    0.001081492374,     0.08126747141,                 0,                 0,                 0,    -0.03312129132,  -0.0006916055373,     0.08127172459,                 0,       75.14382286
          0,           0,         658,      -12.69295977,      -13.58102534,      -13.23638064,      -12.14275739,             0.448,    0.001081492374,     0.08126747141,                 0,                 0,                 0,    -0.03312129132,  -0.0006916055373,     0.08127172458,                 0,       75.14382286
          0,           0,         659,      -12.70573533,      -13.59358383,      -13.24964441,      -12.15550601,             0.448,    0.001081492374,     0.08126747141,                 0,                 0,                 0,    -0.03312129132,  -0.0006916055373,     0.08127172458,                 0,       75.14382286
          0,           0,         660,      -12.71857029,      -13.60621144,      -13.26279962,      -12.16832089,             0.448,    0.001081492374,     0.08126747141,                 0,                 0,                 0,    -0.03312129132,  -0.0006916055374,     0.08127172458,                 0,       75.14382286
          0,           0,         661,      -12.73146179,      -13.61898211,      -13.27583795,      -12.18120031,             0.448,    0.001081492374,     0.08126747141,                 0,                 0,                 0,    -0.03312129132,  -0.0006916055374,     0.08127172458,                 0,       75.14382287
          0,           0,         662,      -12.74440126,      -13.63205809,      -13.28875347,       -12.1941362,             0.448,    0.001081492374,     0.08126747141,                 0,                 0,                 0,    -0.03312129132,  -0.0006916055374,     0.08127172458,                 0,       75.14382287
          0,           0,         663,      -12.75738627,      -13.64506441,      -13.30154303,       -12.2071269,             0.448,    0.001081492374,      0.0812674714,                 0,                 0,                 0,    -0.03312129132,  -0.0006916055374,     0.08127172458,                 0,       75.14382287
          0,           0,         664,      -12.77040691,      -13.65844694,        -13.314192,      -12.22016138,             0.448,    0.001081492374,      0.0812674714,                 0,                 0,                 0,    -0.03312129133,  -0.0006916055374,     0.08127172458,                 0,       75.14382287
          0,           0,         665,       -12.7834601,      -13.67198568,      -13.32671762,      -12.23323479,             0.448,    0.001081492374,      0.0812674714,                 0,                 0,                 0,    -0.03312129133,  -0.0006916055374,     0.08127172458,                 0,       75.14382287
          0,           0,         666,      -12.79653934,       -13.6856266,      -13.33910608,      -12.24634307,             0.448,    0.001081492374,      0.0812674714,                 0,                 0,                 0,    -0.03312129133,  -0.0006916055373,     0.08127172457,                 0,       75.14382287
          0,           0,         667,       -12.8096316,      -13.69949191,      -13.35135841,      -12.25947092,             0.448,    0.001081492374,      0.0812674714,                 0,                 0,                 0,    -0.03312129133,  -0.0006916055373,     0.08127172457,                 0,       75.14382287
          0,           0,         668,      -12.82273263,      -13.71346778,      -13.36348357,      -12.27261381,             0.448,    0.001081492374,      0.0812674714,                 0,                 0,                 0,    -0.03312129133,  -0.0006916055373,     0.08127172457,                 0,       75.14382287
          0,           0,         669,      -12.83583491,      -13.72757115,      -13.37547908,      -12.28576522,             0.448,    0.001081492374,     0.08126747139,                 0,                 0,                 0,    -0.03312129133,  -0.0006916055373,     0.08127172457,                 0,       75.14382287
          0,           0,         670,      -12.84892683,      -13.74179585,      -13.38735301,      -12.29891002,             0.448,    0.001081492374,     0.08126747139,                 0,                 0,                 0,    -0.03312129133,  -0.0006916055373,     0.08127172457,                 0,       75.14382287
          0,           0,         671,      -12.86200602,      -13.75608886,      -13.39910654,      -12.31204699,             0.448,    0.001081492374,     0.08126747139,                 0,                 0,                 0,    -0.03312129133,  -0.0006916055372,     0.08127172456,                 0,       75.14382287
          0,           0,         672,      -12.87505841,      -13.77058426,      -13.41075695,      -12.32516179,             0.448,    0.001081492374,     0.08126747139,                 0,                 0,                 0,    -0.03312129133,  -0.0006916055372,     0.08127172456,                 0,       75.14382286
          0,           0,         673,      -12.88807664,      -13.78514334,      -13.42229249,      -12.33824478,             0.448,    0.001081492374,     0.08126747139,                 0,                 0,                 0,    -0.03312129133,  -0.0006916055372,     0.08127172456,                 0,       75.14382286
          0,           0,         674,      -12.90105805,      -13.79963148,      -13.43374538,      -12.35129247,             0.448,    0.001081492374,     0.08126747139,                 0,                 0,                 0,    -0.03312129133,  -0.0006916055371,     0.08127172456,                 0,       75.14382286
          0,           0,         675,      -12.91398756,       -13.8142347,      -13.44510329,      -12.36428905,             0.448,    0.001081492374,     0.08126747138,                 0,                 0,                 0,    -0.03312129133,  -0.0006916055371,     0.08127172456,                 0,       75.14382286
          0,           0,         676,      -12.92686606,       -13.8285565,      -13.45640867,      -12.37723658,             0.448,    0.001081492374,     0.08126747138,                 0,                 0,                 0,    -0.03312129133,   -0.000691605537,     0.08127172456,                 0,       75.14382286
          0,           0,         677,      -12.93967979,      -13.84302555,      -13.46763665,      -12.39011817,             0.448,    0.001081492374,     0.08126747138,                 0,                 0,                 0,    -0.03312129133,   -0.000691605537,     0.08127172455,                 0,       75.14382285
          0,           0,         678,      -12.95242831,      -13.85743938,       -13.4788185,      -12.40292964,             0.448,    0.001081492374,     0.08126747138,                 0,                 0,                 0,    -0.03312129133,  -0.0006916055369,     0.08127172455,                 0,       75.14382285
          0,           0,         679,      -12.96510708,      -13.87150267,       -13.4899715,      -12.41567237,             0.448,    0.001081492374,     0.08126747138,                 0,                 0,                 0,    -0.03312129133,  -0.0006916055369,     0.08127172455,                 0,       75.14382285
          0,           0,         680,      -12.97770735,      -13.88550485,      -13.50109695,      -12.42833248,             0.448,    0.001081492374,     0.08126747138,                 0,                 0,                 0,    -0.03312129133,  -0.0006916055368,     0.08127172455,                 0,       75.14382285
          0,           0,         681,      -12.99023248,        -13.899343,       -13.5122026,      -12.44091313,             0.448,    0.001081492374,     0.08126747137,                 0,                 0,                 0,    -0.03312129133,  -0.0006916055368,     0.08127172455,                 0,       75.14382285
          0,           0,         682,      -13.00267871,      -13.91280217,      -13.52332082,       -12.4534097,             0.448,    0.001081492374,     0.08126747137,                 0,                 0,                 0,    -0.03312129133,  -0.0006916055368,     0.08127172455,                 0,       75.14382284
