"Time_Iter","Outer_Iter","Inner_Iter",     "rms[P]"     ,     "rms[U]"     ,     "rms[V]"     
          0,           0,           0,     -0.5385580409,     -0.5385580411,      -5.249604791
          0,           0,           1,     -0.5372010965,    -0.01727074582,     0.08472808201
          0,           0,           2,     -0.5276648274,       2.665694369,        2.75754981
          0,           0,           3,     -0.5276662988,       2.648893089,       2.740751607
          0,           0,           4,     -0.5276663288,       2.648494295,       2.740352904
          0,           0,           5,     -0.5276663267,       2.648534706,       2.740393312
          0,           0,           6,     -0.5276663312,       2.648469853,       2.740328472
          0,           0,           7,     -0.5276663251,       2.648566163,       2.740424765
          0,           0,           8,     -0.5276663294,       2.648503445,        2.74036206
          0,           0,           9,     -0.5276663227,       2.648601855,       2.740460451
          0,           0,          10,     -0.5276663256,       2.648560995,         2.7404196
          0,           0,          11,     -0.5276663239,       2.648591588,       2.740450187
          0,           0,          12,     -0.5276663254,       2.648573069,       2.740431672
          0,           0,          13,      -0.527666325,       2.648575942,       2.740434545
          0,           0,          14,      -0.527666327,       2.648553742,       2.740412349
          0,           0,          15,     -0.5276663238,       2.648605291,       2.740463889
          0,           0,          16,     -0.5276663224,       2.648624477,       2.740483071
          0,           0,          17,     -0.5276663286,       2.648539472,       2.740398082
          0,           0,          18,     -0.5276663245,       2.648597977,       2.740456577
          0,           0,          19,     -0.5276663239,       2.648596336,       2.740454936
          0,           0,          20,     -0.5276663286,       2.648534267,       2.740392879
          0,           0,          21,     -0.5276663251,       2.648583132,       2.740441735
          0,           0,          22,     -0.5276663264,       2.648564468,       2.740423074
          0,           0,          23,     -0.5276663235,       2.648609523,       2.740468121
          0,           0,          24,     -0.5276663218,       2.648638772,       2.740497364
          0,           0,          25,     -0.5276663253,       2.648592203,       2.740450804
          0,           0,          26,     -0.5276663224,       2.648634736,       2.740493329
          0,           0,          27,      -0.527666325,       2.648597607,       2.740456207
          0,           0,          28,     -0.5276663235,       2.648620269,       2.740478865
          0,           0,          29,     -0.5276663201,       2.648671525,       2.740530111
          0,           0,          30,     -0.5276663248,       2.648607457,       2.740466056
          0,           0,          31,     -0.5276663207,       2.648667459,       2.740526046
          0,           0,          32,      -0.527666324,        2.64861617,       2.740474767
          0,           0,          33,      -0.527666327,       2.648576875,       2.740435479
          0,           0,          34,     -0.5276663226,       2.648639102,       2.740497695
          0,           0,          35,     -0.5276663271,       2.648577473,       2.740436078
          0,           0,          36,     -0.5276663207,       2.648666801,       2.740525388
          0,           0,          37,     -0.5276663184,       2.648709446,       2.740568025
          0,           0,          38,     -0.5276663242,       2.648626467,       2.740485063
          0,           0,          39,     -0.5276663206,       2.648677339,       2.740535925
          0,           0,          40,     -0.5276663203,       2.648684464,       2.740543048
          0,           0,          41,     -0.5276663188,        2.64870362,       2.740562201
          0,           0,          42,     -0.5276663188,        2.64870991,        2.74056849
          0,           0,          43,     -0.5276663198,        2.64869575,       2.740554333
          0,           0,          44,     -0.5276663188,       2.648707326,       2.740565906
          0,           0,          45,     -0.5276663215,        2.64866601,       2.740524598
          0,           0,          46,     -0.5276663173,       2.648725723,         2.7405843
          0,           0,          47,     -0.5276663214,       2.648668318,       2.740526906
          0,           0,          48,     -0.5276663188,         2.6487068,        2.74056538
          0,           0,          49,     -0.5276663233,       2.648644251,       2.740502844
          0,           0,          50,     -0.5276663217,       2.648668864,       2.740527452
          0,           0,          51,     -0.5276663237,       2.648643861,       2.740502454
          0,           0,          52,     -0.5276663186,       2.648716081,        2.74057466
          0,           0,          53,     -0.5276663133,       2.648791209,       2.740649773
          0,           0,          54,     -0.5276663177,       2.648734413,       2.740592988
          0,           0,          55,      -0.527666317,       2.648743994,       2.740602568
          0,           0,          56,     -0.5276663223,       2.648671142,       2.740529729
          0,           0,          57,     -0.5276663173,       2.648740537,       2.740599111
          0,           0,          58,     -0.5276663163,       2.648757733,       2.740616304
          0,           0,          59,     -0.5276663211,       2.648689065,       2.740547649
          0,           0,          60,     -0.5276663198,       2.648714587,       2.740573166
          0,           0,          61,     -0.5276663175,       2.648746953,       2.740605526
          0,           0,          62,      -0.527666316,       2.648768393,       2.740626962
          0,           0,          63,      -0.527666315,       2.648787206,       2.740645771
          0,           0,          64,     -0.5276663118,       2.648837379,       2.740695935
          0,           0,          65,      -0.527666313,       2.648818657,       2.740677217
          0,           0,          66,     -0.5276663179,       2.648751016,       2.740609589
          0,           0,          67,      -0.527666313,       2.648821823,       2.740680382
          0,           0,          68,     -0.5276663138,       2.648815816,       2.740674376
          0,           0,          69,     -0.5276663134,       2.648822489,       2.740681049
          0,           0,          70,     -0.5276663116,       2.648850028,       2.740708581
          0,           0,          71,     -0.5276663129,       2.648836432,       2.740694988
          0,           0,          72,     -0.5276663127,        2.64884148,       2.740700035
          0,           0,          73,     -0.5276663104,        2.64887177,        2.74073032
          0,           0,          74,     -0.5276663098,       2.648879546,       2.740738094
          0,           0,          75,     -0.5276663088,       2.648893985,       2.740752529
          0,           0,          76,      -0.527666306,       2.648934697,       2.740793234
          0,           0,          77,     -0.5276663129,       2.648840031,       2.740698586
          0,           0,          78,     -0.5276663068,       2.648926912,       2.740785451
          0,           0,          79,     -0.5276663128,       2.648842669,       2.740701224
          0,           0,          80,     -0.5276663125,       2.648843587,       2.740702142
          0,           0,          81,     -0.5276663131,       2.648831645,       2.740690202
          0,           0,          82,     -0.5276663134,       2.648827829,       2.740686387
          0,           0,          83,      -0.527666312,       2.648850147,         2.7407087
          0,           0,          84,      -0.527666307,       2.648921722,       2.740780262
          0,           0,          85,     -0.5276663123,       2.648846531,       2.740705085
          0,           0,          86,     -0.5276663108,       2.648869174,       2.740727724
          0,           0,          87,     -0.5276663132,       2.648835582,       2.740694138
          0,           0,          88,     -0.5276663121,       2.648850151,       2.740708704
          0,           0,          89,     -0.5276663086,       2.648901073,       2.740759617
          0,           0,          90,     -0.5276663061,       2.648945352,       2.740803887
          0,           0,          91,     -0.5276663078,       2.648920632,       2.740779172
          0,           0,          92,     -0.5276663019,        2.64900192,       2.740860445
          0,           0,          93,     -0.5276663097,       2.648892876,       2.740751422
          0,           0,          94,     -0.5276663068,       2.648933655,       2.740792192
          0,           0,          95,     -0.5276663053,       2.648955431,       2.740813965
          0,           0,          96,      -0.527666309,       2.648900494,       2.740759038
          0,           0,          97,     -0.5276663051,       2.648955999,       2.740814533
          0,           0,          98,     -0.5276663069,       2.648931029,       2.740789567
          0,           0,          99,     -0.5276663086,       2.648904499,       2.740763042
          0,           0,         100,     -0.5276663095,       2.648889082,       2.740747628
          0,           0,         101,     -0.5276663081,       2.648911778,        2.74077032
          0,           0,         102,      -0.527666308,       2.648913247,       2.740771789
          0,           0,         103,     -0.5276663117,       2.648864713,       2.740723264
          0,           0,         104,     -0.5276663056,       2.648958191,       2.740816724
          0,           0,         105,     -0.5276663058,       2.648960659,       2.740819192
          0,           0,         106,     -0.5276663057,        2.64895916,       2.740817693
          0,           0,         107,     -0.5276663082,       2.648925487,       2.740784026
          0,           0,         108,     -0.5276663072,       2.648935802,        2.74079434
          0,           0,         109,     -0.5276663079,       2.648923934,       2.740782473
          0,           0,         110,      -0.527666307,       2.648937981,       2.740796518
          0,           0,         111,     -0.5276663053,       2.648962705,       2.740821237
          0,           0,         112,     -0.5276663121,       2.648865326,       2.740723877
          0,           0,         113,     -0.5276663063,       2.648945777,       2.740804313
          0,           0,         114,     -0.5276663059,        2.64895115,       2.740809685
          0,           0,         115,     -0.5276663089,       2.648904208,       2.740762752
          0,           0,         116,     -0.5276663088,       2.648912039,       2.740770581
          0,           0,         117,     -0.5276663102,       2.648888765,       2.740747311
          0,           0,         118,     -0.5276663063,       2.648947056,       2.740805591
          0,           0,         119,     -0.5276663112,       2.648880701,       2.740739249
          0,           0,         120,     -0.5276663093,       2.648907449,       2.740765992
          0,           0,         121,      -0.527666309,       2.648912021,       2.740770563
          0,           0,         122,     -0.5276663091,        2.64890575,       2.740764293
          0,           0,         123,     -0.5276663051,       2.648953599,       2.740812133
          0,           0,         124,     -0.5276663084,       2.648907913,       2.740766456
          0,           0,         125,     -0.5276663109,        2.64887204,       2.740730589
          0,           0,         126,     -0.5276663106,       2.648878795,       2.740737344
          0,           0,         127,     -0.5276663058,       2.648950036,       2.740808571
          0,           0,         128,     -0.5276663094,       2.648897571,       2.740756116
          0,           0,         129,     -0.5276663106,       2.648882378,       2.740740926
          0,           0,         130,      -0.527666311,       2.648867926,       2.740726476
          0,           0,         131,     -0.5276663106,       2.648872626,       2.740731175
          0,           0,         132,     -0.5276663128,       2.648840501,       2.740699057
          0,           0,         133,     -0.5276663109,        2.64886611,        2.74072466
          0,           0,         134,     -0.5276663086,       2.648896991,       2.740755536
          0,           0,         135,     -0.5276663116,       2.648855279,       2.740713831
          0,           0,         136,      -0.527666313,       2.648838777,       2.740697333
          0,           0,         137,     -0.5276663118,       2.648854163,       2.740712716
          0,           0,         138,     -0.5276663113,       2.648862389,       2.740720941
          0,           0,         139,     -0.5276663139,        2.64882575,       2.740684308
          0,           0,         140,     -0.5276663125,       2.648848168,       2.740706722
          0,           0,         141,     -0.5276663105,       2.648879359,       2.740737907
          0,           0,         142,     -0.5276663125,       2.648851317,        2.74070987
          0,           0,         143,     -0.5276663139,       2.648830795,       2.740689353
          0,           0,         144,     -0.5276663093,       2.648893979,       2.740752524
          0,           0,         145,     -0.5276663133,        2.64883763,       2.740696186
          0,           0,         146,     -0.5276663117,       2.648854213,       2.740712766
          0,           0,         147,       -0.52766631,       2.648880077,       2.740738625
          0,           0,         148,     -0.5276663153,       2.648806251,       2.740664813
          0,           0,         149,     -0.5276663151,       2.648807167,       2.740665729
          0,           0,         150,       -0.52766631,       2.648880526,       2.740739074
          0,           0,         151,     -0.5276663134,       2.648833501,       2.740692058
          0,           0,         152,     -0.5276663106,        2.64887289,       2.740731439
          0,           0,         153,     -0.5276663054,       2.648958563,       2.740817097
          0,           0,         154,     -0.5276663037,       2.648985494,       2.740844022
          0,           0,         155,      -0.527666308,       2.648926158,       2.740784698
          0,           0,         156,     -0.5276663085,       2.648920083,       2.740778623
          0,           0,         157,     -0.5276663097,        2.64890183,       2.740760374
          0,           0,         158,      -0.527666307,       2.648937301,       2.740795837
          0,           0,         159,     -0.5276663062,       2.648949821,       2.740808355
          0,           0,         160,     -0.5276663067,       2.648944208,       2.740802743
          0,           0,         161,     -0.5276663065,       2.648945509,       2.740804044
          0,           0,         162,      -0.527666306,       2.648952892,       2.740811426
          0,           0,         163,      -0.527666305,       2.648964632,       2.740823164
          0,           0,         164,     -0.5276663065,       2.648948907,       2.740807442
          0,           0,         165,     -0.5276663056,       2.648961595,       2.740820127
          0,           0,         166,     -0.5276663041,       2.648986405,       2.740844933
          0,           0,         167,     -0.5276663088,       2.648917942,       2.740776483
          0,           0,         168,     -0.5276663077,       2.648930021,        2.74078856
          0,           0,         169,     -0.5276663031,       2.648992596,       2.740851123
          0,           0,         170,     -0.5276663102,       2.648894561,       2.740753107
          0,           0,         171,     -0.5276663034,        2.64899172,       2.740850247
          0,           0,         172,     -0.5276663048,       2.648973949,       2.740832479
          0,           0,         173,     -0.5276663046,       2.648974311,       2.740832841
          0,           0,         174,     -0.5276663068,       2.648942653,       2.740801189
          0,           0,         175,     -0.5276663055,       2.648965614,       2.740824146
          0,           0,         176,      -0.527666306,         2.6489621,       2.740820632
          0,           0,         177,     -0.5276663043,       2.648986597,       2.740845125
          0,           0,         178,     -0.5276663011,        2.64903095,       2.740889469
          0,           0,         179,     -0.5276663032,       2.649001066,       2.740859591
          0,           0,         180,     -0.5276663041,        2.64899241,       2.740850937
          0,           0,         181,      -0.527666301,       2.649032276,       2.740890795
          0,           0,         182,     -0.5276663046,       2.648980775,       2.740839304
          0,           0,         183,     -0.5276663062,       2.648960145,       2.740818678
          0,           0,         184,     -0.5276663044,       2.648987302,        2.74084583
          0,           0,         185,     -0.5276663055,       2.648969819,        2.74082835
          0,           0,         186,     -0.5276663035,        2.64899456,       2.740853086
          0,           0,         187,     -0.5276663044,       2.648979769,       2.740838298
          0,           0,         188,     -0.5276663044,       2.648979734,       2.740838264
          0,           0,         189,     -0.5276663066,       2.648949971,       2.740808506
          0,           0,         190,     -0.5276663054,       2.648962382,       2.740820914
          0,           0,         191,     -0.5276663067,       2.648943772,       2.740802307
          0,           0,         192,     -0.5276663092,       2.648908264,       2.740766807
          0,           0,         193,      -0.527666307,       2.648935454,       2.740793991
          0,           0,         194,      -0.527666307,       2.648937231,       2.740795768
          0,           0,         195,     -0.5276663037,       2.648977921,        2.74083645
          0,           0,         196,     -0.5276663094,       2.648897007,       2.740755551
          0,           0,         197,     -0.5276663065,       2.648937267,       2.740795803
          0,           0,         198,     -0.5276663105,       2.648882682,       2.740741229
          0,           0,         199,     -0.5276663105,       2.648882047,       2.740740594
          0,           0,         200,      -0.527666308,       2.648917466,       2.740776007
          0,           0,         201,     -0.5276663058,       2.648950306,       2.740808841
          0,           0,         202,     -0.5276663088,       2.648907167,        2.74076571
          0,           0,         203,     -0.5276663093,       2.648903906,       2.740762449
          0,           0,         204,     -0.5276663084,       2.648917777,       2.740776318
          0,           0,         205,     -0.5276663064,       2.648944577,       2.740803113
          0,           0,         206,     -0.5276663068,       2.648936661,       2.740795198
          0,           0,         207,      -0.527666309,       2.648902434,       2.740760977
          0,           0,         208,     -0.5276663059,       2.648948625,       2.740807159
          0,           0,         209,     -0.5276663071,       2.648932381,       2.740790919
          0,           0,         210,     -0.5276663095,       2.648897516,       2.740756061
          0,           0,         211,     -0.5276663098,       2.648890077,       2.740748623
          0,           0,         212,     -0.5276663084,       2.648909328,        2.74076787
          0,           0,         213,     -0.5276663116,       2.648867114,       2.740725665
          0,           0,         214,     -0.5276663087,        2.64891002,       2.740768562
          0,           0,         215,     -0.5276663084,       2.648914159,       2.740772701
          0,           0,         216,     -0.5276663074,       2.648928269,       2.740786808
          0,           0,         217,     -0.5276663078,       2.648921876,       2.740780417
          0,           0,         218,     -0.5276663094,       2.648893936,       2.740752481
          0,           0,         219,     -0.5276663126,       2.648844664,       2.740703219
          0,           0,         220,     -0.5276663158,       2.648793858,       2.740652422
          0,           0,         221,      -0.527666318,       2.648761923,       2.740620492
          0,           0,         222,     -0.5276663148,        2.64881106,       2.740669621
          0,           0,         223,     -0.5276663118,       2.648853759,       2.740712312
          0,           0,         224,     -0.5276663118,       2.648852331,       2.740710884
          0,           0,         225,      -0.527666306,       2.648936837,       2.740795374
          0,           0,         226,     -0.5276663118,       2.648856516,       2.740715068
          0,           0,         227,     -0.5276663182,       2.648764353,       2.740622923
          0,           0,         228,     -0.5276663114,       2.648867474,       2.740726024
          0,           0,         229,     -0.5276663113,       2.648868753,       2.740727303
          0,           0,         230,     -0.5276663114,       2.648868203,       2.740726753
          0,           0,         231,     -0.5276663139,       2.648833153,       2.740691709
          0,           0,         232,     -0.5276663116,         2.6488688,        2.74072735
          0,           0,         233,     -0.5276663048,        2.64896756,       2.740826091
          0,           0,         234,     -0.5276663077,       2.648922261,       2.740780801
          0,           0,         235,     -0.5276663083,       2.648915124,       2.740773666
          0,           0,         236,     -0.5276663085,       2.648911975,       2.740770518
          0,           0,         237,     -0.5276663121,       2.648859166,       2.740717718
          0,           0,         238,     -0.5276663099,       2.648892765,        2.74075131
          0,           0,         239,     -0.5276663133,       2.648841532,       2.740700087
          0,           0,         240,     -0.5276663071,       2.648926792,       2.740785331
          0,           0,         241,     -0.5276663114,       2.648865339,        2.74072389
          0,           0,         242,     -0.5276663142,       2.648827055,       2.740685613
          0,           0,         243,     -0.5276663114,       2.648869474,       2.740728024
          0,           0,         244,     -0.5276663111,        2.64887378,       2.740732329
          0,           0,         245,     -0.5276663098,       2.648890319,       2.740748865
          0,           0,         246,     -0.5276663114,       2.648866518,       2.740725068
          0,           0,         247,     -0.5276663064,       2.648941667,       2.740800203
          0,           0,         248,     -0.5276663098,       2.648892503,       2.740751048
          0,           0,         249,     -0.5276663105,       2.648885071,       2.740743618
          0,           0,         250,     -0.5276663073,       2.648929633,       2.740788171
          0,           0,         251,     -0.5276663103,       2.648882143,       2.740740691
          0,           0,         252,      -0.527666311,       2.648875467,       2.740734015
          0,           0,         253,     -0.5276663081,       2.648919046,       2.740777586
          0,           0,         254,     -0.5276663093,       2.648905048,       2.740763591
          0,           0,         255,     -0.5276663066,       2.648947961,       2.740806496
          0,           0,         256,      -0.527666302,       2.649015659,       2.740874181
          0,           0,         257,     -0.5276663052,       2.648975861,        2.74083439
          0,           0,         258,     -0.5276663074,       2.648943738,       2.740802274
          0,           0,         259,     -0.5276663021,       2.649011453,       2.740869975
          0,           0,         260,     -0.5276663137,       2.648847691,       2.740706245
          0,           0,         261,     -0.5276663081,       2.648922157,       2.740780697
          0,           0,         262,     -0.5276663025,       2.649001263,       2.740859788
          0,           0,         263,     -0.5276663064,        2.64894449,       2.740803026
          0,           0,         264,     -0.5276663082,       2.648918215,       2.740776755
          0,           0,         265,     -0.5276663076,       2.648930724,       2.740789263
          0,           0,         266,     -0.5276663068,       2.648944612,       2.740803148
          0,           0,         267,      -0.527666309,       2.648914214,       2.740772756
          0,           0,         268,      -0.527666306,       2.648957983,       2.740816516
          0,           0,         269,     -0.5276663055,       2.648966493,       2.740825025
          0,           0,         270,     -0.5276663076,        2.64893576,       2.740794298
          0,           0,         271,     -0.5276663059,       2.648962941,       2.740821474
          0,           0,         272,     -0.5276663035,       2.648995018,       2.740853545
          0,           0,         273,     -0.5276663034,       2.648998212,       2.740856738
          0,           0,         274,     -0.5276663044,       2.648982904,       2.740841432
          0,           0,         275,     -0.5276663071,        2.64893496,       2.740793498
          0,           0,         276,     -0.5276663047,       2.648968501,       2.740827032
          0,           0,         277,     -0.5276663067,       2.648941744,        2.74080028
          0,           0,         278,     -0.5276663074,       2.648924801,        2.74078334
          0,           0,         279,     -0.5276663101,       2.648889817,       2.740748363
          0,           0,         280,       -0.52766631,       2.648892945,        2.74075149
          0,           0,         281,     -0.5276663091,       2.648905403,       2.740763945
          0,           0,         282,     -0.5276663069,       2.648933227,       2.740791765
          0,           0,         283,     -0.5276663073,       2.648930222,        2.74078876
          0,           0,         284,     -0.5276663116,       2.648865794,       2.740724344
          0,           0,         285,     -0.5276663087,       2.648904283,       2.740762826
          0,           0,         286,     -0.5276663129,       2.648845994,       2.740704548
          0,           0,         287,     -0.5276663094,       2.648894749,       2.740753293
          0,           0,         288,     -0.5276663115,       2.648874986,       2.740733534
          0,           0,         289,     -0.5276663092,       2.648906295,       2.740764838
          0,           0,         290,     -0.5276663073,       2.648932209,       2.740790747
          0,           0,         291,     -0.5276663102,       2.648886284,       2.740744831
          0,           0,         292,     -0.5276663119,       2.648858273,       2.740716824
          0,           0,         293,     -0.5276663105,       2.648883884,       2.740742431
          0,           0,         294,     -0.5276663119,       2.648867517,       2.740726068
          0,           0,         295,     -0.5276663076,        2.64893119,       2.740789728
          0,           0,         296,     -0.5276663084,        2.64891807,       2.740776611
          0,           0,         297,     -0.5276663102,       2.648893882,       2.740752428
          0,           0,         298,     -0.5276663093,       2.648905509,       2.740764052
          0,           0,         299,     -0.5276663068,        2.64894258,       2.740801116
          0,           0,         300,     -0.5276663118,       2.648872492,       2.740731041
          0,           0,         301,     -0.5276663084,        2.64892105,        2.74077959
          0,           0,         302,     -0.5276663063,       2.648948577,       2.740807112
          0,           0,         303,      -0.527666305,       2.648971472,       2.740830003
          0,           0,         304,      -0.527666305,       2.648976512,       2.740835041
          0,           0,         305,      -0.527666302,       2.649021524,       2.740880045
          0,           0,         306,     -0.5276663065,       2.648951169,       2.740809703
          0,           0,         307,     -0.5276663034,       2.648991846,       2.740850372
          0,           0,         308,     -0.5276663054,       2.648965346,       2.740823878
          0,           0,         309,     -0.5276663049,       2.648976032,       2.740834561
          0,           0,         310,     -0.5276663064,       2.648956198,       2.740814731
          0,           0,         311,     -0.5276663073,       2.648936541,       2.740795078
          0,           0,         312,     -0.5276663048,       2.648968482,       2.740827013
          0,           0,         313,     -0.5276663067,       2.648939824,        2.74079836
          0,           0,         314,     -0.5276663093,       2.648903885,       2.740762428
          0,           0,         315,     -0.5276663103,       2.648890718,       2.740749263
          0,           0,         316,     -0.5276663091,       2.648912207,       2.740770749
          0,           0,         317,     -0.5276663083,       2.648923987,       2.740782526
          0,           0,         318,     -0.5276663073,       2.648937683,        2.74079622
          0,           0,         319,     -0.5276663103,       2.648895182,       2.740753727
          0,           0,         320,     -0.5276663077,       2.648933269,       2.740791806
          0,           0,         321,     -0.5276663088,        2.64891353,       2.740772072
          0,           0,         322,     -0.5276663101,       2.648896463,       2.740755008
          0,           0,         323,     -0.5276663115,       2.648883819,       2.740742366
          0,           0,         324,     -0.5276663051,       2.648970513,       2.740829043
          0,           0,         325,     -0.5276663099,       2.648903396,       2.740761939
          0,           0,         326,     -0.5276663049,       2.648972217,       2.740830747
          0,           0,         327,     -0.5276663063,        2.64895511,       2.740813643
          0,           0,         328,     -0.5276663069,       2.648946018,       2.740804553
          0,           0,         329,     -0.5276663107,       2.648890511,       2.740749057
          0,           0,         330,     -0.5276663076,       2.648939524,       2.740798061
          0,           0,         331,      -0.527666308,       2.648930913,       2.740789451
          0,           0,         332,     -0.5276663062,       2.648955628,       2.740814162
          0,           0,         333,     -0.5276663083,       2.648925812,       2.740784351
          0,           0,         334,     -0.5276663078,       2.648935859,       2.740794396
          0,           0,         335,     -0.5276663094,       2.648907076,       2.740765619
          0,           0,         336,     -0.5276663088,       2.648915584,       2.740774125
          0,           0,         337,     -0.5276663103,       2.648895703,       2.740754248
          0,           0,         338,     -0.5276663097,       2.648906071,       2.740764614
          0,           0,         339,     -0.5276663079,       2.648933792,        2.74079233
          0,           0,         340,     -0.5276663081,       2.648931388,       2.740789926
          0,           0,         341,     -0.5276663076,       2.648937648,       2.740796185
          0,           0,         342,     -0.5276663064,       2.648953487,       2.740812021
          0,           0,         343,      -0.527666309,       2.648915473,       2.740774014
          0,           0,         344,     -0.5276663085,       2.648922887,       2.740781426
          0,           0,         345,     -0.5276663055,       2.648968116,       2.740826647
          0,           0,         346,     -0.5276663105,       2.648894963,       2.740753508
          0,           0,         347,     -0.5276663068,       2.648946471,       2.740805006
          0,           0,         348,     -0.5276663097,       2.648907996,       2.740766538
          0,           0,         349,     -0.5276663086,       2.648923858,       2.740782397
          0,           0,         350,     -0.5276663104,       2.648899335,       2.740757879
          0,           0,         351,     -0.5276663051,       2.648973076,       2.740831606
          0,           0,         352,     -0.5276663071,       2.648946132,       2.740804667
          0,           0,         353,     -0.5276663059,       2.648964526,       2.740823058
          0,           0,         354,      -0.527666305,       2.648976642,       2.740835172
          0,           0,         355,     -0.5276663081,        2.64892766,       2.740786199
          0,           0,         356,     -0.5276663091,       2.648910161,       2.740768703
          0,           0,         357,     -0.5276663079,       2.648928681,       2.740787219
          0,           0,         358,     -0.5276663099,        2.64890235,       2.740760894
          0,           0,         359,     -0.5276663104,       2.648894897,       2.740753443
          0,           0,         360,     -0.5276663082,       2.648928508,       2.740787046
          0,           0,         361,     -0.5276663109,       2.648893716,       2.740752262
          0,           0,         362,     -0.5276663099,       2.648909611,       2.740768154
          0,           0,         363,     -0.5276663076,       2.648947757,       2.740806292
          0,           0,         364,     -0.5276663061,       2.648964985,       2.740823517
          0,           0,         365,     -0.5276663074,       2.648946209,       2.740804744
          0,           0,         366,     -0.5276663102,       2.648910858,       2.740769401
          0,           0,         367,     -0.5276663073,       2.648947838,       2.740806372
          0,           0,         368,     -0.5276663028,       2.649012831,       2.740871354
          0,           0,         369,     -0.5276663076,       2.648946891,       2.740805427
          0,           0,         370,     -0.5276663069,       2.648961566,       2.740820099
          0,           0,         371,     -0.5276663076,       2.648949249,       2.740807784
          0,           0,         372,     -0.5276663056,       2.648979404,       2.740837933
          0,           0,         373,     -0.5276663044,        2.64899593,       2.740854456
          0,           0,         374,     -0.5276663016,       2.649036376,       2.740894895
          0,           0,         375,     -0.5276663063,       2.648965742,       2.740824274
          0,           0,         376,     -0.5276663089,       2.648929491,        2.74078803
          0,           0,         377,     -0.5276663084,       2.648935809,       2.740794347
          0,           0,         378,     -0.5276663088,       2.648926677,       2.740785217
          0,           0,         379,     -0.5276663101,       2.648910001,       2.740768543
          0,           0,         380,     -0.5276663064,        2.64896176,       2.740820292
          0,           0,         381,     -0.5276663037,       2.648999227,       2.740857753
          0,           0,         382,      -0.527666308,       2.648942386,       2.740800922
          0,           0,         383,     -0.5276663086,       2.648929933,       2.740788472
          0,           0,         384,     -0.5276663068,       2.648960396,       2.740818929
          0,           0,         385,      -0.527666306,       2.648969953,       2.740828484
          0,           0,         386,     -0.5276663035,       2.649005396,        2.74086392
          0,           0,         387,     -0.5276663092,        2.64892884,       2.740787379
          0,           0,         388,     -0.5276663057,       2.648977836,       2.740836365
          0,           0,         389,     -0.5276663099,       2.648920746,       2.740779286
          0,           0,         390,     -0.5276663061,       2.648969662,       2.740828193
          0,           0,         391,     -0.5276663038,       2.649006066,        2.74086459
          0,           0,         392,     -0.5276663042,        2.64900109,       2.740859615
          0,           0,         393,     -0.5276663051,       2.648988418,       2.740846946
          0,           0,         394,     -0.5276663055,       2.648980344,       2.740838873
          0,           0,         395,     -0.5276663083,       2.648941927,       2.740800463
          0,           0,         396,     -0.5276663101,       2.648919591,       2.740778132
          0,           0,         397,      -0.527666307,       2.648958936,       2.740817469
          0,           0,         398,     -0.5276663081,       2.648943495,       2.740802031
          0,           0,         399,     -0.5276663059,       2.648972266,       2.740830796
          0,           0,         400,     -0.5276663017,       2.649033183,       2.740891701
          0,           0,         401,      -0.527666303,        2.64901687,       2.740875391
          0,           0,         402,     -0.5276663069,       2.648960218,       2.740818751
          0,           0,         403,      -0.527666303,       2.649015226,       2.740873748
          0,           0,         404,     -0.5276663046,        2.64899514,       2.740853666
          0,           0,         405,     -0.5276663028,       2.649021698,       2.740880218
          0,           0,         406,     -0.5276663045,       2.648997931,       2.740856457
          0,           0,         407,     -0.5276663031,       2.649018378,       2.740876899
          0,           0,         408,     -0.5276663039,       2.649007111,       2.740865635
          0,           0,         409,     -0.5276663026,       2.649025752,       2.740884272
          0,           0,         410,      -0.527666303,       2.649021654,       2.740880175
          0,           0,         411,     -0.5276663025,       2.649028778,       2.740887298
          0,           0,         412,     -0.5276663049,       2.648992848,       2.740851375
          0,           0,         413,     -0.5276663045,        2.64899528,       2.740853806
          0,           0,         414,     -0.5276663036,       2.649008164,       2.740866688
          0,           0,         415,     -0.5276663052,       2.648986561,       2.740845089
          0,           0,         416,     -0.5276663053,       2.648984937,       2.740843465
          0,           0,         417,     -0.5276663046,       2.648993271,       2.740851798
          0,           0,         418,     -0.5276663037,       2.649006941,       2.740865465
          0,           0,         419,     -0.5276663064,       2.648973262,       2.740831792
          0,           0,         420,     -0.5276663041,       2.649004184,       2.740862708
          0,           0,         421,     -0.5276663043,       2.649000208,       2.740858733
          0,           0,         422,     -0.5276663049,       2.648993347,       2.740851873
          0,           0,         423,     -0.5276663049,       2.648991701,       2.740850227
          0,           0,         424,     -0.5276663046,       2.648998776,       2.740857302
          0,           0,         425,      -0.527666305,       2.648991645,       2.740850173
          0,           0,         426,     -0.5276663024,       2.649036968,       2.740895486
          0,           0,         427,     -0.5276663004,       2.649060637,       2.740919151
          0,           0,         428,     -0.5276663045,       2.648999238,       2.740857764
          0,           0,         429,     -0.5276663046,       2.648995679,       2.740854205
          0,           0,         430,     -0.5276663047,       2.648995867,       2.740854393
          0,           0,         431,     -0.5276663004,       2.649070735,       2.740929246
          0,           0,         432,      -0.527666299,         2.6490901,       2.740948608
          0,           0,         433,     -0.5276663002,       2.649073048,        2.74093156
          0,           0,         434,     -0.5276662977,        2.64911056,       2.740969065
          0,           0,         435,     -0.5276662981,        2.64910554,       2.740964046
          0,           0,         436,     -0.5276662979,       2.649112876,        2.74097138
          0,           0,         437,     -0.5276663033,        2.64903462,       2.740893139
          0,           0,         438,     -0.5276663006,       2.649066318,       2.740924831
          0,           0,         439,     -0.5276662998,       2.649078445,       2.740936956
          0,           0,         440,     -0.5276663004,       2.649064598,       2.740923111
          0,           0,         441,     -0.5276662967,       2.649117239,       2.740975743
          0,           0,         442,     -0.5276663008,       2.649060843,       2.740919357
          0,           0,         443,     -0.5276662978,       2.649109571,       2.740968076
          0,           0,         444,     -0.5276662947,        2.64915085,       2.741009348
          0,           0,         445,     -0.5276662977,       2.649111206,       2.740969711
          0,           0,         446,     -0.5276663004,       2.649072048,       2.740930561
          0,           0,         447,     -0.5276663006,        2.64906974,       2.740928253
          0,           0,         448,     -0.5276663007,       2.649064384,       2.740922898
          0,           0,         449,     -0.5276663018,       2.649044934,       2.740903451
          0,           0,         450,     -0.5276663016,       2.649047658,       2.740906175
          0,           0,         451,     -0.5276663033,        2.64902246,       2.740880982
          0,           0,         452,     -0.5276663033,       2.649022023,       2.740880545
          0,           0,         453,     -0.5276663048,       2.648999737,       2.740858263
          0,           0,         454,     -0.5276663038,       2.649016413,       2.740874936
          0,           0,         455,     -0.5276663012,       2.649052107,       2.740910623
          0,           0,         456,     -0.5276663024,       2.649032639,       2.740891159
          0,           0,         457,     -0.5276662983,       2.649093441,       2.740951949
          0,           0,         458,     -0.5276662982,       2.649099351,       2.740957858
          0,           0,         459,     -0.5276662988,       2.649091336,       2.740949844
          0,           0,         460,     -0.5276663029,       2.649033225,       2.740891744
          0,           0,         461,     -0.5276662991,       2.649084359,       2.740942868
          0,           0,         462,     -0.5276662993,       2.649085163,       2.740943672
          0,           0,         463,     -0.5276663018,       2.649042524,       2.740901041
          0,           0,         464,     -0.5276663051,       2.648997573,       2.740856098
          0,           0,         465,     -0.5276663039,       2.649011084,       2.740869607
          0,           0,         466,      -0.527666304,       2.649013674,       2.740872196
          0,           0,         467,     -0.5276663014,       2.649050837,       2.740909352
          0,           0,         468,     -0.5276663046,       2.649008079,       2.740866603
          0,           0,         469,     -0.5276663021,       2.649043369,       2.740901886
          0,           0,         470,     -0.5276663023,       2.649039433,       2.740897951
          0,           0,         471,     -0.5276663026,       2.649034249,       2.740892768
          0,           0,         472,     -0.5276663023,       2.649039787,       2.740898304
          0,           0,         473,     -0.5276663004,       2.649064796,       2.740923309
          0,           0,         474,     -0.5276662985,       2.649095676,       2.740954183
          0,           0,         475,     -0.5276663055,       2.648996515,       2.740855041
          0,           0,         476,     -0.5276662992,       2.649088258,       2.740946767
          0,           0,         477,     -0.5276663022,       2.649043458,       2.740901976
          0,           0,         478,     -0.5276663026,        2.64903589,       2.740894409
          0,           0,         479,     -0.5276663002,        2.64907122,       2.740929732
          0,           0,         480,     -0.5276662998,       2.649081285,       2.740939795
          0,           0,         481,     -0.5276662997,       2.649085018,       2.740943527
          0,           0,         482,     -0.5276663009,       2.649061684,       2.740920197
          0,           0,         483,     -0.5276663036,       2.649021508,        2.74088003
          0,           0,         484,     -0.5276663041,       2.649012283,       2.740870807
          0,           0,         485,     -0.5276663077,       2.648962388,       2.740820921
          0,           0,         486,     -0.5276663024,       2.649033683,       2.740892203
          0,           0,         487,     -0.5276663057,       2.648983611,       2.740842139
          0,           0,         488,     -0.5276662981,       2.649089686,       2.740948195
          0,           0,         489,     -0.5276663062,       2.648978415,       2.740836945
          0,           0,         490,     -0.5276663059,        2.64898146,       2.740839989
          0,           0,         491,     -0.5276663032,       2.649021421,       2.740879943
          0,           0,         492,     -0.5276663057,        2.64898506,       2.740843589
          0,           0,         493,     -0.5276663034,       2.649018234,       2.740876756
          0,           0,         494,     -0.5276663049,        2.64899613,       2.740854656
          0,           0,         495,     -0.5276663041,       2.649007454,       2.740865978
          0,           0,         496,     -0.5276663085,       2.648941742,       2.740800279
          0,           0,         497,     -0.5276663071,       2.648962584,       2.740821117
          0,           0,         498,     -0.5276663083,       2.648944761,       2.740803298
          0,           0,         499,     -0.5276663071,        2.64896298,       2.740821512
          0,           0,         500,     -0.5276663053,       2.648990093,       2.740848621
          0,           0,         501,      -0.527666306,       2.648979466,       2.740837995
          0,           0,         502,     -0.5276663023,       2.649034618,       2.740893137
          0,           0,         503,     -0.5276663048,        2.64900155,       2.740860075
          0,           0,         504,     -0.5276663046,        2.64899731,       2.740855836
          0,           0,         505,     -0.5276663051,       2.648990123,       2.740848651
          0,           0,         506,     -0.5276663052,       2.648991325,       2.740849852
          0,           0,         507,      -0.527666304,       2.649006319,       2.740864843
          0,           0,         508,     -0.5276663058,       2.648976664,       2.740835194
          0,           0,         509,     -0.5276663041,        2.64900034,       2.740858865
          0,           0,         510,     -0.5276663039,       2.649001089,       2.740859614
          0,           0,         511,     -0.5276663063,       2.648970668,       2.740829198
          0,           0,         512,     -0.5276663052,        2.64898567,       2.740844197
          0,           0,         513,      -0.527666307,       2.648961581,       2.740820113
          0,           0,         514,     -0.5276663064,        2.64897236,        2.74083089
          0,           0,         515,     -0.5276663059,        2.64897936,        2.74083789
          0,           0,         516,     -0.5276663071,       2.648961865,       2.740820398
          0,           0,         517,     -0.5276663022,       2.649030852,       2.740889372
          0,           0,         518,     -0.5276663028,        2.64902277,       2.740881291
          0,           0,         519,     -0.5276663016,       2.649042988,       2.740901505
          0,           0,         520,     -0.5276663037,       2.649018274,       2.740876796
          0,           0,         521,      -0.527666305,       2.649000664,       2.740859189
          0,           0,         522,     -0.5276663019,       2.649045117,       2.740903634
          0,           0,         523,     -0.5276663039,       2.649017722,       2.740876244
          0,           0,         524,      -0.527666304,       2.649016085,       2.740874607
          0,           0,         525,     -0.5276663047,       2.649006736,        2.74086526
          0,           0,         526,      -0.527666302,       2.649047147,       2.740905663
          0,           0,         527,     -0.5276663002,       2.649072206,       2.740930718
          0,           0,         528,     -0.5276663017,       2.649051238,       2.740909754
          0,           0,         529,        -0.5276663,       2.649077579,       2.740936091
          0,           0,         530,     -0.5276663003,       2.649071377,       2.740929889
          0,           0,         531,     -0.5276662988,       2.649091243,       2.740949751
          0,           0,         532,     -0.5276663029,       2.649034503,       2.740893022
          0,           0,         533,     -0.5276663032,       2.649019186,       2.740877707
          0,           0,         534,     -0.5276663026,       2.649030352,       2.740888872
          0,           0,         535,     -0.5276663032,       2.649023781,       2.740882302
          0,           0,         536,     -0.5276663028,       2.649031812,       2.740890332
          0,           0,         537,     -0.5276663009,       2.649061249,       2.740919764
          0,           0,         538,     -0.5276663025,       2.649041619,       2.740900137
          0,           0,         539,      -0.527666303,       2.649029847,       2.740888367
          0,           0,         540,     -0.5276662992,       2.649084783,       2.740943292
          0,           0,         541,     -0.5276663036,       2.649023659,        2.74088218
          0,           0,         542,     -0.5276663058,       2.648988575,       2.740847102
          0,           0,         543,      -0.527666301,       2.649056723,       2.740915238
          0,           0,         544,     -0.5276663031,       2.649027603,       2.740886123
          0,           0,         545,     -0.5276663018,       2.649045325,       2.740903842
          0,           0,         546,     -0.5276663044,        2.64900463,       2.740863155
          0,           0,         547,     -0.5276663038,       2.649010374,       2.740868898
          0,           0,         548,     -0.5276663041,       2.649005738,       2.740864263
          0,           0,         549,      -0.527666302,       2.649039077,       2.740897595
          0,           0,         550,     -0.5276663018,       2.649047513,        2.74090603
          0,           0,         551,     -0.5276663011,       2.649054304,       2.740912819
          0,           0,         552,     -0.5276663021,        2.64904015,       2.740898668
          0,           0,         553,     -0.5276663024,         2.6490317,       2.740890219
          0,           0,         554,     -0.5276663037,       2.649013542,       2.740872064
          0,           0,         555,     -0.5276663061,       2.648977351,        2.74083588
          0,           0,         556,     -0.5276663071,         2.6489617,       2.740820233
          0,           0,         557,     -0.5276663068,       2.648963269,       2.740821801
          0,           0,         558,     -0.5276663084,       2.648944106,       2.740802642
          0,           0,         559,     -0.5276663031,       2.649017755,       2.740876277
          0,           0,         560,     -0.5276663021,       2.649035121,        2.74089364
          0,           0,         561,      -0.527666302,       2.649037976,       2.740896494
          0,           0,         562,     -0.5276663056,       2.648988705,       2.740847233
          0,           0,         563,     -0.5276663006,       2.649058968,       2.740917482
          0,           0,         564,     -0.5276662995,       2.649075784,       2.740934295
          0,           0,         565,     -0.5276663016,       2.649047501,       2.740906018
          0,           0,         566,     -0.5276663086,       2.648950711,       2.740809246
          0,           0,         567,     -0.5276663013,       2.649049139,       2.740907655
          0,           0,         568,     -0.5276663044,       2.649007131,       2.740865655
          0,           0,         569,     -0.5276663026,        2.64903014,        2.74088866
          0,           0,         570,     -0.5276662982,       2.649096541,       2.740955048
          0,           0,         571,     -0.5276663024,       2.649032263,       2.740890782
          0,           0,         572,     -0.5276663024,       2.649030192,       2.740888712
          0,           0,         573,     -0.5276663042,       2.649003357,       2.740861882
          0,           0,         574,     -0.5276663053,       2.648987621,       2.740846148
          0,           0,         575,     -0.5276663007,       2.649053499,       2.740912014
          0,           0,         576,     -0.5276663013,       2.649043799,       2.740902316
          0,           0,         577,     -0.5276663081,       2.648948708,       2.740807244
          0,           0,         578,     -0.5276663046,       2.648992104,        2.74085063
          0,           0,         579,     -0.5276663088,       2.648923896,       2.740782436
          0,           0,         580,     -0.5276663107,       2.648898246,        2.74075679
          0,           0,         581,     -0.5276663075,       2.648943515,       2.740802051
          0,           0,         582,     -0.5276663069,       2.648949571,       2.740808106
          0,           0,         583,     -0.5276663058,       2.648965555,       2.740824087
          0,           0,         584,     -0.5276663095,        2.64891305,       2.740771592
          0,           0,         585,     -0.5276663066,       2.648951868,       2.740810403
          0,           0,         586,     -0.5276663085,        2.64892516,       2.740783699
          0,           0,         587,     -0.5276663095,        2.64891016,       2.740768703
          0,           0,         588,     -0.5276663089,       2.648921742,       2.740780282
          0,           0,         589,     -0.5276663076,        2.64893774,       2.740796277
          0,           0,         590,     -0.5276663109,       2.648886737,       2.740745283
          0,           0,         591,     -0.5276663047,       2.648972989,       2.740831519
          0,           0,         592,     -0.5276663079,        2.64893046,       2.740788998
          0,           0,         593,     -0.5276663061,       2.648955468,       2.740814001
          0,           0,         594,     -0.5276663099,       2.648904756,       2.740763299
          0,           0,         595,     -0.5276663096,       2.648908602,       2.740767144
          0,           0,         596,     -0.5276663047,       2.648981736,       2.740840265
          0,           0,         597,     -0.5276663071,       2.648944508,       2.740803044
          0,           0,         598,     -0.5276663071,       2.648944722,       2.740803258
          0,           0,         599,      -0.527666309,       2.648918929,        2.74077747
          0,           0,         600,     -0.5276663074,       2.648942291,       2.740800827
          0,           0,         601,     -0.5276663093,       2.648918218,       2.740776759
          0,           0,         602,     -0.5276663079,       2.648937131,       2.740795669
          0,           0,         603,     -0.5276663097,       2.648908699,       2.740767242
          0,           0,         604,     -0.5276663067,       2.648949182,       2.740807717
          0,           0,         605,     -0.5276663116,       2.648878775,       2.740737324
          0,           0,         606,     -0.5276663114,       2.648886609,       2.740745156
          0,           0,         607,      -0.527666309,       2.648916944,       2.740775486
          0,           0,         608,     -0.5276663065,       2.648955486,        2.74081402
          0,           0,         609,     -0.5276663073,       2.648945493,       2.740804029
          0,           0,         610,     -0.5276663137,        2.64886105,       2.740719602
          0,           0,         611,     -0.5276663101,       2.648913035,       2.740771577
          0,           0,         612,     -0.5276663087,        2.64893146,       2.740789999
          0,           0,         613,     -0.5276663062,        2.64896554,       2.740824072
          0,           0,         614,     -0.5276663045,       2.648989829,       2.740848357
          0,           0,         615,     -0.5276663071,       2.648955139,       2.740813674
          0,           0,         616,      -0.527666307,       2.648952663,       2.740811198
          0,           0,         617,     -0.5276663078,       2.648946229,       2.740804765
          0,           0,         618,      -0.527666306,       2.648971837,       2.740830368
          0,           0,         619,      -0.527666307,        2.64895758,       2.740816114
          0,           0,         620,     -0.5276663072,       2.648950664,       2.740809199
          0,           0,         621,     -0.5276663056,       2.648975081,       2.740833612
          0,           0,         622,     -0.5276663044,       2.648997431,       2.740855958
          0,           0,         623,     -0.5276663039,       2.649008016,       2.740866541
          0,           0,         624,     -0.5276663024,       2.649030427,       2.740888948
          0,           0,         625,     -0.5276663037,       2.649009738,       2.740868263
          0,           0,         626,     -0.5276663051,       2.648990546,       2.740849074
          0,           0,         627,     -0.5276663037,       2.649010979,       2.740869503
          0,           0,         628,     -0.5276663029,        2.64902125,       2.740879772
          0,           0,         629,     -0.5276663059,       2.648977824,       2.740836355
          0,           0,         630,     -0.5276663028,        2.64902665,       2.740885172
          0,           0,         631,     -0.5276663025,       2.649029181,       2.740887701
          0,           0,         632,     -0.5276663008,       2.649049175,       2.740907692
          0,           0,         633,     -0.5276663057,       2.648974262,       2.740832793
          0,           0,         634,     -0.5276663049,        2.64898462,       2.740843149
          0,           0,         635,     -0.5276663052,       2.648982343,       2.740840873
          0,           0,         636,     -0.5276663052,       2.648982271,       2.740840801
          0,           0,         637,     -0.5276663065,       2.648967745,       2.740826278
          0,           0,         638,     -0.5276663069,       2.648968019,       2.740826552
          0,           0,         639,     -0.5276663021,       2.649038365,       2.740896884
          0,           0,         640,     -0.5276663018,       2.649043201,       2.740901719
          0,           0,         641,      -0.527666306,       2.648982701,       2.740841231
          0,           0,         642,      -0.527666301,       2.649056736,       2.740915252
          0,           0,         643,     -0.5276663005,       2.649063517,       2.740922032
          0,           0,         644,     -0.5276663042,       2.649011335,        2.74086986
          0,           0,         645,     -0.5276663042,       2.649015012,       2.740873535
          0,           0,         646,     -0.5276663002,       2.649073116,       2.740931629
          0,           0,         647,     -0.5276663014,       2.649057076,       2.740915591
          0,           0,         648,     -0.5276662891,        2.64928076,       2.741139233
          0,           0,         649,     -0.5276662903,       2.649266323,       2.741124799
          0,           0,         650,     -0.5276662907,       2.649262454,       2.741120931
          0,           0,         651,     -0.5276662929,       2.649233048,       2.741091531
          0,           0,         652,     -0.5276662888,       2.649289906,       2.741148378
          0,           0,         653,     -0.5276662867,       2.649331646,        2.74119011
          0,           0,         654,     -0.5276662856,       2.649347084,       2.741205544
          0,           0,         655,     -0.5276662879,       2.649315159,       2.741173626
          0,           0,         656,      -0.527666284,       2.649365654,       2.741224111
          0,           0,         657,     -0.5276662883,       2.649308443,       2.741166911
          0,           0,         658,     -0.5276662868,       2.649331357,       2.741189821
          0,           0,         659,     -0.5276662857,       2.649347853,       2.741206314
          0,           0,         660,     -0.5276662867,       2.649332913,       2.741191377
          0,           0,         661,     -0.5276662862,       2.649338686,       2.741197149
          0,           0,         662,     -0.5276662866,       2.649330908,       2.741189372
          0,           0,         663,     -0.5276662888,       2.649299086,       2.741157556
          0,           0,         664,     -0.5276662863,       2.649329026,       2.741187491
          0,           0,         665,      -0.527666291,       2.649259406,       2.741117884
          0,           0,         666,     -0.5276662915,       2.649253052,       2.741111531
          0,           0,         667,     -0.5276662927,       2.649237002,       2.741095484
          0,           0,         668,     -0.5276662876,       2.649308855,       2.741167323
          0,           0,         669,     -0.5276662875,       2.649309434,       2.741167902
          0,           0,         670,     -0.5276662906,        2.64926499,       2.741123467
          0,           0,         671,     -0.5276662887,       2.649290839,       2.741149311
          0,           0,         672,     -0.5276662922,       2.649240904,       2.741099386
          0,           0,         673,      -0.527666289,       2.649289272,       2.741147743
          0,           0,         674,     -0.5276662895,       2.649283741,       2.741142214
          0,           0,         675,     -0.5276662883,       2.649299937,       2.741158407
          0,           0,         676,      -0.527666288,       2.649306714,       2.741165183
          0,           0,         677,      -0.527666287,       2.649320845,       2.741179311
          0,           0,         678,     -0.5276662882,       2.649304595,       2.741163064
          0,           0,         679,     -0.5276662883,       2.649302039,       2.741160508
          0,           0,         680,     -0.5276662882,       2.649305016,       2.741163485
          0,           0,         681,     -0.5276662836,       2.649367544,       2.741226001
          0,           0,         682,     -0.5276662888,       2.649298952,       2.741157422
          0,           0,         683,     -0.5276662883,       2.649305891,        2.74116436
          0,           0,         684,     -0.5276662874,       2.649323358,       2.741181824
          0,           0,         685,     -0.5276662893,       2.649295508,       2.741153979
          0,           0,         686,     -0.5276662853,       2.649349866,       2.741208327
          0,           0,         687,     -0.5276662869,       2.649332304,       2.741190769
          0,           0,         688,     -0.5276662845,       2.649365377,       2.741223835
          0,           0,         689,     -0.5276662808,       2.649423279,       2.741281726
          0,           0,         690,     -0.5276662855,       2.649359946,       2.741218405
          0,           0,         691,     -0.5276662862,       2.649345464,       2.741203926
          0,           0,         692,     -0.5276662865,       2.649341061,       2.741199524
          0,           0,         693,     -0.5276662842,       2.649373878,       2.741232335
          0,           0,         694,     -0.5276662849,       2.649360231,        2.74121869
          0,           0,         695,     -0.5276662805,       2.649425232,       2.741283679
          0,           0,         696,     -0.5276662826,       2.649395194,       2.741253646
          0,           0,         697,     -0.5276662826,        2.64939042,       2.741248873
          0,           0,         698,     -0.5276662869,       2.649328588,       2.741187053
          0,           0,         699,     -0.5276662911,       2.649266489,       2.741124966
          0,           0,         700,     -0.5276662873,       2.649322627,       2.741181093
          0,           0,         701,     -0.5276662847,       2.649358939,       2.741217399
          0,           0,         702,     -0.5276662905,       2.649268323,       2.741126799
          0,           0,         703,      -0.527666291,       2.649259905,       2.741118382
          0,           0,         704,     -0.5276662918,        2.64924602,         2.7411045
          0,           0,         705,      -0.527666293,       2.649230672,       2.741089155
          0,           0,         706,     -0.5276662903,       2.649270327,       2.741128802
          0,           0,         707,     -0.5276662907,       2.649266295,       2.741124771
          0,           0,         708,     -0.5276662892,       2.649290935,       2.741149407
          0,           0,         709,     -0.5276662872,        2.64932098,       2.741179446
          0,           0,         710,     -0.5276662861,        2.64933804,       2.741196503
          0,           0,         711,     -0.5276662868,       2.649331675,        2.74119014
          0,           0,         712,     -0.5276662871,       2.649328596,       2.741187061
          0,           0,         713,     -0.5276662867,       2.649333973,       2.741192437
          0,           0,         714,     -0.5276662868,       2.649333859,       2.741192322
          0,           0,         715,     -0.5276662907,       2.649276815,       2.741135289
          0,           0,         716,      -0.527666289,       2.649303528,       2.741161998
          0,           0,         717,     -0.5276662849,       2.649362576,       2.741221034
          0,           0,         718,     -0.5276662872,       2.649331833,       2.741190298
          0,           0,         719,     -0.5276662844,       2.649373658,       2.741232114
          0,           0,         720,      -0.527666286,       2.649352724,       2.741211184
          0,           0,         721,     -0.5276662795,       2.649447354,       2.741305796
          0,           0,         722,     -0.5276662827,       2.649403684,       2.741262135
          0,           0,         723,     -0.5276662821,        2.64941093,        2.74126938
          0,           0,         724,     -0.5276662903,       2.649292395,       2.741150867
          0,           0,         725,     -0.5276662852,       2.649363647,       2.741222105
          0,           0,         726,     -0.5276662856,       2.649357823,       2.741216282
          0,           0,         727,     -0.5276662878,       2.649325006,       2.741183471
          0,           0,         728,     -0.5276662842,       2.649373882,       2.741232339
          0,           0,         729,     -0.5276662875,        2.64932812,       2.741186585
          0,           0,         730,     -0.5276662805,       2.649428177,       2.741286623
          0,           0,         731,     -0.5276662841,       2.649377643,       2.741236099
          0,           0,         732,     -0.5276662875,       2.649330262,       2.741188727
          0,           0,         733,     -0.5276662841,       2.649380761,       2.741239216
          0,           0,         734,     -0.5276662827,       2.649403525,       2.741261976
          0,           0,         735,     -0.5276662853,       2.649366509,       2.741224967
          0,           0,         736,     -0.5276662841,       2.649385021,       2.741243475
          0,           0,         737,     -0.5276662838,        2.64938494,       2.741243394
          0,           0,         738,     -0.5276662844,       2.649377279,       2.741235735
          0,           0,         739,     -0.5276662844,       2.649372226,       2.741230682
          0,           0,         740,     -0.5276662873,       2.649332729,       2.741191193
          0,           0,         741,     -0.5276662842,       2.649373148,       2.741231605
          0,           0,         742,     -0.5276662866,       2.649339027,        2.74119749
          0,           0,         743,     -0.5276662876,       2.649324925,       2.741183391
          0,           0,         744,     -0.5276662868,       2.649337961,       2.741196425
          0,           0,         745,     -0.5276662866,       2.649334917,       2.741193381
          0,           0,         746,     -0.5276662869,        2.64933547,       2.741193933
          0,           0,         747,     -0.5276662862,       2.649342284,       2.741200746
          0,           0,         748,     -0.5276662846,         2.6493647,       2.741223157
          0,           0,         749,     -0.5276662876,       2.649323674,        2.74118214
          0,           0,         750,     -0.5276662821,       2.649401319,        2.74125977
          0,           0,         751,     -0.5276662871,       2.649329468,       2.741187932
          0,           0,         752,     -0.5276662861,       2.649344119,        2.74120258
          0,           0,         753,     -0.5276662853,       2.649353026,       2.741211486
          0,           0,         754,     -0.5276662898,       2.649282587,       2.741141061
          0,           0,         755,     -0.5276662923,       2.649252564,       2.741111043
          0,           0,         756,     -0.5276662881,       2.649310996,       2.741169464
          0,           0,         757,      -0.527666289,       2.649295636,       2.741154107
          0,           0,         758,     -0.5276662898,       2.649286488,       2.741144961
          0,           0,         759,       -0.52766629,       2.649282207,       2.741140681
          0,           0,         760,      -0.527666288,       2.649310355,       2.741168824
          0,           0,         761,     -0.5276662871,       2.649319995,       2.741178461
          0,           0,         762,     -0.5276662847,       2.649354582,       2.741213042
          0,           0,         763,     -0.5276662901,       2.649274913,       2.741133388
          0,           0,         764,     -0.5276662881,       2.649303614,       2.741162084
          0,           0,         765,     -0.5276662917,       2.649253743,       2.741112222
          0,           0,         766,      -0.527666291,       2.649266676,       2.741125153
          0,           0,         767,     -0.5276662888,       2.649296944,       2.741155415
          0,           0,         768,     -0.5276662921,       2.649247308,       2.741105788
          0,           0,         769,     -0.5276662911,        2.64926009,       2.741118568
          0,           0,         770,       -0.52766629,        2.64927856,       2.741137034
          0,           0,         771,     -0.5276662909,       2.649267359,       2.741125836
          0,           0,         772,     -0.5276662905,       2.649269561,       2.741128037
          0,           0,         773,     -0.5276662893,       2.649287429,       2.741145901
          0,           0,         774,      -0.527666289,       2.649291527,       2.741149999
          0,           0,         775,     -0.5276662929,       2.649235981,       2.741094463
          0,           0,         776,     -0.5276662913,       2.649252005,       2.741110484
          0,           0,         777,     -0.5276662944,        2.64921549,       2.741073976
          0,           0,         778,     -0.5276662893,       2.649285806,       2.741144279
          0,           0,         779,     -0.5276662901,       2.649274952,       2.741133427
          0,           0,         780,     -0.5276662932,       2.649228983,       2.741087467
          0,           0,         781,      -0.527666291,        2.64926093,       2.741119408
          0,           0,         782,     -0.5276662943,       2.649215142,       2.741073628
          0,           0,         783,     -0.5276662949,       2.649206937,       2.741065424
          0,           0,         784,     -0.5276662906,       2.649267706,       2.741126182
          0,           0,         785,     -0.5276662901,       2.649277898,       2.741136372
          0,           0,         786,     -0.5276662912,       2.649262139,       2.741120616
          0,           0,         787,     -0.5276662907,       2.649264235,       2.741122712
          0,           0,         788,     -0.5276662958,       2.649196716,       2.741055206
          0,           0,         789,      -0.527666291,       2.649260169,       2.741118647
          0,           0,         790,      -0.527666292,       2.649246973,       2.741105453
          0,           0,         791,     -0.5276662891,       2.649291729,       2.741150201
          0,           0,         792,     -0.5276662889,       2.649297624,       2.741156094
          0,           0,         793,     -0.5276662876,       2.649318751,       2.741177217
          0,           0,         794,      -0.527666284,       2.649365728,       2.741224186
          0,           0,         795,     -0.5276662882,       2.649306314,       2.741164782
          0,           0,         796,     -0.5276662913,        2.64925953,       2.741118008
          0,           0,         797,     -0.5276662949,       2.649208391,       2.741066878
          0,           0,         798,     -0.5276662937,       2.649224746,        2.74108323
          0,           0,         799,     -0.5276662923,        2.64924703,        2.74110551
          0,           0,         800,     -0.5276662894,       2.649283541,       2.741142014
          0,           0,         801,     -0.5276662872,       2.649317552,       2.741176018
          0,           0,         802,     -0.5276662915,       2.649251836,       2.741110314
          0,           0,         803,     -0.5276662964,       2.649179872,       2.741038364
          0,           0,         804,     -0.5276662914,       2.649256869,       2.741115347
          0,           0,         805,     -0.5276662912,       2.649256121,       2.741114599
          0,           0,         806,     -0.5276662902,       2.649264477,       2.741122953
          0,           0,         807,     -0.5276662911,       2.649252564,       2.741111042
          0,           0,         808,     -0.5276662969,       2.649172221,       2.741030715
          0,           0,         809,      -0.527666292,       2.649240049,       2.741098529
          0,           0,         810,     -0.5276662917,       2.649243884,       2.741102364
          0,           0,         811,     -0.5276662914,        2.64924885,       2.741107329
          0,           0,         812,     -0.5276662928,       2.649232634,       2.741091116
          0,           0,         813,     -0.5276662921,       2.649241416,       2.741099897
          0,           0,         814,     -0.5276662909,        2.64925672,       2.741115198
          0,           0,         815,      -0.527666292,       2.649245182,       2.741103662
          0,           0,         816,     -0.5276662925,       2.649239861,       2.741098342
          0,           0,         817,     -0.5276662901,       2.649273604,       2.741132079
          0,           0,         818,     -0.5276662934,       2.649231821,       2.741090303
          0,           0,         819,     -0.5276662916,       2.649259145,       2.741117623
          0,           0,         820,      -0.527666291,       2.649262062,       2.741120539
          0,           0,         821,     -0.5276662897,       2.649283431,       2.741141904
          0,           0,         822,     -0.5276662868,       2.649326104,        2.74118457
          0,           0,         823,     -0.5276662908,       2.649265741,       2.741124218
          0,           0,         824,     -0.5276662893,       2.649288216,       2.741146688
          0,           0,         825,     -0.5276662907,       2.649263138,       2.741121616
          0,           0,         826,     -0.5276662895,       2.649277875,        2.74113635
          0,           0,         827,     -0.5276662923,       2.649239056,       2.741097538
          0,           0,         828,     -0.5276662958,       2.649189636,       2.741048128
          0,           0,         829,     -0.5276662951,       2.649200211,         2.7410587
          0,           0,         830,     -0.5276662915,       2.649252906,       2.741111386
          0,           0,         831,     -0.5276662932,         2.6492294,       2.741087884
          0,           0,         832,     -0.5276662886,       2.649292521,       2.741150993
          0,           0,         833,     -0.5276662906,       2.649263282,       2.741121759
          0,           0,         834,     -0.5276662928,        2.64922853,       2.741087014
          0,           0,         835,     -0.5276662942,       2.649210137,       2.741068625
          0,           0,         836,     -0.5276662927,       2.649228928,       2.741087412
          0,           0,         837,     -0.5276662967,       2.649172139,       2.741030633
          0,           0,         838,      -0.527666294,       2.649209956,       2.741068443
          0,           0,         839,     -0.5276662964,       2.649173639,       2.741032133
          0,           0,         840,     -0.5276662942,       2.649203747,       2.741062235
          0,           0,         841,      -0.527666291,       2.649248502,       2.741106982
          0,           0,         842,     -0.5276662927,       2.649228617,         2.7410871
          0,           0,         843,     -0.5276662932,       2.649225823,       2.741084307
          0,           0,         844,     -0.5276662914,       2.649253534,       2.741112013
          0,           0,         845,     -0.5276662887,       2.649289263,       2.741147734
          0,           0,         846,     -0.5276662933,        2.64922413,       2.741082614
          0,           0,         847,     -0.5276662933,       2.649220423,       2.741078908
          0,           0,         848,     -0.5276662903,       2.649264057,       2.741122533
          0,           0,         849,      -0.527666293,       2.649225668,       2.741084152
          0,           0,         850,     -0.5276662983,        2.64915487,       2.741013367
          0,           0,         851,     -0.5276662927,        2.64923609,       2.741094571
          0,           0,         852,     -0.5276662889,       2.649289324,       2.741147796
          0,           0,         853,     -0.5276662904,       2.649267644,        2.74112612
          0,           0,         854,       -0.52766629,       2.649275091,       2.741133565
          0,           0,         855,     -0.5276662925,       2.649237213,       2.741095695
          0,           0,         856,     -0.5276662854,       2.649337813,       2.741196276
          0,           0,         857,     -0.5276662933,       2.649227665,       2.741086149
          0,           0,         858,     -0.5276662905,       2.649265986,       2.741124462
          0,           0,         859,     -0.5276662933,        2.64922262,       2.741081105
          0,           0,         860,      -0.527666292,       2.649241125,       2.741099606
          0,           0,         861,     -0.5276662926,       2.649232507,        2.74109099
          0,           0,         862,     -0.5276662949,       2.649202982,        2.74106147
          0,           0,         863,     -0.5276662928,       2.649233433,       2.741091916
          0,           0,         864,     -0.5276662913,       2.649250378,       2.741108857
          0,           0,         865,      -0.527666293,       2.649228011,       2.741086494
          0,           0,         866,     -0.5276662941,       2.649211343,       2.741069829
          0,           0,         867,     -0.5276662944,       2.649211495,       2.741069982
          0,           0,         868,     -0.5276662883,       2.649295058,       2.741153529
          0,           0,         869,     -0.5276662933,       2.649222643,       2.741081127
          0,           0,         870,     -0.5276662916,       2.649249779,       2.741108258
          0,           0,         871,     -0.5276662903,       2.649269943,       2.741128418
          0,           0,         872,     -0.5276662916,       2.649247977,       2.741106457
          0,           0,         873,     -0.5276662919,       2.649243975,       2.741102456
          0,           0,         874,      -0.527666294,        2.64921629,       2.741074776
          0,           0,         875,       -0.52766629,       2.649275603,       2.741134078
          0,           0,         876,      -0.527666289,       2.649287302,       2.741145775
          0,           0,         877,     -0.5276662909,       2.649259988,       2.741118466
          0,           0,         878,     -0.5276662936,       2.649220713,       2.741079198
          0,           0,         879,     -0.5276662939,       2.649220954,       2.741079439
          0,           0,         880,     -0.5276662917,       2.649251016,       2.741109496
          0,           0,         881,     -0.5276662899,       2.649276234,       2.741134709
          0,           0,         882,     -0.5276662939,       2.649220111,       2.741078596
          0,           0,         883,     -0.5276662906,       2.649263747,       2.741122224
          0,           0,         884,     -0.5276662919,       2.649244124,       2.741102604
          0,           0,         885,     -0.5276662945,       2.649210296,       2.741068783
          0,           0,         886,     -0.5276662906,       2.649264308,       2.741122785
          0,           0,         887,     -0.5276662908,         2.6492611,       2.741119578
          0,           0,         888,     -0.5276662937,       2.649210602,       2.741069088
          0,           0,         889,     -0.5276662961,        2.64918104,       2.741039532
          0,           0,         890,     -0.5276662915,       2.649244015,       2.741102495
          0,           0,         891,     -0.5276662904,       2.649259528,       2.741118005
          0,           0,         892,     -0.5276662982,        2.64915073,       2.741009229
          0,           0,         893,     -0.5276662956,       2.649180415,       2.741038908
          0,           0,         894,     -0.5276662969,       2.649166496,       2.741024992
          0,           0,         895,     -0.5276662953,       2.649193534,       2.741052024
          0,           0,         896,     -0.5276662944,       2.649205017,       2.741063505
          0,           0,         897,     -0.5276662934,       2.649221824,       2.741080309
          0,           0,         898,     -0.5276662913,       2.649251127,       2.741109606
          0,           0,         899,     -0.5276662929,        2.64923159,       2.741090073
          0,           0,         900,     -0.5276662906,       2.649266467,       2.741124944
          0,           0,         901,     -0.5276662947,       2.649205564,       2.741064052
          0,           0,         902,     -0.5276662947,       2.649204022,        2.74106251
          0,           0,         903,     -0.5276662972,       2.649170587,       2.741029081
          0,           0,         904,     -0.5276662965,       2.649179858,       2.741038351
          0,           0,         905,     -0.5276662941,       2.649212454,       2.741070941
          0,           0,         906,     -0.5276662916,       2.649248298,       2.741106778
          0,           0,         907,     -0.5276662917,       2.649242797,       2.741101278
          0,           0,         908,     -0.5276662981,       2.649153024,       2.741011522
          0,           0,         909,     -0.5276662956,       2.649193103,       2.741051594
          0,           0,         910,     -0.5276662927,       2.649231995,       2.741090478
          0,           0,         911,     -0.5276662918,       2.649244373,       2.741102854
          0,           0,         912,     -0.5276662863,       2.649324388,       2.741182853
          0,           0,         913,      -0.527666293,       2.649231944,       2.741090427
          0,           0,         914,     -0.5276662919,        2.64924838,       2.741106859
          0,           0,         915,     -0.5276662952,       2.649196324,       2.741054814
          0,           0,         916,      -0.527666292,       2.649243379,        2.74110186
          0,           0,         917,     -0.5276662887,       2.649294326,       2.741152797
          0,           0,         918,     -0.5276662951,       2.649198846,       2.741057335
          0,           0,         919,     -0.5276662956,       2.649194185,       2.741052675
          0,           0,         920,     -0.5276662877,       2.649303714,       2.741162184
          0,           0,         921,     -0.5276662943,       2.649214367,       2.741072853
          0,           0,         922,     -0.5276662932,       2.649219492,       2.741077977
          0,           0,         923,     -0.5276662929,       2.649225881,       2.741084365
          0,           0,         924,     -0.5276662967,       2.649170991,       2.741029485
          0,           0,         925,     -0.5276662931,       2.649225077,       2.741083562
          0,           0,         926,     -0.5276662923,       2.649234088,       2.741092571
          0,           0,         927,     -0.5276662929,       2.649225944,       2.741084428
          0,           0,         928,     -0.5276662906,       2.649262732,       2.741121209
          0,           0,         929,     -0.5276662907,       2.649258143,       2.741116621
          0,           0,         930,     -0.5276662941,        2.64920745,       2.741065938
          0,           0,         931,     -0.5276662952,       2.649192211,       2.741050702
          0,           0,         932,     -0.5276662949,        2.64919629,       2.741054779
          0,           0,         933,     -0.5276662932,       2.649225069,       2.741083553
          0,           0,         934,     -0.5276662947,       2.649203175,       2.741061664
          0,           0,         935,     -0.5276662941,       2.649212188,       2.741070675
          0,           0,         936,      -0.527666293,       2.649224327,       2.741082811
          0,           0,         937,     -0.5276662911,       2.649258145,       2.741116623
          0,           0,         938,     -0.5276662902,       2.649272531,       2.741131007
          0,           0,         939,     -0.5276662934,       2.649227983,       2.741086467
          0,           0,         940,     -0.5276662906,       2.649266048,       2.741124525
          0,           0,         941,     -0.5276662906,       2.649270198,       2.741128674
          0,           0,         942,     -0.5276662876,       2.649309892,       2.741168361
          0,           0,         943,     -0.5276662899,       2.649280082,       2.741138556
          0,           0,         944,     -0.5276662925,       2.649242657,       2.741101138
          0,           0,         945,     -0.5276662892,       2.649289783,       2.741148255
          0,           0,         946,      -0.527666292,       2.649244624,       2.741103105
          0,           0,         947,     -0.5276662881,        2.64930822,       2.741166688
          0,           0,         948,     -0.5276662893,       2.649293433,       2.741151904
          0,           0,         949,     -0.5276662894,       2.649294822,       2.741153293
          0,           0,         950,      -0.527666291,       2.649271526,       2.741130001
          0,           0,         951,     -0.5276662876,        2.64932179,       2.741180256
          0,           0,         952,     -0.5276662891,       2.649302911,       2.741161381
          0,           0,         953,      -0.527666289,       2.649302988,       2.741161458
          0,           0,         954,     -0.5276662921,       2.649258998,       2.741117476
          0,           0,         955,     -0.5276662872,        2.64932918,       2.741187645
          0,           0,         956,     -0.5276662864,       2.649340741,       2.741199203
          0,           0,         957,     -0.5276662874,       2.649319293,       2.741177759
          0,           0,         958,      -0.527666278,       2.649455549,       2.741313989
          0,           0,         959,       -0.52766629,       2.649284313,       2.741142786
          0,           0,         960,     -0.5276662911,       2.649269727,       2.741128203
          0,           0,         961,     -0.5276662894,       2.649296584,       2.741155055
          0,           0,         962,     -0.5276662882,       2.649312901,       2.741171368
          0,           0,         963,     -0.5276662942,       2.649231802,       2.741090285
          0,           0,         964,     -0.5276662866,        2.64933861,       2.741197073
          0,           0,         965,     -0.5276662864,       2.649339981,       2.741198444
          0,           0,         966,     -0.5276662869,       2.649332853,       2.741191317
          0,           0,         967,     -0.5276662828,       2.649396989,       2.741255441
          0,           0,         968,      -0.527666288,       2.649321556,       2.741180022
          0,           0,         969,     -0.5276662858,       2.649351054,       2.741209515
          0,           0,         970,     -0.5276662866,       2.649338904,       2.741197367
          0,           0,         971,     -0.5276662841,       2.649373929,       2.741232385
          0,           0,         972,     -0.5276662847,       2.649361228,       2.741219686
          0,           0,         973,     -0.5276662855,       2.649350272,       2.741208732
          0,           0,         974,     -0.5276662869,       2.649330274,       2.741188738
          0,           0,         975,     -0.5276662883,       2.649307786,       2.741166255
          0,           0,         976,     -0.5276662888,       2.649303268,       2.741161737
          0,           0,         977,     -0.5276662858,       2.649344496,       2.741202957
          0,           0,         978,     -0.5276662829,       2.649378094,       2.741236549
          0,           0,         979,     -0.5276662834,       2.649377188,       2.741235644
          0,           0,         980,     -0.5276662896,       2.649287902,       2.741146374
          0,           0,         981,     -0.5276662902,        2.64927858,       2.741137054
          0,           0,         982,     -0.5276662923,       2.649254133,       2.741112611
          0,           0,         983,     -0.5276662859,        2.64934614,       2.741204601
          0,           0,         984,      -0.527666287,       2.649330124,       2.741188589
          0,           0,         985,     -0.5276662872,       2.649326833,       2.741185299
          0,           0,         986,     -0.5276662875,       2.649318506,       2.741176973
          0,           0,         987,     -0.5276662907,       2.649274708,       2.741133183
          0,           0,         988,     -0.5276662917,       2.649263684,       2.741122161
          0,           0,         989,     -0.5276662883,       2.649310759,       2.741169227
          0,           0,         990,      -0.527666291,       2.649271652,       2.741130128
          0,           0,         991,     -0.5276662874,       2.649321734,         2.7411802
          0,           0,         992,     -0.5276662863,        2.64933704,       2.741195503
          0,           0,         993,     -0.5276662858,       2.649354605,       2.741213064
          0,           0,         994,     -0.5276662878,       2.649324817,       2.741183282
          0,           0,         995,     -0.5276662882,       2.649316233,         2.7411747
          0,           0,         996,     -0.5276662831,       2.649392584,       2.741251036
          0,           0,         997,     -0.5276662831,       2.649393805,       2.741252257
          0,           0,         998,     -0.5276662867,       2.649340263,       2.741198725
          0,           0,         999,     -0.5276662889,       2.649302355,       2.741160824
          0,           0,        1000,     -0.5276662881,       2.649311238,       2.741169706
          0,           0,        1001,     -0.5276662908,       2.649277743,       2.741136217
          0,           0,        1002,     -0.5276662836,       2.649380729,       2.741239183
          0,           0,        1003,     -0.5276662867,       2.649334059,       2.741192522
          0,           0,        1004,     -0.5276662864,       2.649330915,       2.741189378
          0,           0,        1005,     -0.5276662859,       2.649338481,       2.741196943
          0,           0,        1006,     -0.5276662873,       2.649321658,       2.741180124
          0,           0,        1007,      -0.527666288,       2.649313041,       2.741171508
          0,           0,        1008,     -0.5276662925,       2.649249679,       2.741108159
          0,           0,        1009,     -0.5276662856,       2.649347261,       2.741205722
          0,           0,        1010,     -0.5276662944,       2.649217906,       2.741076392
          0,           0,        1011,     -0.5276662879,       2.649306985,       2.741165454
          0,           0,        1012,     -0.5276662892,       2.649288367,       2.741146839
          0,           0,        1013,     -0.5276662892,       2.649285931,       2.741144404
          0,           0,        1014,     -0.5276662897,       2.649272404,       2.741130879
          0,           0,        1015,     -0.5276662903,       2.649259241,       2.741117718
          0,           0,        1016,     -0.5276662932,       2.649223532,       2.741082016
          0,           0,        1017,     -0.5276662919,       2.649244186,       2.741102666
          0,           0,        1018,     -0.5276662891,       2.649280404,       2.741138878
          0,           0,        1019,     -0.5276662924,        2.64923051,       2.741088993
          0,           0,        1020,     -0.5276662952,       2.649187422,       2.741045913
          0,           0,        1021,     -0.5276662952,       2.649185061,       2.741043553
          0,           0,        1022,     -0.5276662928,       2.649218413,       2.741076898
          0,           0,        1023,     -0.5276662982,       2.649141982,       2.741000481
          0,           0,        1024,      -0.527666296,       2.649177306,       2.741035799
          0,           0,        1025,     -0.5276662923,       2.649228168,       2.741086651
          0,           0,        1026,     -0.5276662931,       2.649218461,       2.741076946
          0,           0,        1027,     -0.5276662951,       2.649189818,       2.741048309
          0,           0,        1028,     -0.5276662932,       2.649212353,       2.741070839
          0,           0,        1029,     -0.5276662927,       2.649218177,       2.741076662
          0,           0,        1030,     -0.5276662933,       2.649212192,       2.741070678
          0,           0,        1031,     -0.5276662901,       2.649259253,        2.74111773
          0,           0,        1032,     -0.5276662952,       2.649187805,       2.741046296
          0,           0,        1033,     -0.5276662936,       2.649209611,       2.741068098
          0,           0,        1034,     -0.5276662939,       2.649200523,       2.741059012
          0,           0,        1035,      -0.527666295,        2.64918568,       2.741044171
          0,           0,        1036,     -0.5276662977,       2.649151369,       2.741009866
          0,           0,        1037,     -0.5276662932,       2.649223674,       2.741082158
          0,           0,        1038,     -0.5276662933,       2.649219156,       2.741077641
          0,           0,        1039,     -0.5276662897,       2.649272858,       2.741131333
          0,           0,        1040,     -0.5276662901,       2.649275652,       2.741134126
          0,           0,        1041,     -0.5276662921,       2.649246592,       2.741105072
          0,           0,        1042,     -0.5276662915,       2.649247449,       2.741105928
          0,           0,        1043,     -0.5276662923,       2.649237295,       2.741095776
          0,           0,        1044,     -0.5276662939,       2.649212904,        2.74107139
          0,           0,        1045,     -0.5276662929,        2.64922976,       2.741088243
          0,           0,        1046,     -0.5276662916,       2.649249727,       2.741108206
          0,           0,        1047,     -0.5276662907,       2.649267231,       2.741125707
          0,           0,        1048,     -0.5276662877,        2.64930931,       2.741167778
          0,           0,        1049,     -0.5276662904,       2.649268023,       2.741126499
          0,           0,        1050,       -0.52766629,       2.649276832,       2.741135306
          0,           0,        1051,      -0.527666286,       2.649335378,        2.74119384
          0,           0,        1052,     -0.5276662894,       2.649285967,       2.741144439
          0,           0,        1053,     -0.5276662885,        2.64929427,       2.741152741
          0,           0,        1054,     -0.5276662902,        2.64927114,       2.741129615
          0,           0,        1055,     -0.5276662888,       2.649285935,       2.741144407
          0,           0,        1056,     -0.5276662959,       2.649188424,       2.741046915
          0,           0,        1057,     -0.5276662942,       2.649211201,       2.741069688
          0,           0,        1058,     -0.5276662937,       2.649215736,       2.741074221
          0,           0,        1059,     -0.5276662903,       2.649269742,       2.741128218
          0,           0,        1060,     -0.5276662907,       2.649262545,       2.741121022
          0,           0,        1061,     -0.5276662906,       2.649264899,       2.741123375
          0,           0,        1062,     -0.5276662883,       2.649298745,       2.741157215
          0,           0,        1063,     -0.5276662918,       2.649250464,       2.741108944
          0,           0,        1064,     -0.5276662936,       2.649225652,       2.741084136
          0,           0,        1065,     -0.5276662919,       2.649245796,       2.741104276
          0,           0,        1066,     -0.5276662922,       2.649239492,       2.741097974
          0,           0,        1067,     -0.5276662937,       2.649216207,       2.741074692
          0,           0,        1068,     -0.5276662941,       2.649211077,       2.741069564
          0,           0,        1069,     -0.5276662963,       2.649182101,       2.741040593
          0,           0,        1070,     -0.5276662948,       2.649202061,        2.74106055
          0,           0,        1071,     -0.5276662945,       2.649204592,        2.74106308
          0,           0,        1072,     -0.5276662918,       2.649251936,       2.741110415
          0,           0,        1073,     -0.5276662942,       2.649214331,       2.741072817
          0,           0,        1074,     -0.5276662921,       2.649245508,       2.741103988
          0,           0,        1075,     -0.5276662947,       2.649201961,       2.741060449
          0,           0,        1076,      -0.527666292,       2.649248109,       2.741106589
          0,           0,        1077,     -0.5276662924,       2.649243813,       2.741102293
          0,           0,        1078,     -0.5276662885,       2.649300061,        2.74115853
          0,           0,        1079,      -0.527666289,       2.649298354,       2.741156824
          0,           0,        1080,     -0.5276662918,       2.649256248,       2.741114725
          0,           0,        1081,     -0.5276662932,       2.649228766,       2.741087248
          0,           0,        1082,     -0.5276662916,       2.649253931,       2.741112409
          0,           0,        1083,     -0.5276662874,       2.649311868,       2.741170336
          0,           0,        1084,     -0.5276662935,       2.649226614,       2.741085097
          0,           0,        1085,       -0.52766629,       2.649278292,       2.741136766
          0,           0,        1086,      -0.527666292,       2.649250409,       2.741108888
          0,           0,        1087,     -0.5276662924,       2.649246804,       2.741105284
          0,           0,        1088,     -0.5276662851,       2.649352509,       2.741210969
          0,           0,        1089,     -0.5276662913,       2.649264693,       2.741123169
          0,           0,        1090,     -0.5276662915,       2.649259605,       2.741118083
          0,           0,        1091,     -0.5276662909,       2.649266376,       2.741124852
          0,           0,        1092,      -0.527666292,       2.649250402,       2.741108882
          0,           0,        1093,     -0.5276662911,        2.64926533,       2.741123807
          0,           0,        1094,     -0.5276662893,       2.649289257,       2.741147729
          0,           0,        1095,     -0.5276662908,       2.649267471,       2.741125947
          0,           0,        1096,     -0.5276662918,       2.649254853,       2.741113332
          0,           0,        1097,     -0.5276662896,        2.64928519,       2.741143663
          0,           0,        1098,     -0.5276662939,       2.649221131,       2.741079615
          0,           0,        1099,     -0.5276662934,       2.649229623,       2.741088106
          0,           0,        1100,     -0.5276662923,       2.649242941,       2.741101421
          0,           0,        1101,     -0.5276662933,       2.649232865,       2.741091347
          0,           0,        1102,     -0.5276662911,       2.649262427,       2.741120904
          0,           0,        1103,     -0.5276662928,       2.649236888,        2.74109537
          0,           0,        1104,     -0.5276662888,       2.649295125,       2.741153596
          0,           0,        1105,     -0.5276662883,       2.649303955,       2.741162424
          0,           0,        1106,     -0.5276662905,       2.649268256,       2.741126732
          0,           0,        1107,     -0.5276662926,       2.649241019,       2.741099499
          0,           0,        1108,     -0.5276662942,       2.649217333,       2.741075818
          0,           0,        1109,     -0.5276662901,       2.649273648,       2.741132123
          0,           0,        1110,      -0.527666289,       2.649289416,       2.741147887
          0,           0,        1111,     -0.5276662914,       2.649256245,       2.741114722
          0,           0,        1112,     -0.5276662889,       2.649292697,       2.741151168
          0,           0,        1113,     -0.5276662922,       2.649247313,       2.741105793
          0,           0,        1114,      -0.527666292,       2.649250754,       2.741109233
          0,           0,        1115,     -0.5276662932,       2.649230285,       2.741088767
          0,           0,        1116,     -0.5276662924,       2.649246639,       2.741105119
          0,           0,        1117,       -0.52766629,       2.649276369,       2.741134843
          0,           0,        1118,     -0.5276662912,        2.64925826,       2.741116738
          0,           0,        1119,     -0.5276662854,       2.649344952,       2.741203413
          0,           0,        1120,     -0.5276662885,       2.649297781,       2.741156252
          0,           0,        1121,     -0.5276662904,       2.649269096,       2.741127572
          0,           0,        1122,     -0.5276662932,       2.649224063,       2.741082547
          0,           0,        1123,     -0.5276662956,       2.649189836,       2.741048327
          0,           0,        1124,     -0.5276662965,       2.649181819,       2.741040311
          0,           0,        1125,     -0.5276662898,       2.649277796,        2.74113627
          0,           0,        1126,      -0.527666292,       2.649249625,       2.741108105
          0,           0,        1127,     -0.5276662867,       2.649324921,       2.741183387
          0,           0,        1128,      -0.527666288,       2.649308702,        2.74116717
          0,           0,        1129,     -0.5276662855,       2.649347623,       2.741206084
          0,           0,        1130,       -0.52766629,       2.649286812,       2.741145284
          0,           0,        1131,      -0.527666282,       2.649399589,        2.74125804
          0,           0,        1132,     -0.5276662851,       2.649354803,       2.741213262
          0,           0,        1133,     -0.5276662867,       2.649335247,        2.74119371
          0,           0,        1134,     -0.5276662873,       2.649328255,        2.74118672
          0,           0,        1135,     -0.5276662852,       2.649361584,       2.741220043
          0,           0,        1136,     -0.5276662888,       2.649308303,       2.741166771
          0,           0,        1137,     -0.5276662818,       2.649404697,       2.741263147
          0,           0,        1138,     -0.5276662867,       2.649336411,       2.741194874
          0,           0,        1139,     -0.5276662881,       2.649316443,        2.74117491
          0,           0,        1140,     -0.5276662844,       2.649367936,       2.741226393
          0,           0,        1141,     -0.5276662804,       2.649424586,       2.741283032
          0,           0,        1142,     -0.5276662861,       2.649345455,       2.741203917
          0,           0,        1143,     -0.5276662839,       2.649381853,       2.741240307
          0,           0,        1144,     -0.5276662815,       2.649414804,       2.741273252
          0,           0,        1145,     -0.5276662842,       2.649376373,       2.741234829
          0,           0,        1146,     -0.5276662848,       2.649367147,       2.741225604
          0,           0,        1147,     -0.5276662849,        2.64936433,       2.741222788
          0,           0,        1148,     -0.5276662842,       2.649373233,       2.741231689
          0,           0,        1149,     -0.5276662859,       2.649350323,       2.741208784
          0,           0,        1150,     -0.5276662848,       2.649365255,       2.741223713
          0,           0,        1151,      -0.527666287,       2.649332125,        2.74119059
          0,           0,        1152,     -0.5276662859,       2.649351605,       2.741210066
          0,           0,        1153,     -0.5276662849,       2.649367119,       2.741225576
          0,           0,        1154,     -0.5276662845,       2.649373803,       2.741232259
          0,           0,        1155,      -0.527666287,       2.649336489,       2.741194953
          0,           0,        1156,      -0.527666285,       2.649363414,       2.741221873
          0,           0,        1157,     -0.5276662856,       2.649353032,       2.741211492
          0,           0,        1158,     -0.5276662859,       2.649351357,       2.741209817
          0,           0,        1159,     -0.5276662866,       2.649340841,       2.741199303
          0,           0,        1160,     -0.5276662828,       2.649397613,       2.741256065
          0,           0,        1161,     -0.5276662828,       2.649396858,        2.74125531
          0,           0,        1162,     -0.5276662821,       2.649408678,       2.741267128
          0,           0,        1163,     -0.5276662853,        2.64936546,       2.741223918
          0,           0,        1164,     -0.5276662833,       2.649391708,       2.741250161
          0,           0,        1165,     -0.5276662829,       2.649395539,       2.741253991
          0,           0,        1166,     -0.5276662818,       2.649410162,       2.741268611
          0,           0,        1167,     -0.5276662894,       2.649296234,       2.741154705
          0,           0,        1168,     -0.5276662851,       2.649360464,       2.741218923
          0,           0,        1169,     -0.5276662866,        2.64933838,       2.741196843
          0,           0,        1170,     -0.5276662929,        2.64925143,        2.74110991
          0,           0,        1171,     -0.5276662869,       2.649332975,       2.741191439
          0,           0,        1172,     -0.5276662827,       2.649395316,       2.741253768
          0,           0,        1173,     -0.5276662875,       2.649328945,        2.74118741
          0,           0,        1174,      -0.527666288,        2.64932079,       2.741179256
          0,           0,        1175,      -0.527666286,       2.649347082,       2.741205543
          0,           0,        1176,     -0.5276662867,       2.649338395,       2.741196857
          0,           0,        1177,      -0.527666284,       2.649374668,       2.741233124
          0,           0,        1178,     -0.5276662862,       2.649346731,       2.741205192
          0,           0,        1179,     -0.5276662868,       2.649341669,       2.741200131
          0,           0,        1180,      -0.527666287,       2.649339811,       2.741198273
          0,           0,        1181,     -0.5276662862,       2.649351412,       2.741209873
          0,           0,        1182,     -0.5276662883,       2.649322915,       2.741181381
          0,           0,        1183,      -0.527666286,        2.64935645,        2.74121491
          0,           0,        1184,     -0.5276662853,       2.649366501,       2.741224959
          0,           0,        1185,     -0.5276662847,       2.649373729,       2.741232186
          0,           0,        1186,     -0.5276662847,       2.649375307,       2.741233764
          0,           0,        1187,     -0.5276662832,       2.649395399,       2.741253851
          0,           0,        1188,     -0.5276662828,        2.64940116,       2.741259612
          0,           0,        1189,     -0.5276662883,        2.64932351,       2.741181976
          0,           0,        1190,     -0.5276662859,        2.64935538,        2.74121384
          0,           0,        1191,     -0.5276662829,       2.649395216,       2.741253668
          0,           0,        1192,     -0.5276662865,       2.649345557,       2.741204019
          0,           0,        1193,     -0.5276662877,       2.649324307,       2.741182773
          0,           0,        1194,     -0.5276662885,         2.6493123,       2.741170768
          0,           0,        1195,     -0.5276662896,       2.649298026,       2.741156497
          0,           0,        1196,     -0.5276662868,       2.649338453,       2.741196916
          0,           0,        1197,      -0.527666284,       2.649374548,       2.741233004
          0,           0,        1198,     -0.5276662864,       2.649341772,       2.741200235
          0,           0,        1199,     -0.5276662886,       2.649308382,        2.74116685
          0,           0,        1200,     -0.5276662887,       2.649304612,       2.741163081
          0,           0,        1201,     -0.5276662886,       2.649305449,       2.741163918
          0,           0,        1202,     -0.5276662891,       2.649295479,        2.74115395
          0,           0,        1203,     -0.5276662912,       2.649271294,        2.74112977
          0,           0,        1204,     -0.5276662891,       2.649296401,       2.741154872
          0,           0,        1205,     -0.5276662896,       2.649291201,       2.741149673
          0,           0,        1206,     -0.5276662924,       2.649255955,       2.741114434
          0,           0,        1207,     -0.5276662888,       2.649301571,       2.741160041
          0,           0,        1208,     -0.5276662881,       2.649309842,        2.74116831
          0,           0,        1209,     -0.5276662876,       2.649315733,       2.741174201
          0,           0,        1210,     -0.5276662908,       2.649271396,       2.741129872
          0,           0,        1211,     -0.5276662895,       2.649285946,       2.741144419
          0,           0,        1212,     -0.5276662918,       2.649251569,       2.741110049
          0,           0,        1213,     -0.5276662904,       2.649270755,        2.74112923
          0,           0,        1214,     -0.5276662903,       2.649273945,        2.74113242
          0,           0,        1215,     -0.5276662907,       2.649262149,       2.741120626
          0,           0,        1216,     -0.5276662931,       2.649228526,       2.741087009
          0,           0,        1217,     -0.5276662917,       2.649247771,       2.741106251
          0,           0,        1218,      -0.527666291,       2.649256213,       2.741114691
          0,           0,        1219,      -0.527666292,       2.649241434,       2.741099915
          0,           0,        1220,     -0.5276662951,       2.649193498,       2.741051988
          0,           0,        1221,     -0.5276662899,       2.649263521,       2.741121997
          0,           0,        1222,     -0.5276662976,       2.649152686,       2.741011183
          0,           0,        1223,     -0.5276662951,       2.649188528,       2.741047018
          0,           0,        1224,     -0.5276662932,       2.649217492,       2.741075977
          0,           0,        1225,     -0.5276662949,       2.649196446,       2.741054935
          0,           0,        1226,     -0.5276662897,       2.649272171,       2.741130646
          0,           0,        1227,     -0.5276662894,       2.649273376,        2.74113185
          0,           0,        1228,     -0.5276662912,       2.649251389,       2.741109867
          0,           0,        1229,     -0.5276662922,       2.649241433,       2.741099914
          0,           0,        1230,     -0.5276662908,       2.649261346,       2.741119823
          0,           0,        1231,     -0.5276662906,       2.649261874,       2.741120351
          0,           0,        1232,     -0.5276662883,       2.649294318,       2.741152789
          0,           0,        1233,     -0.5276662932,       2.649223802,       2.741082287
          0,           0,        1234,     -0.5276662922,       2.649233771,       2.741092253
          0,           0,        1235,     -0.5276662926,       2.649228465,       2.741086949
          0,           0,        1236,     -0.5276662926,       2.649223059,       2.741081544
          0,           0,        1237,     -0.5276662943,       2.649198662,       2.741057151
          0,           0,        1238,     -0.5276662948,       2.649193518,       2.741052008
          0,           0,        1239,     -0.5276662911,       2.649244065,       2.741102546
          0,           0,        1240,     -0.5276662903,       2.649259498,       2.741117975
          0,           0,        1241,     -0.5276662933,       2.649219024,       2.741077509
          0,           0,        1242,     -0.5276662903,       2.649267889,       2.741126365
          0,           0,        1243,     -0.5276662927,       2.649234936,       2.741093418
          0,           0,        1244,       -0.52766629,       2.649273694,       2.741132169
          0,           0,        1245,     -0.5276662899,       2.649276075,        2.74113455
          0,           0,        1246,     -0.5276662916,       2.649247988,       2.741106467
          0,           0,        1247,     -0.5276662913,       2.649250461,        2.74110894
          0,           0,        1248,     -0.5276662904,       2.649265433,       2.741123909
          0,           0,        1249,     -0.5276662879,       2.649302249,       2.741160719
          0,           0,        1250,     -0.5276662875,       2.649307048,       2.741165516
          0,           0,        1251,     -0.5276662881,       2.649302927,       2.741161397
          0,           0,        1252,     -0.5276662885,       2.649292647,       2.741151118
          0,           0,        1253,     -0.5276662906,       2.649265266,       2.741123743
          0,           0,        1254,     -0.5276662898,       2.649272341,       2.741130817
          0,           0,        1255,     -0.5276662924,       2.649230697,        2.74108918
          0,           0,        1256,     -0.5276662901,       2.649267698,       2.741126174
          0,           0,        1257,     -0.5276662923,       2.649242037,       2.741100517
          0,           0,        1258,     -0.5276662916,       2.649253069,       2.741111547
          0,           0,        1259,     -0.5276662903,       2.649267116,       2.741125592
          0,           0,        1260,     -0.5276662921,       2.649230599,       2.741089082
          0,           0,        1261,     -0.5276662891,       2.649267149,       2.741125625
          0,           0,        1262,     -0.5276662937,       2.649203475,       2.741061963
          0,           0,        1263,     -0.5276662973,       2.649153384,       2.741011882
          0,           0,        1264,      -0.527666295,       2.649181165,       2.741039657
          0,           0,        1265,     -0.5276662946,       2.649189494,       2.741047985
          0,           0,        1266,     -0.5276662941,       2.649194164,       2.741052654
          0,           0,        1267,     -0.5276662911,       2.649238248,        2.74109673
          0,           0,        1268,     -0.5276662952,       2.649182093,       2.741040586
          0,           0,        1269,     -0.5276662939,       2.649204506,       2.741062994
          0,           0,        1270,     -0.5276662941,       2.649202306,       2.741060795
          0,           0,        1271,     -0.5276662949,         2.6491971,        2.74105559
          0,           0,        1272,     -0.5276662916,        2.64924145,        2.74109993
          0,           0,        1273,     -0.5276662963,       2.649175381,       2.741033874
          0,           0,        1274,     -0.5276662927,       2.649226339,       2.741084822
          0,           0,        1275,     -0.5276662934,       2.649217513,       2.741075998
          0,           0,        1276,     -0.5276662932,       2.649219612,       2.741078097
          0,           0,        1277,     -0.5276662933,       2.649212518,       2.741071004
          0,           0,        1278,     -0.5276662886,       2.649280493,       2.741138966
          0,           0,        1279,     -0.5276662945,       2.649189903,       2.741048394
          0,           0,        1280,     -0.5276662952,       2.649182811,       2.741041303
          0,           0,        1281,      -0.527666295,       2.649184547,       2.741043039
          0,           0,        1282,     -0.5276662955,       2.649181763,       2.741040255
          0,           0,        1283,      -0.527666293,       2.649219438,       2.741077923
          0,           0,        1284,     -0.5276662908,       2.649254982,       2.741113461
          0,           0,        1285,     -0.5276662923,       2.649231449,       2.741089932
          0,           0,        1286,     -0.5276662921,        2.64923708,       2.741095562
          0,           0,        1287,     -0.5276662963,        2.64917806,       2.741036553
          0,           0,        1288,     -0.5276662924,       2.649230691,       2.741089174
          0,           0,        1289,     -0.5276662942,       2.649206294,       2.741064781
          0,           0,        1290,     -0.5276662947,        2.64920296,       2.741061448
          0,           0,        1291,     -0.5276662889,       2.649286887,       2.741145359
          0,           0,        1292,     -0.5276662921,       2.649237152,       2.741095633
          0,           0,        1293,     -0.5276662927,        2.64922765,       2.741086133
          0,           0,        1294,      -0.527666294,       2.649205049,       2.741063536
          0,           0,        1295,     -0.5276662947,       2.649195458,       2.741053947
          0,           0,        1296,     -0.5276662921,       2.649235365,       2.741093846
          0,           0,        1297,     -0.5276662883,       2.649289259,        2.74114773
          0,           0,        1298,     -0.5276662881,       2.649298444,       2.741156914
          0,           0,        1299,     -0.5276662926,       2.649235404,       2.741093886
          0,           0,        1300,     -0.5276662902,       2.649264507,       2.741122983
          0,           0,        1301,     -0.5276662929,       2.649227331,       2.741085815
          0,           0,        1302,     -0.5276662934,       2.649216605,       2.741075091
          0,           0,        1303,      -0.527666286,       2.649318985,       2.741177451
          0,           0,        1304,     -0.5276662938,       2.649210414,       2.741068901
          0,           0,        1305,     -0.5276662923,       2.649231697,        2.74109018
          0,           0,        1306,     -0.5276662937,        2.64920625,       2.741064737
          0,           0,        1307,      -0.527666295,       2.649190036,       2.741048527
          0,           0,        1308,     -0.5276662934,       2.649209679,       2.741068165
          0,           0,        1309,     -0.5276662945,       2.649196394,       2.741054883
          0,           0,        1310,     -0.5276662997,       2.649122543,       2.740981046
          0,           0,        1311,     -0.5276662936,       2.649208845,       2.741067332
          0,           0,        1312,     -0.5276662929,       2.649211885,       2.741070371
          0,           0,        1313,     -0.5276662979,        2.64913787,       2.740996371
          0,           0,        1314,      -0.527666298,        2.64913652,        2.74099502
          0,           0,        1315,     -0.5276662954,       2.649174819,       2.741033312
          0,           0,        1316,     -0.5276662949,        2.64918856,        2.74104705
          0,           0,        1317,     -0.5276662972,       2.649156112,       2.741014609
          0,           0,        1318,     -0.5276662935,       2.649207808,       2.741066295
          0,           0,        1319,     -0.5276662974,       2.649153862,       2.741012359
          0,           0,        1320,     -0.5276662965,       2.649163939,       2.741022434
          0,           0,        1321,     -0.5276662972,        2.64915165,       2.741010148
          0,           0,        1322,     -0.5276662955,        2.64917377,       2.741032263
          0,           0,        1323,     -0.5276662976,       2.649143792,       2.741002291
          0,           0,        1324,     -0.5276662961,       2.649165854,       2.741024349
          0,           0,        1325,     -0.5276662962,       2.649165673,       2.741024167
          0,           0,        1326,     -0.5276662945,       2.649191256,       2.741049746
          0,           0,        1327,     -0.5276662946,       2.649188131,       2.741046621
          0,           0,        1328,      -0.527666297,       2.649156653,       2.741015149
          0,           0,        1329,     -0.5276662954,       2.649177686,       2.741036178
          0,           0,        1330,     -0.5276662922,       2.649225077,       2.741083561
          0,           0,        1331,     -0.5276662924,       2.649225811,       2.741084295
          0,           0,        1332,     -0.5276662972,       2.649156326,       2.741014823
          0,           0,        1333,     -0.5276662978,       2.649145362,       2.741003861
          0,           0,        1334,     -0.5276662923,       2.649224535,       2.741083019
          0,           0,        1335,     -0.5276662948,       2.649185828,        2.74104432
          0,           0,        1336,     -0.5276662988,       2.649129869,       2.740988371
          0,           0,        1337,     -0.5276662967,       2.649158642,       2.741017139
          0,           0,        1338,     -0.5276662955,       2.649174938,       2.741033431
          0,           0,        1339,     -0.5276662962,       2.649167181,       2.741025676
          0,           0,        1340,     -0.5276662963,       2.649165613,       2.741024108
          0,           0,        1341,     -0.5276662918,       2.649228738,       2.741087221
          0,           0,        1342,     -0.5276662978,       2.649146205,       2.741004704
          0,           0,        1343,     -0.5276662941,       2.649194865,       2.741053354
          0,           0,        1344,     -0.5276662947,       2.649186765,       2.741045256
          0,           0,        1345,      -0.527666295,       2.649186072,       2.741044563
          0,           0,        1346,     -0.5276662981,       2.649139429,       2.740997929
          0,           0,        1347,     -0.5276662957,       2.649172863,       2.741031357
          0,           0,        1348,     -0.5276662947,       2.649191155,       2.741049646
          0,           0,        1349,     -0.5276662929,       2.649220775,        2.74107926
          0,           0,        1350,     -0.5276662936,       2.649213535,       2.741072022
          0,           0,        1351,     -0.5276662911,       2.649249214,       2.741107694
          0,           0,        1352,     -0.5276662941,       2.649206995,       2.741065482
          0,           0,        1353,      -0.527666292,       2.649239011,       2.741097492
          0,           0,        1354,      -0.527666291,       2.649255035,       2.741113513
          0,           0,        1355,     -0.5276662894,       2.649284696,       2.741143169
          0,           0,        1356,     -0.5276662905,       2.649267051,       2.741125527
          0,           0,        1357,     -0.5276662892,       2.649287247,       2.741145719
          0,           0,        1358,     -0.5276662903,       2.649273447,       2.741131922
          0,           0,        1359,     -0.5276662914,       2.649248777,       2.741107256
          0,           0,        1360,     -0.5276662904,        2.64926388,       2.741122356
          0,           0,        1361,     -0.5276662887,       2.649288617,       2.741147089
          0,           0,        1362,     -0.5276662925,       2.649235612,       2.741094094
          0,           0,        1363,      -0.527666295,       2.649197342,       2.741055831
          0,           0,        1364,     -0.5276662961,       2.649172366,       2.741030859
          0,           0,        1365,     -0.5276662967,       2.649167063,       2.741025557
          0,           0,        1366,     -0.5276662953,       2.649185994,       2.741044485
          0,           0,        1367,     -0.5276662939,       2.649206689,       2.741065176
          0,           0,        1368,     -0.5276662932,       2.649216989,       2.741075474
          0,           0,        1369,     -0.5276662912,        2.64924672,         2.7411052
          0,           0,        1370,     -0.5276662971,       2.649162816,       2.741021312
          0,           0,        1371,     -0.5276662956,       2.649184493,       2.741042984
          0,           0,        1372,     -0.5276662946,       2.649196752,       2.741055242
          0,           0,        1373,      -0.527666295,       2.649191432,       2.741049922
          0,           0,        1374,     -0.5276662919,       2.649236461,       2.741094942
          0,           0,        1375,     -0.5276662932,        2.64921891,       2.741077395
          0,           0,        1376,      -0.527666291,       2.649251165,       2.741109644
          0,           0,        1377,     -0.5276662936,       2.649211003,       2.741069489
          0,           0,        1378,     -0.5276662949,       2.649190261,       2.741048752
          0,           0,        1379,      -0.527666297,       2.649157975,       2.741016471
          0,           0,        1380,      -0.527666298,         2.6491479,       2.741006399
          0,           0,        1381,     -0.5276662962,         2.6491769,       2.741035393
          0,           0,        1382,     -0.5276662957,       2.649181055,       2.741039547
          0,           0,        1383,     -0.5276662941,         2.6492019,       2.741060388
          0,           0,        1384,     -0.5276662956,       2.649178641,       2.741037134
          0,           0,        1385,     -0.5276662996,       2.649115889,       2.740974393
          0,           0,        1386,     -0.5276662994,       2.649120783,       2.740979286
          0,           0,        1387,      -0.527666298,       2.649137528,       2.740996028
          0,           0,        1388,     -0.5276662993,          2.649119,       2.740977503
          0,           0,        1389,      -0.527666295,       2.649175105,       2.741033598
          0,           0,        1390,     -0.5276663016,       2.649088844,       2.740947353
          0,           0,        1391,     -0.5276662986,       2.649130672,       2.740989173
          0,           0,        1392,     -0.5276662994,       2.649117875,       2.740976379
          0,           0,        1393,     -0.5276662977,       2.649140587,       2.740999087
          0,           0,        1394,     -0.5276663016,       2.649082725,       2.740941235
          0,           0,        1395,     -0.5276663013,       2.649087622,       2.740946132
          0,           0,        1396,     -0.5276662963,       2.649157446,       2.741015942
          0,           0,        1397,     -0.5276663002,       2.649103789,       2.740962296
          0,           0,        1398,      -0.527666296,       2.649163546,       2.741022041
          0,           0,        1399,     -0.5276662982,       2.649133169,        2.74099167
          0,           0,        1400,     -0.5276662966,       2.649159079,       2.741017575
          0,           0,        1401,     -0.5276662974,       2.649147364,       2.741005862
          0,           0,        1402,     -0.5276663029,       2.649071046,       2.740929559
          0,           0,        1403,     -0.5276662994,        2.64911736,       2.740975862
          0,           0,        1404,     -0.5276662968,       2.649157391,       2.741015886
          0,           0,        1405,     -0.5276662959,       2.649170178,       2.741028672
          0,           0,        1406,      -0.527666295,        2.64918296,       2.741041451
          0,           0,        1407,     -0.5276662981,       2.649137655,       2.740996155
          0,           0,        1408,        -0.5276663,        2.64911442,       2.740972924
          0,           0,        1409,      -0.527666297,       2.649158973,       2.741017469
          0,           0,        1410,     -0.5276663004,       2.649111322,       2.740969827
          0,           0,        1411,     -0.5276662949,       2.649189842,       2.741048332
          0,           0,        1412,     -0.5276662918,       2.649233682,       2.741092163
          0,           0,        1413,     -0.5276662943,       2.649196282,       2.741054771
          0,           0,        1414,     -0.5276662977,       2.649146543,       2.741005041
          0,           0,        1415,      -0.527666296,       2.649171286,        2.74102978
          0,           0,        1416,      -0.527666296,       2.649175787,        2.74103428
          0,           0,        1417,     -0.5276662936,       2.649208504,       2.741066991
          0,           0,        1418,     -0.5276662957,       2.649179603,       2.741038095
          0,           0,        1419,     -0.5276662943,       2.649198753,       2.741057242
          0,           0,        1420,     -0.5276662971,       2.649159185,       2.741017681
          0,           0,        1421,     -0.5276662941,       2.649202622,        2.74106111
          0,           0,        1422,     -0.5276662942,       2.649198793,       2.741057282
          0,           0,        1423,     -0.5276662952,       2.649185887,       2.741044378
          0,           0,        1424,     -0.5276662958,       2.649179736,       2.741038228
          0,           0,        1425,     -0.5276662921,       2.649230309,       2.741088791
          0,           0,        1426,      -0.527666296,       2.649175075,       2.741033568
          0,           0,        1427,      -0.527666295,       2.649187037,       2.741045528
          0,           0,        1428,     -0.5276662959,       2.649176466,       2.741034959
          0,           0,        1429,     -0.5276662941,       2.649200887,       2.741059375
          0,           0,        1430,     -0.5276662938,       2.649201021,       2.741059509
          0,           0,        1431,     -0.5276662951,        2.64918218,       2.741040672
          0,           0,        1432,     -0.5276662985,       2.649139786,       2.740998286
          0,           0,        1433,     -0.5276662937,       2.649205518,       2.741064005
          0,           0,        1434,      -0.527666297,       2.649157396,       2.741015893
          0,           0,        1435,     -0.5276662941,       2.649202178,       2.741060666
          0,           0,        1436,     -0.5276662914,       2.649240197,       2.741098678
          0,           0,        1437,     -0.5276662939,        2.64920615,       2.741064637
          0,           0,        1438,     -0.5276662933,       2.649211534,        2.74107002
          0,           0,        1439,     -0.5276662957,       2.649178057,        2.74103655
          0,           0,        1440,      -0.527666292,       2.649227048,       2.741085531
          0,           0,        1441,     -0.5276662967,       2.649162096,       2.741020592
          0,           0,        1442,     -0.5276662935,        2.64921064,       2.741069126
          0,           0,        1443,     -0.5276662979,       2.649148751,       2.741007249
          0,           0,        1444,     -0.5276662956,       2.649179035,       2.741037528
          0,           0,        1445,     -0.5276662958,       2.649172812,       2.741031305
          0,           0,        1446,     -0.5276662987,       2.649130105,       2.740988606
          0,           0,        1447,     -0.5276662958,       2.649169697,       2.741028191
          0,           0,        1448,     -0.5276662975,       2.649147764,       2.741006262
          0,           0,        1449,     -0.5276662948,       2.649186302,       2.741044793
          0,           0,        1450,     -0.5276662952,        2.64918302,       2.741041512
          0,           0,        1451,     -0.5276662969,       2.649158964,        2.74101746
          0,           0,        1452,     -0.5276663005,        2.64910692,       2.740965426
          0,           0,        1453,     -0.5276662953,       2.649184831,       2.741043322
          0,           0,        1454,     -0.5276662961,       2.649171094,       2.741029588
          0,           0,        1455,     -0.5276662987,       2.649134827,       2.740993327
          0,           0,        1456,     -0.5276662976,       2.649151745,       2.741010243
          0,           0,        1457,     -0.5276662961,       2.649172821,       2.741031315
          0,           0,        1458,     -0.5276662927,       2.649223697,       2.741082181
          0,           0,        1459,     -0.5276662949,       2.649192331,        2.74105082
          0,           0,        1460,     -0.5276662893,       2.649273979,       2.741132454
          0,           0,        1461,     -0.5276662915,       2.649243776,       2.741102256
          0,           0,        1462,      -0.527666297,       2.649158088,       2.741016585
          0,           0,        1463,     -0.5276662933,       2.649205799,       2.741064286
          0,           0,        1464,     -0.5276662956,       2.649173369,       2.741031862
          0,           0,        1465,     -0.5276662978,       2.649143158,       2.741001658
          0,           0,        1466,     -0.5276662973,       2.649156277,       2.741014774
          0,           0,        1467,     -0.5276662994,       2.649123843,       2.740982345
          0,           0,        1468,     -0.5276662985,       2.649137296,       2.740995797
          0,           0,        1469,     -0.5276662971,       2.649154924,       2.741013422
          0,           0,        1470,     -0.5276663024,       2.649082329,       2.740940839
          0,           0,        1471,     -0.5276662952,       2.649177563,       2.741036056
          0,           0,        1472,     -0.5276662962,        2.64916372,       2.741022215
          0,           0,        1473,      -0.527666291,       2.649236284,       2.741094766
          0,           0,        1474,     -0.5276662953,       2.649177892,       2.741036384
          0,           0,        1475,     -0.5276662971,       2.649151646,       2.741010143
          0,           0,        1476,     -0.5276662964,       2.649161478,       2.741019974
          0,           0,        1477,     -0.5276662966,       2.649159853,       2.741018349
          0,           0,        1478,     -0.5276662989,       2.649129936,       2.740988438
          0,           0,        1479,     -0.5276662947,       2.649188576,       2.741047066
          0,           0,        1480,     -0.5276662902,       2.649254847,       2.741113325
          0,           0,        1481,     -0.5276662965,       2.649163671,       2.741022166
          0,           0,        1482,     -0.5276662939,       2.649204558,       2.741063046
          0,           0,        1483,     -0.5276662954,       2.649178451,       2.741036943
          0,           0,        1484,     -0.5276662978,       2.649145505,       2.741004004
          0,           0,        1485,     -0.5276662951,       2.649180449,       2.741038941
          0,           0,        1486,     -0.5276662954,       2.649179028,        2.74103752
          0,           0,        1487,     -0.5276662964,       2.649161882,       2.741020378
          0,           0,        1488,     -0.5276662938,       2.649199695,       2.741058183
          0,           0,        1489,     -0.5276662903,       2.649248636,       2.741107115
          0,           0,        1490,     -0.5276662969,         2.6491517,       2.741010197
          0,           0,        1491,     -0.5276663003,       2.649102807,       2.740961314
          0,           0,        1492,     -0.5276662959,       2.649165709,       2.741024204
          0,           0,        1493,     -0.5276662969,       2.649151844,       2.741010341
          0,           0,        1494,     -0.5276662974,       2.649145142,       2.741003641
          0,           0,        1495,     -0.5276662958,       2.649169671,       2.741028165
          0,           0,        1496,     -0.5276662968,       2.649158889,       2.741017385
          0,           0,        1497,     -0.5276662926,       2.649215287,       2.741073772
          0,           0,        1498,      -0.527666298,       2.649141001,         2.7409995
          0,           0,        1499,     -0.5276662952,       2.649181326,       2.741039818
          0,           0,        1500,     -0.5276662947,       2.649192136,       2.741050625
          0,           0,        1501,     -0.5276662933,       2.649216803,       2.741075288
          0,           0,        1502,     -0.5276662888,       2.649279147,        2.74113762
          0,           0,        1503,     -0.5276662919,       2.649239728,       2.741098208
          0,           0,        1504,     -0.5276662934,       2.649213826,       2.741072311
          0,           0,        1505,     -0.5276662928,       2.649228054,       2.741086537
          0,           0,        1506,     -0.5276662973,       2.649163751,       2.741022246
          0,           0,        1507,     -0.5276662955,        2.64919028,        2.74104877
          0,           0,        1508,     -0.5276662922,       2.649232917,       2.741091399
          0,           0,        1509,     -0.5276662934,       2.649213547,       2.741072032
          0,           0,        1510,     -0.5276662951,       2.649191807,       2.741050296
          0,           0,        1511,     -0.5276662894,       2.649269677,       2.741128152
          0,           0,        1512,     -0.5276662955,       2.649185174,       2.741043665
          0,           0,        1513,     -0.5276662968,       2.649168079,       2.741026574
          0,           0,        1514,     -0.5276662988,       2.649139135,       2.740997635
          0,           0,        1515,     -0.5276662934,        2.64921544,       2.741073925
          0,           0,        1516,     -0.5276662867,       2.649309732,         2.7411682
          0,           0,        1517,     -0.5276662953,        2.64918637,       2.741044861
          0,           0,        1518,     -0.5276662959,       2.649174793,       2.741033286
          0,           0,        1519,     -0.5276662934,       2.649209098,       2.741067584
          0,           0,        1520,     -0.5276662986,       2.649130805,       2.740989307
          0,           0,        1521,     -0.5276662945,       2.649188727,       2.741047217
          0,           0,        1522,      -0.527666291,       2.649235875,       2.741094356
          0,           0,        1523,     -0.5276662977,       2.649146048,       2.741004546
          0,           0,        1524,     -0.5276662976,       2.649150433,        2.74100893
          0,           0,        1525,     -0.5276663006,       2.649105322,       2.740963828
          0,           0,        1526,     -0.5276662964,       2.649164751,       2.741023245
          0,           0,        1527,     -0.5276662996,       2.649121501,       2.740980004
          0,           0,        1528,     -0.5276662971,       2.649156585,       2.741015081
          0,           0,        1529,     -0.5276662961,       2.649168503,       2.741026997
          0,           0,        1530,     -0.5276662973,       2.649148578,       2.741007076
          0,           0,        1531,     -0.5276662981,       2.649140761,        2.74099926
          0,           0,        1532,     -0.5276662959,        2.64917169,       2.741030184
          0,           0,        1533,     -0.5276662965,        2.64916474,       2.741023235
          0,           0,        1534,     -0.5276662964,       2.649164166,       2.741022661
          0,           0,        1535,      -0.527666298,       2.649140941,        2.74099944
          0,           0,        1536,      -0.527666297,       2.649159051,       2.741017547
          0,           0,        1537,     -0.5276662974,       2.649157787,       2.741016284
          0,           0,        1538,     -0.5276662938,       2.649211735,       2.741070221
          0,           0,        1539,     -0.5276662988,       2.649141018,       2.740999518
          0,           0,        1540,     -0.5276662969,       2.649165987,       2.741024482
          0,           0,        1541,     -0.5276662967,       2.649165177,       2.741023673
          0,           0,        1542,     -0.5276662937,       2.649206298,       2.741064785
          0,           0,        1543,     -0.5276662962,       2.649170917,       2.741029411
          0,           0,        1544,     -0.5276662946,       2.649194398,       2.741052888
          0,           0,        1545,      -0.527666298,       2.649147681,        2.74100618
          0,           0,        1546,     -0.5276662943,       2.649201229,       2.741059717
          0,           0,        1547,     -0.5276662947,        2.64919284,        2.74105133
          0,           0,        1548,     -0.5276662947,       2.649193305,       2.741051795
          0,           0,        1549,     -0.5276662969,       2.649160551,       2.741019047
          0,           0,        1550,     -0.5276662969,       2.649156182,       2.741014679
          0,           0,        1551,     -0.5276662993,       2.649121201,       2.740979704
          0,           0,        1552,     -0.5276662998,       2.649115474,       2.740973978
          0,           0,        1553,     -0.5276662932,       2.649209021,       2.741067508
          0,           0,        1554,     -0.5276662936,       2.649207874,       2.741066361
          0,           0,        1555,     -0.5276662927,       2.649222881,       2.741081365
          0,           0,        1556,     -0.5276662955,         2.6491874,       2.741045891
          0,           0,        1557,     -0.5276662914,       2.649244921,       2.741103401
          0,           0,        1558,     -0.5276662931,       2.649224029,       2.741082513
          0,           0,        1559,     -0.5276662932,       2.649219801,       2.741078286
          0,           0,        1560,     -0.5276662947,       2.649200092,       2.741058581
          0,           0,        1561,     -0.5276662949,       2.649193665,       2.741052155
          0,           0,        1562,     -0.5276662905,       2.649256262,        2.74111474
          0,           0,        1563,     -0.5276662928,       2.649221168,       2.741079652
          0,           0,        1564,     -0.5276662918,       2.649233874,       2.741092356
          0,           0,        1565,     -0.5276662989,       2.649135124,       2.740993625
          0,           0,        1566,       -0.52766629,       2.649258618,       2.741117095
          0,           0,        1567,     -0.5276662971,       2.649158189,       2.741016685
          0,           0,        1568,     -0.5276662928,       2.649222107,       2.741080591
          0,           0,        1569,     -0.5276662943,       2.649195905,       2.741054394
          0,           0,        1570,     -0.5276662976,       2.649149571,       2.741008069
          0,           0,        1571,     -0.5276662961,       2.649171226,        2.74102972
          0,           0,        1572,     -0.5276662966,       2.649166236,       2.741024731
          0,           0,        1573,     -0.5276662993,        2.64912434,       2.740982843
          0,           0,        1574,     -0.5276662943,        2.64919688,       2.741055369
          0,           0,        1575,     -0.5276662957,       2.649179731,       2.741038223
          0,           0,        1576,      -0.527666301,       2.649106109,       2.740964616
          0,           0,        1577,     -0.5276662936,       2.649212252,       2.741070738
          0,           0,        1578,     -0.5276662967,       2.649168149,       2.741026643
          0,           0,        1579,     -0.5276662949,       2.649192541,       2.741051031
          0,           0,        1580,     -0.5276662937,       2.649208053,        2.74106654
          0,           0,        1581,      -0.527666288,       2.649287239,       2.741145711
          0,           0,        1582,     -0.5276662974,       2.649155251,       2.741013748
          0,           0,        1583,     -0.5276662905,       2.649257916,       2.741116394
          0,           0,        1584,     -0.5276662938,       2.649213488,       2.741071974
          0,           0,        1585,     -0.5276662945,       2.649203929,       2.741062416
          0,           0,        1586,     -0.5276662921,       2.649235244,       2.741093726
          0,           0,        1587,     -0.5276662927,       2.649229466,       2.741087949
          0,           0,        1588,     -0.5276662942,       2.649204774,       2.741063261
          0,           0,        1589,     -0.5276662922,       2.649232535,       2.741091017
          0,           0,        1590,     -0.5276662917,       2.649240723,       2.741099204
          0,           0,        1591,     -0.5276662902,       2.649264448,       2.741122923
          0,           0,        1592,     -0.5276662925,       2.649230543,       2.741089025
          0,           0,        1593,     -0.5276662844,       2.649350047,       2.741208506
          0,           0,        1594,     -0.5276662908,       2.649260142,       2.741118618
          0,           0,        1595,     -0.5276662869,       2.649316402,       2.741174868
          0,           0,        1596,      -0.527666291,       2.649250954,       2.741109432
          0,           0,        1597,      -0.527666291,       2.649254712,        2.74111319
          0,           0,        1598,     -0.5276662949,       2.649198397,       2.741056885
          0,           0,        1599,     -0.5276662904,       2.649264892,       2.741123368
          0,           0,        1600,     -0.5276662912,        2.64925238,       2.741110858
          0,           0,        1601,     -0.5276662925,       2.649232769,       2.741091251
          0,           0,        1602,     -0.5276662908,       2.649256986,       2.741115464
          0,           0,        1603,     -0.5276662947,         2.6492014,       2.741059888
          0,           0,        1604,     -0.5276662927,       2.649234513,       2.741092995
          0,           0,        1605,     -0.5276662971,       2.649168227,       2.741026721
          0,           0,        1606,     -0.5276662954,       2.649187586,       2.741046077
          0,           0,        1607,     -0.5276662944,       2.649203826,       2.741062313
          0,           0,        1608,     -0.5276662937,       2.649213463,       2.741071949
          0,           0,        1609,     -0.5276662933,       2.649215471,       2.741073957
          0,           0,        1610,     -0.5276662954,       2.649184919,       2.741043411
          0,           0,        1611,     -0.5276662989,       2.649135086,       2.740993587
          0,           0,        1612,     -0.5276662948,       2.649189484,       2.741047974
          0,           0,        1613,     -0.5276662982,       2.649142598,       2.741001097
          0,           0,        1614,     -0.5276662968,       2.649164346,       2.741022841
          0,           0,        1615,     -0.5276662951,       2.649186339,        2.74104483
          0,           0,        1616,     -0.5276662968,       2.649162725,        2.74102122
          0,           0,        1617,     -0.5276662979,        2.64914682,       2.741005319
          0,           0,        1618,      -0.527666296,       2.649172186,        2.74103068
          0,           0,        1619,     -0.5276662974,       2.649150066,       2.741008564
          0,           0,        1620,     -0.5276662981,       2.649139173,       2.740997673
