"Time_Iter","Outer_Iter","Inner_Iter",    "rms[Rho]"    ,    "rms[RhoU]"   ,    "rms[RhoV]"   ,    "rms[RhoE]"   ,     "rms[nu]"    
          0,           0,           0,      -3.722399951,      -13.49389957,      -13.48762717,      -1.674692519,      -9.127682937
          0,           0,           1,      -4.132413995,      -3.500335687,      -3.193494384,      -2.084383276,      -9.416265043
          0,           0,           2,      -4.289490176,      -3.592657862,      -3.305418541,      -2.237120889,      -9.750168701
          0,           0,           3,      -4.278280408,       -3.67511448,      -3.514581037,      -2.227164253,      -10.00044715
          0,           0,           4,      -4.329995501,      -3.743643074,      -3.608073936,      -2.279298436,       -10.1685739
          0,           0,           5,      -4.393711289,      -3.798777589,      -3.620988457,      -2.343240342,      -10.25957055
          0,           0,           6,      -4.443213831,      -3.845258399,      -3.642366904,      -2.393529329,      -10.32767727
          0,           0,           7,      -4.479510187,      -3.886634582,      -3.668126155,      -2.430811333,      -10.39364598
          0,           0,           8,      -4.504093026,      -3.924264771,       -3.68775271,      -2.456153962,      -10.44504151
          0,           0,           9,      -4.518206676,      -3.957328897,      -3.697832541,      -2.470665049,      -10.48219251
          0,           0,          10,      -4.523368542,      -3.983560706,      -3.698520393,      -2.475943817,       -10.5114643
          0,           0,          11,      -4.521112569,       -3.99985632,        -3.6912733,      -2.473673286,      -10.53459776
          0,           0,          12,       -4.51322963,      -4.003494177,      -3.678158795,      -2.465759728,      -10.55278033
          0,           0,          13,      -4.501728197,      -3.993695108,      -3.661533718,      -2.454269116,      -10.56873096
          0,           0,          14,      -4.488541259,      -3.972232732,      -3.643645433,      -2.441148435,      -10.58508748
          0,           0,          15,      -4.475234712,      -3.942825797,      -3.626275578,      -2.427954677,      -10.59580719
          0,           0,          16,      -4.462887247,      -3.909515686,      -3.610572203,      -2.415748242,      -10.60352346
          0,           0,          17,      -4.452105553,      -3.875475498,      -3.597066807,      -2.405115556,      -10.60965744
          0,           0,          18,      -4.443100728,      -3.842677854,      -3.585803429,      -2.396249715,      -10.61481452
          0,           0,          19,      -4.435779179,       -3.81208592,       -3.57651398,      -2.389044339,        -10.619294
          0,           0,          20,      -4.429829291,      -3.784001242,      -3.568790266,      -2.383182233,      -10.62321503
          0,           0,          21,       -4.42480831,      -3.758376405,      -3.562220173,      -2.378222535,      -10.62700028
          0,           0,          22,      -4.420235645,      -3.735028273,      -3.556468371,      -2.373691955,      -10.63098117
          0,           0,          23,      -4.415686826,      -3.713748548,       -3.55129917,      -2.369175121,      -10.63368308
          0,           0,          24,      -4.410875727,      -3.694341538,      -3.546562692,      -2.364393897,      -10.63479652
          0,           0,          25,      -4.405691194,      -3.676621167,      -3.542163224,      -2.359240956,      -10.63474759
          0,           0,          26,      -4.400182182,      -3.660400547,      -3.538030657,      -2.353763318,      -10.63379303
          0,           0,          27,       -4.39450045,      -3.645489464,      -3.534106683,      -2.348105486,      -10.63213046
          0,           0,          28,      -4.388830556,      -3.631704397,      -3.530349067,      -2.342442917,      -10.62993091
          0,           0,          29,      -4.383321042,      -3.618884708,      -3.526736582,       -2.33691497,      -10.62732345
          0,           0,          30,      -4.378041657,      -3.606905038,      -3.523274451,      -2.331583981,      -10.62437291
          0,           0,          31,      -4.372971842,      -3.595681834,      -3.519994655,      -2.326425332,      -10.62116381
          0,           0,          32,      -4.368015984,      -3.585170211,      -3.516949444,      -2.321343911,      -10.61780209
          0,           0,          33,       -4.36303328,      -3.575353137,      -3.514195859,      -2.316203449,      -10.61393902
          0,           0,          34,      -4.357876117,      -3.566226363,      -3.511780245,      -2.310864136,      -10.60931579
          0,           0,          35,       -4.35242441,      -3.557784801,      -3.509726891,      -2.305216295,      -10.60403902
          0,           0,          36,      -4.346605978,      -3.550014818,      -3.508029704,      -2.299198972,      -10.59821316
          0,           0,          37,        -4.3404031,      -3.542892455,      -3.506650589,      -2.292804818,      -10.59193997
          0,           0,          38,       -4.33384491,      -3.536384504,      -3.505524517,      -2.286071242,      -10.58532408
          0,           0,          39,      -4.326990459,      -3.530452562,      -3.504569152,      -2.279062593,      -10.57846319
          0,           0,          40,      -4.319911337,      -3.525056213,       -3.50369631,      -2.271852699,      -10.57143368
          0,           0,          41,      -4.312678236,      -3.520156026,      -3.502821487,      -2.264511914,      -10.56430048
          0,           0,          42,      -4.305353727,      -3.515710759,      -3.501871498,      -2.257100577,      -10.55709035
          0,           0,          43,      -4.297990659,      -3.511673232,      -3.500789053,      -2.249668322,      -10.54982574
          0,           0,          44,      -4.290633702,      -3.507985835,      -3.499532936,       -2.24225627,      -10.54249996
          0,           0,          45,      -4.283322562,      -3.504577491,      -3.498075684,       -2.23490089,      -10.53504378
          0,           0,          46,       -4.27609375,      -3.501361401,      -3.496400581,      -2.227635926,      -10.52741468
          0,           0,          47,       -4.26898085,      -3.498237561,      -3.494499303,      -2.220492768,      -10.51959962
          0,           0,          48,      -4.262012888,       -3.49509884,      -3.492370481,      -2.213498673,      -10.51160098
          0,           0,          49,      -4.255212608,      -3.491839452,      -3.490019101,      -2.206674948,      -10.50341706
          0,           0,          50,       -4.24859498,      -3.488364772,      -3.487456333,      -2.200035322,      -10.49505269
          0,           0,          51,       -4.24216653,      -3.484600731,      -3.484699375,      -2.193585225,      -10.48650745
          0,           0,          52,      -4.235925635,      -3.480500855,      -3.481770528,      -2.187322107,      -10.47779244
          0,           0,          53,      -4.229863489,      -3.476049162,      -3.478695267,       -2.18123639,      -10.46890647
          0,           0,          54,      -4.223965627,      -3.471259002,      -3.475499406,       -2.17531309,      -10.45985302
          0,           0,          55,      -4.218213338,       -3.46616801,      -3.472205796,      -2.169533204,      -10.45064414
          0,           0,          56,      -4.212585232,      -3.460830237,      -3.468831536,      -2.163875296,      -10.44129571
          0,           0,          57,      -4.207058685,      -3.455307275,      -3.465385839,      -2.158316933,      -10.43184023
          0,           0,          58,       -4.20161118,      -3.449659932,       -3.46186927,      -2.152835958,      -10.42228635
          0,           0,          59,      -4.196221841,        -3.4439415,      -3.458274343,      -2.147412003,      -10.41265508
          0,           0,          60,      -4.190872766,      -3.438193352,      -3.454587102,      -2.142027764,      -10.40298463
          0,           0,          61,      -4.185550317,      -3.432443032,      -3.450789201,      -2.136670269,      -10.39333824
          0,           0,          62,      -4.180246061,      -3.426704415,      -3.446860222,      -2.131331785,      -10.38375169
          0,           0,          63,       -4.17495717,      -3.420979479,      -3.442779734,      -2.126010193,      -10.37428259
          0,           0,          64,      -4.169686388,      -3.415261218,      -3.438529116,      -2.120708954,      -10.36495909
          0,           0,          65,      -4.164441312,       -3.40953686,       -3.43409263,      -2.115436352,      -10.35584612
          0,           0,          66,      -4.159233369,      -3.403791075,      -3.429458129,      -2.110204497,      -10.34693467
          0,           0,          67,      -4.154076426,      -3.398008748,      -3.424617356,       -2.10502789,      -10.33815214
          0,           0,          68,        -4.1489854,      -3.392177143,       -3.41956597,      -2.099922053,      -10.32950307
          0,           0,          69,      -4.143974918,      -3.386287336,      -3.414303352,      -2.094902177,      -10.32104462
          0,           0,          70,      -4.139058195,      -3.380334978,      -3.408832306,      -2.089981995,      -10.31279766
          0,           0,          71,      -4.134246263,      -3.374320463,      -3.403158726,      -2.085173013,      -10.30475853
          0,           0,          72,      -4.129547386,      -3.368248633,      -3.397291127,      -2.080483912,      -10.29692061
          0,           0,          73,      -4.124966885,      -3.362128218,       -3.39124026,      -2.075920388,      -10.28924473
          0,           0,          74,      -4.120507025,      -3.355971057,      -3.385018694,      -2.071485005,      -10.28174346
          0,           0,          75,      -4.116167211,       -3.34979135,      -3.378640526,      -2.067177417,      -10.27441356
          0,           0,          76,      -4.111944104,      -3.343604828,      -3.372121098,      -2.062994453,      -10.26727181
          0,           0,          77,      -4.107831955,      -3.337428095,      -3.365476889,      -2.058930468,      -10.26032888
          0,           0,          78,      -4.103822788,      -3.331278017,      -3.358725418,      -2.054977507,      -10.25355632
          0,           0,          79,       -4.09990674,      -3.325171213,      -3.351885252,      -2.051125668,      -10.24695274
          0,           0,          80,      -4.096072297,      -3.319123614,         -3.344976,      -2.047363314,      -10.24053125
          0,           0,          81,       -4.09230667,      -3.313150081,      -3.338018306,      -2.043677475,      -10.23425741
          0,           0,          82,      -4.088596084,      -3.307264068,       -3.33103373,      -2.040054118,      -10.22816798
          0,           0,          83,      -4.084926195,      -3.301477337,       -3.32404457,      -2.036478584,      -10.22221211
          0,           0,          84,       -4.08128246,      -3.295799681,      -3.317073535,      -2.032935953,      -10.21634522
          0,           0,          85,      -4.077650601,      -3.290238734,      -3.310143382,      -2.029411508,      -10.21060828
          0,           0,          86,      -4.074017001,      -3.284799812,      -3.303276455,      -2.025891134,         -10.20499
          0,           0,          87,      -4.070369122,      -3.279485859,      -3.296494234,      -2.022361739,      -10.19948732
          0,           0,          88,      -4.066695844,      -3.274297502,      -3.289816892,      -2.018811595,      -10.19407686
          0,           0,          89,      -4.062987738,      -3.269233209,      -3.283262918,      -2.015230611,       -10.1887659
          0,           0,          90,      -4.059237241,      -3.264289544,      -3.276848827,      -2.011610522,      -10.18345159
          0,           0,          91,      -4.055438729,      -3.259461543,      -3.270588983,      -2.007944959,       -10.1781598
          0,           0,          92,      -4.051588529,      -3.254743148,      -3.264495529,      -2.004229489,      -10.17289175
          0,           0,          93,      -4.047684789,      -3.250127658,       -3.25857842,      -2.000461485,      -10.16763753
          0,           0,          94,      -4.043727371,      -3.245608213,      -3.252845549,      -1.996640044,      -10.16240927
          0,           0,          95,      -4.039717612,      -3.241178212,      -3.247302941,       -1.99276575,       -10.1571833
          0,           0,          96,      -4.035658166,      -3.236831689,      -3.241954985,      -1.988840551,      -10.15193221
          0,           0,          97,      -4.031552766,      -3.232563561,      -3.236804656,      -1.984867516,      -10.14663581
          0,           0,          98,      -4.027406096,      -3.228369802,      -3.231853723,      -1.980850738,      -10.14124653
          0,           0,          99,      -4.023223625,      -3.224247449,      -3.227102919,      -1.976795171,      -10.13576838
          0,           0,         100,      -4.019011511,      -3.220194529,      -3.222552057,      -1.972706548,      -10.13025765
          0,           0,         101,      -4.014776518,      -3.216209841,      -3.218200085,      -1.968591311,      -10.12468197
          0,           0,         102,      -4.010525942,      -3.212292682,      -3.214045087,      -1.964456534,      -10.11906947
          0,           0,         103,      -4.006267555,      -3.208442506,      -3.210084241,      -1.960309882,      -10.11346087
          0,           0,         104,      -4.002009526,      -3.204658554,      -3.206313724,      -1.956159521,      -10.10783027
          0,           0,         105,       -3.99776033,      -3.200939504,      -3.202728614,      -1.952014033,      -10.10209454
          0,           0,         106,      -3.993528637,       -3.19728316,      -3.199322776,      -1.947882299,      -10.09625136
          0,           0,         107,      -3.989323175,      -3.193686219,      -3.196088797,      -1.943773341,      -10.09032886
          0,           0,         108,      -3.985152559,      -3.190144142,      -3.193017924,      -1.939696153,      -10.08438195
          0,           0,         109,      -3.981025122,      -3.186651153,      -3.190100078,      -1.935659505,      -10.07844113
          0,           0,         110,       -3.97694871,      -3.183200364,      -3.187323904,      -1.931671723,      -10.07250065
          0,           0,         111,       -3.97293052,       -3.17978404,      -3.184676914,      -1.927740498,      -10.06658142
          0,           0,         112,      -3.968976915,      -3.176393979,      -3.182145691,      -1.923872685,      -10.06074798
          0,           0,         113,      -3.965093273,      -3.173021985,      -3.179716133,      -1.920074114,      -10.05488429
          0,           0,         114,      -3.961283918,      -3.169660414,      -3.177373817,      -1.916349505,       -10.0489359
          0,           0,         115,       -3.95755201,      -3.166302727,      -3.175104333,      -1.912702322,      -10.04294816
          0,           0,         116,      -3.953899555,      -3.162944034,      -3.172893689,       -1.90913477,      -10.03693352
          0,           0,         117,      -3.950327438,       -3.15958155,      -3.170728718,      -1.905647805,      -10.03098824
          0,           0,         118,      -3.946835468,      -3.156214937,      -3.168597411,      -1.902241156,      -10.02516502
          0,           0,         119,      -3.943422529,      -3.152846496,      -3.166489293,      -1.898913493,      -10.01947948
          0,           0,         120,      -3.940086694,      -3.149481162,      -3.164395636,      -1.895662525,      -10.01393604
          0,           0,         121,      -3.936825393,      -3.146126304,      -3.162309636,      -1.892485191,       -10.0084588
          0,           0,         122,      -3.933635606,      -3.142791328,      -3.160226482,      -1.889377875,      -10.00277569
          0,           0,         123,      -3.930514009,      -3.139487095,      -3.158143287,      -1.886336584,      -9.997157315
          0,           0,         124,      -3.927457157,      -3.136225172,      -3.156058931,      -1.883357174,      -9.991675816
          0,           0,         125,      -3.924461625,      -3.133016986,      -3.153973786,      -1.880435541,      -9.986318058
          0,           0,         126,      -3.921524127,      -3.129872887,      -3.151889333,      -1.877567785,      -9.981115285
          0,           0,         127,      -3.918641608,      -3.126801223,      -3.149807716,      -1.874750357,      -9.976109394
          0,           0,         128,      -3.915811309,       -3.12380746,      -3.147731249,       -1.87198017,      -9.971298913
          0,           0,         129,      -3.913030794,      -3.120893399,      -3.145661882,      -1.869254666,      -9.966492699
          0,           0,         130,      -3.910297951,      -3.118056573,      -3.143600687,      -1.866571837,      -9.961614621
          0,           0,         131,      -3.907610974,      -3.115289855,        -3.1415474,       -1.86393023,      -9.956825294
          0,           0,         132,      -3.904968325,      -3.112581341,      -3.139500023,      -1.861328897,      -9.952163318
          0,           0,         133,      -3.902368672,      -3.109914519,      -3.137454547,      -1.858767318,      -9.947694084
          0,           0,         134,      -3.899810839,       -3.10726877,      -3.135404815,      -1.856245309,      -9.943363463
          0,           0,         135,      -3.897293743,      -3.104620189,      -3.133342539,      -1.853762911,       -9.93919737
          0,           0,         136,      -3.894816332,      -3.101942703,      -3.131257501,      -1.851320263,      -9.935123952
          0,           0,         137,      -3.892377532,      -3.099209441,      -3.129137921,      -1.848917474,       -9.93111377
          0,           0,         138,      -3.889976216,      -3.096394301,      -3.126971018,      -1.846554526,      -9.927134552
          0,           0,         139,      -3.887611154,      -3.093473573,      -3.124743694,      -1.844231144,      -9.923167497
          0,           0,         140,      -3.885280986,      -3.090427544,      -3.122443348,       -1.84194671,      -9.919271852
          0,           0,         141,      -3.882984223,      -3.087241935,      -3.120058761,      -1.839700215,      -9.915478735
          0,           0,         142,       -3.88071921,      -3.083909023,      -3.117580971,      -1.837490186,      -9.911802336
          0,           0,         143,      -3.878484117,      -3.080428383,      -3.115004098,       -1.83531466,      -9.908255302
          0,           0,         144,      -3.876276926,      -3.076807146,      -3.112326049,      -1.833171187,       -9.90477809
          0,           0,         145,      -3.874095414,      -3.073059743,      -3.109549025,      -1.831056837,      -9.901327214
          0,           0,         146,       -3.87193712,      -3.069207148,      -3.106679784,      -1.828968216,      -9.897912596
          0,           0,         147,      -3.869799326,      -3.065275698,      -3.103729646,      -1.826901507,      -9.894519703
          0,           0,         148,      -3.867679021,      -3.061295559,      -3.100714226,      -1.824852525,      -9.891214097
          0,           0,         149,      -3.865572855,       -3.05729899,      -3.097652868,      -1.822816735,       -9.88793226
          0,           0,         150,       -3.86347709,      -3.053318522,      -3.094567866,      -1.820789296,      -9.884740493
          0,           0,         151,      -3.861387571,       -3.04938518,      -3.091483492,        -1.8187651,      -9.881605889
          0,           0,         152,      -3.859299675,      -3.045526882,      -3.088424899,      -1.816738792,      -9.878542172
          0,           0,         153,      -3.857208284,      -3.041767083,      -3.085416982,      -1.814704779,      -9.875545507
          0,           0,         154,      -3.855107763,      -3.038123758,      -3.082483249,       -1.81265723,      -9.872568189
          0,           0,         155,      -3.852991974,      -3.034608761,      -3.079644784,      -1.810590098,      -9.869574714
          0,           0,         156,      -3.850854305,      -3.031227572,      -3.076919349,      -1.808497112,       -9.86660456
          0,           0,         157,      -3.848687718,      -3.027979456,      -3.074320666,      -1.806371784,      -9.863692983
          0,           0,         158,      -3.846484853,      -3.024857979,       -3.07185792,      -1.804207438,      -9.860894064
          0,           0,         159,      -3.844238164,      -3.021851883,      -3.069535507,      -1.801997281,      -9.858070334
          0,           0,         160,      -3.841940073,      -3.018946225,      -3.067353004,      -1.799734449,      -9.855255281
          0,           0,         161,      -3.839583175,      -3.016123742,      -3.065305407,      -1.797412133,       -9.85244291
          0,           0,         162,      -3.837160481,      -3.013366328,       -3.06338358,      -1.795023746,      -9.849666122
          0,           0,         163,      -3.834665664,       -3.01065654,        -3.0615749,      -1.792563096,      -9.846914124
          0,           0,         164,      -3.832093333,      -3.007979017,      -3.059864075,      -1.790024616,      -9.844128017
          0,           0,         165,      -3.829439307,      -3.005321724,      -3.058234067,      -1.787403621,       -9.84134363
          0,           0,         166,      -3.826700877,      -3.002676899,      -3.056667082,      -1.784696588,       -9.83856746
          0,           0,         167,      -3.823877046,       -3.00004165,      -3.055145549,      -1.781901418,      -9.835767377
          0,           0,         168,      -3.820968703,      -2.997418149,      -3.053653031,      -1.779017691,      -9.832989628
          0,           0,         169,      -3.817978772,        -2.9948134,      -3.052175004,      -1.776046895,      -9.830223656
          0,           0,         170,      -3.814912275,      -2.992238604,      -3.050699453,      -1.772992601,      -9.827394896
          0,           0,         171,      -3.811776305,      -2.989708169,      -3.049217223,      -1.769860536,      -9.824520536
          0,           0,         172,      -3.808579919,      -2.987238461,      -3.047722109,      -1.766658597,      -9.821608783
          0,           0,         173,      -3.805333978,      -2.984846368,      -3.046210693,      -1.763396788,      -9.818727402
          0,           0,         174,      -3.802050866,      -2.982547801,      -3.044681921,       -1.76008703,      -9.815892588
          0,           0,         175,      -3.798744149,      -2.980356227,      -3.043136442,      -1.756742864,      -9.813031597
          0,           0,         176,      -3.795428207,      -2.978281362,      -3.041575803,      -1.753379128,      -9.810131906
          0,           0,         177,      -3.792117838,      -2.976328066,      -3.040001554,      -1.750011566,      -9.807216627
          0,           0,         178,      -3.788827807,      -2.974495558,      -3.038414301,      -1.746656331,      -9.804311384
          0,           0,         179,      -3.785572418,       -2.97277698,      -3.036812815,      -1.743329502,      -9.801390616
          0,           0,         180,      -3.782365203,      -2.971159367,      -3.035193319,      -1.740046708,      -9.798457342
          0,           0,         181,      -3.779218551,      -2.969624015,      -3.033548914,       -1.73682264,       -9.79552303
          0,           0,         182,      -3.776143443,      -2.968147277,      -3.031869272,      -1.733670661,      -9.792682306
          0,           0,         183,      -3.773149313,      -2.966701727,      -3.030140649,      -1.730602562,      -9.789884587
          0,           0,         184,      -3.770243984,      -2.965257665,      -3.028346219,      -1.727628373,      -9.786990412
          0,           0,         185,      -3.767433631,      -2.963784848,      -3.026466675,      -1.724756195,      -9.783964362
          0,           0,         186,      -3.764722888,      -2.962254374,      -3.024481177,      -1.721992202,      -9.780967662
          0,           0,         187,      -3.762115081,      -2.960640549,      -3.022368575,      -1.719340807,      -9.777970373
          0,           0,         188,      -3.759612401,      -2.958922618,      -3.020108748,      -1.716804749,      -9.775100574
          0,           0,         189,      -3.757216191,      -2.957086205,      -3.017684077,      -1.714385346,      -9.772308138
          0,           0,         190,      -3.754927264,      -2.955124324,      -3.015080923,      -1.712082802,       -9.76949415
          0,           0,         191,      -3.752746189,      -2.953037885,      -3.012290933,       -1.70989652,      -9.766498076
          0,           0,         192,       -3.75067352,      -2.950835633,      -3.009312129,      -1.707825373,      -9.763368697
          0,           0,         193,      -3.748710002,      -2.948533518,      -3.006149667,      -1.705867991,      -9.760207309
          0,           0,         194,      -3.746856696,      -2.946153563,      -3.002816195,      -1.704022993,       -9.75712258
          0,           0,         195,      -3.745115001,      -2.943722326,      -2.999331765,       -1.70228912,      -9.754158129
          0,           0,         196,      -3.743486567,      -2.941269079,      -2.995723338,      -1.700665291,      -9.751335099
          0,           0,         197,      -3.741973125,      -2.938823864,      -2.992023886,      -1.699150563,      -9.748534464
          0,           0,         198,       -3.74057623,      -2.936415573,      -2.988271194,      -1.697744012,      -9.745601655
          0,           0,         199,      -3.739296907,      -2.934070173,       -2.98450644,        -1.6964445,      -9.742472718
          0,           0,         200,      -3.738135262,      -2.931809204,       -2.98077266,      -1.695250391,      -9.739446682
          0,           0,         201,       -3.73709007,      -2.929648622,      -2.977113198,      -1.694159223,      -9.736578748
          0,           0,         202,      -3.736158376,      -2.927598055,      -2.973570227,      -1.693167368,      -9.733850533
          0,           0,         203,      -3.735335129,      -2.925660488,      -2.970183409,      -1.692269687,      -9.731260047
          0,           0,         204,      -3.734612905,      -2.923832393,       -2.96698876,      -1.691459262,       -9.72882617
          0,           0,         205,      -3.733981742,      -2.922104273,      -2.964017726,      -1.690727198,      -9.726301585
          0,           0,         206,      -3.733429093,       -2.92046159,      -2.961296496,      -1.690062521,      -9.723670241
          0,           0,         207,      -3.732939934,      -2.918886005,      -2.958845548,      -1.689452215,      -9.721151433
          0,           0,         208,      -3.732497038,      -2.917356861,      -2.956679411,      -1.688881398,      -9.718833579
          0,           0,         209,        -3.7320814,      -2.915852794,      -2.954806628,      -1.688333648,      -9.716726058
          0,           0,         210,      -3.731672788,      -2.914353376,      -2.953229878,      -1.687791437,       -9.71478987
          0,           0,         211,      -3.731250426,      -2.912840667,       -2.95194625,      -1.687236696,      -9.712931707
          0,           0,         212,      -3.730793768,       -2.91130056,      -2.950947638,      -1.686651486,      -9.710818421
          0,           0,         213,      -3.730283293,      -2.909723822,      -2.950221211,      -1.686018694,      -9.708677523
          0,           0,         214,      -3.729701289,      -2.908106747,      -2.949749964,      -1.685322733,      -9.706714698
          0,           0,         215,      -3.729032592,       -2.90645139,      -2.949513294,      -1.684550215,      -9.704904602
          0,           0,         216,      -3.728265225,      -2.904765359,      -2.949487607,      -1.683690561,       -9.70327359
          0,           0,         217,      -3.727390887,      -2.903061212,      -2.949646927,      -1.682736475,      -9.701703612
          0,           0,         218,      -3.726405265,      -2.901355514,      -2.949963482,      -1.681684262,      -9.699995855
          0,           0,         219,      -3.725308187,      -2.899667655,       -2.95040827,      -1.680534013,      -9.697995487
          0,           0,         220,      -3.724103592,      -2.898018537,      -2.950951594,      -1.679289627,      -9.696131236
          0,           0,         221,      -3.722799342,      -2.896429222,      -2.951563561,      -1.677958684,      -9.694451632
          0,           0,         222,      -3.721406903,      -2.894919659,      -2.952214554,      -1.676552179,      -9.692986839
          0,           0,         223,      -3.719940913,      -2.893507579,      -2.952875657,      -1.675084156,      -9.691625228
          0,           0,         224,      -3.718418728,      -2.892207617,      -2.953519079,      -1.673571305,      -9.690226937
          0,           0,         225,      -3.716859931,        -2.8910307,      -2.954118569,      -1.672032524,      -9.688482626
          0,           0,         226,      -3.715285838,      -2.889983731,      -2.954649811,      -1.670488446,      -9.686780864
          0,           0,         227,      -3.713719042,      -2.889069577,      -2.955090837,      -1.668961002,      -9.685192504
          0,           0,         228,      -3.712183011,      -2.888287331,      -2.955422428,      -1.667473026,      -9.683802594
          0,           0,         229,       -3.71070174,      -2.887632815,       -2.95562854,      -1.666047912,      -9.682603818
          0,           0,         230,      -3.709299417,      -2.887099293,      -2.955696692,      -1.664709263,      -9.681531726
          0,           0,         231,      -3.708000124,      -2.886678323,      -2.955618322,      -1.663480579,      -9.680196847
          0,           0,         232,      -3.706827573,      -2.886360695,      -2.955389095,      -1.662384975,      -9.678810728
          0,           0,         233,      -3.705804833,      -2.886137388,      -2.955009129,      -1.661444907,      -9.677472507
          0,           0,         234,      -3.704954027,      -2.886000457,      -2.954483112,      -1.660681851,      -9.676247067
          0,           0,         235,      -3.704295996,      -2.885943828,      -2.953820267,      -1.660115958,      -9.675115847
          0,           0,         236,      -3.703849938,      -2.885963913,      -2.953034193,      -1.659765695,      -9.674100154
          0,           0,         237,      -3.703633018,      -2.886060007,      -2.952142539,      -1.659647457,      -9.673291663
          0,           0,         238,      -3.703659927,      -2.886234445,      -2.951166549,      -1.659775135,      -9.672389351
          0,           0,         239,      -3.703942406,      -2.886492507,      -2.950130431,      -1.660159636,      -9.671505652
          0,           0,         240,      -3.704488777,       -2.88684208,      -2.949060657,      -1.660808426,      -9.670677028
          0,           0,         241,      -3.705303485,      -2.887293088,      -2.947985161,       -1.66172508,       -9.66982974
          0,           0,         242,      -3.706386655,       -2.88785673,      -2.946932521,      -1.662908849,      -9.669041598
          0,           0,         243,      -3.707733696,      -2.888544588,      -2.945931102,      -1.664354254,      -9.668378575
          0,           0,         244,      -3.709334986,      -2.889367629,      -2.945008243,      -1.666050784,      -9.667842674
          0,           0,         245,      -3.711175665,      -2.890335182,      -2.944189508,      -1.667982689,       -9.66750517
          0,           0,         246,      -3.713235553,      -2.891453926,      -2.943498027,      -1.670128899,      -9.667435453
          0,           0,         247,      -3.715489194,      -2.892726941,      -2.942953926,      -1.672463066,      -9.667296774
          0,           0,         248,      -3.717906087,      -2.894152876,      -2.942573874,      -1.674953802,      -9.667001627
          0,           0,         249,      -3.720451094,      -2.895725272,      -2.942370755,      -1.677565098,      -9.666691261
          0,           0,         250,      -3.723085058,      -2.897432081,      -2.942353481,      -1.680256954,      -9.666407492
          0,           0,         251,      -3.725765574,      -2.899255402,      -2.942526894,      -1.682986173,      -9.666171403
          0,           0,         252,      -3.728447975,      -2.901171473,      -2.942891791,      -1.685707366,      -9.666137485
          0,           0,         253,      -3.731086468,      -2.903150944,      -2.943445054,      -1.688374129,      -9.666241976
          0,           0,         254,      -3.733635397,      -2.905159439,      -2.944179869,      -1.690940343,      -9.666487314
          0,           0,         255,      -3.736050588,      -2.907158399,      -2.945086025,      -1.693361565,      -9.666679899
          0,           0,         256,      -3.738290701,      -2.909106232,       -2.94615025,       -1.69559641,      -9.666723307
          0,           0,         257,      -3.740318547,      -2.910959709,      -2.947356617,      -1.697607917,      -9.666676936
          0,           0,         258,        -3.7421023,      -2.912675571,      -2.948686971,      -1.699364785,      -9.666689077
          0,           0,         259,      -3.743616522,      -2.914212272,      -2.950121368,      -1.700842413,      -9.666676814
          0,           0,         260,      -3.744842977,      -2.915531764,      -2.951638517,       -1.70202371,      -9.666707074
          0,           0,         261,      -3.745771183,      -2.916601214,      -2.953216214,       -1.70289963,      -9.666760422
          0,           0,         262,      -3.746398695,      -2.917394558,      -2.954831755,      -1.703469422,      -9.666862822
          0,           0,         263,      -3.746731114,      -2.917893753,      -2.956462325,      -1.703740581,      -9.666939452
          0,           0,         264,      -3.746781855,      -2.918089648,      -2.958085353,       -1.70372855,      -9.666851054
          0,           0,         265,      -3.746571696,      -2.917982421,      -2.959678849,      -1.703456198,       -9.66662167
          0,           0,         266,      -3.746128171,      -2.917581543,      -2.961221716,      -1.702953126,      -9.666310253
          0,           0,         267,      -3.745484831,      -2.916905293,      -2.962694045,      -1.702254859,      -9.665982409
          0,           0,         268,      -3.744680438,      -2.915979878,      -2.964077413,      -1.701401965,      -9.665639806
          0,           0,         269,      -3.743758119,      -2.914838247,      -2.965355192,      -1.700439146,      -9.665311406
          0,           0,         270,      -3.742764503,      -2.913518704,      -2.966512865,      -1.699414332,       -9.66503757
          0,           0,         271,      -3.741748886,      -2.912063431,      -2.967538386,      -1.698377807,       -9.66464478
          0,           0,         272,      -3.740762397,      -2.910517023,      -2.968422544,      -1.697381361,         -9.664143
          0,           0,         273,      -3.739857209,      -2.908925123,      -2.969159363,      -1.696477493,      -9.663541926
          0,           0,         274,      -3.739085753,      -2.907333218,       -2.96974652,      -1.695718631,      -9.663012618
          0,           0,         275,       -3.73849996,      -2.905785657,      -2.970185723,      -1.695156392,       -9.66256357
          0,           0,         276,      -3.738150512,      -2.904324887,      -2.970483083,      -1.694840856,      -9.662265967
          0,           0,         277,      -3.738086097,      -2.902990897,      -2.970649407,      -1.694819845,      -9.662009929
          0,           0,         278,       -3.73835265,      -2.901820877,      -2.970700393,      -1.695138202,      -9.661761856
          0,           0,         279,       -3.73899258,      -2.900849033,      -2.970656707,      -1.695837045,      -9.661567236
          0,           0,         280,      -3.740043973,      -2.900106556,      -2.970543904,      -1.696952993,        -9.6615004
          0,           0,         281,      -3.741539758,      -2.899621664,      -2.970392187,      -1.698517358,      -9.661527876
          0,           0,         282,      -3.743506833,      -2.899419725,      -2.970236001,      -1.700555298,      -9.661858373
          0,           0,         283,      -3.745965142,      -2.899523391,      -2.970113455,      -1.703084901,      -9.662278887
          0,           0,         284,      -3.748926681,      -2.899952723,      -2.970065601,       -1.70611621,      -9.662719291
          0,           0,         285,      -3.752394465,      -2.900725288,      -2.970135555,      -1.709650194,      -9.663221953
          0,           0,         286,      -3.756361437,      -2.901856199,      -2.970367525,      -1.713677671,      -9.663797521
          0,           0,         287,      -3.760809357,      -2.903358089,      -2.970805776,       -1.71817821,      -9.664428935
          0,           0,         288,      -3.765707695,      -2.905240997,      -2.971493516,      -1.723119045,      -9.665241318
          0,           0,         289,      -3.771012602,      -2.907512159,      -2.972471764,      -1.728454075,      -9.666037803
          0,           0,         290,      -3.776666042,      -2.910175715,      -2.973778193,      -1.734123047,      -9.666837543
          0,           0,         291,      -3.782595231,       -2.91323231,      -2.975445985,       -1.74005106,      -9.667537869
          0,           0,         292,      -3.788712534,      -2.916678619,      -2.977502695,      -1.746148559,      -9.668294515
          0,           0,         293,      -3.794916039,      -2.920506782,      -2.979969122,       -1.75231203,      -9.669019927
          0,           0,         294,      -3.801091039,      -2.924703763,      -2.982858211,      -1.758425639,      -9.669785111
          0,           0,         295,      -3.807112601,      -2.929250672,       -2.98617397,      -1.764363965,       -9.67039335
          0,           0,         296,      -3.812849404,      -2.934122043,      -2.989910421,      -1.769995995,       -9.67078448
          0,           0,         297,       -3.81816889,      -2.939285131,      -2.994050623,      -1.775190423,      -9.671007299
          0,           0,         298,      -3.822943591,      -2.944699285,      -2.998565799,      -1.779822066,      -9.671252145
          0,           0,         299,      -3.827058278,      -2.950315416,      -3.003414613,      -1.783779011,      -9.671486892
          0,           0,         300,       -3.83041734,      -2.956075689,      -3.008542726,      -1.786969885,      -9.671713966
          0,           0,         301,      -3.832951624,        -2.9619135,      -3.013882689,      -1.789330473,      -9.671830276
          0,           0,         302,      -3.834623898,       -2.96775382,      -3.019354358,      -1.790828845,      -9.671701128
          0,           0,         303,      -3.835432177,      -2.973514096,      -3.024865929,      -1.791468298,      -9.671367073
          0,           0,         304,      -3.835410454,      -2.979105708,      -3.030315798,      -1.791287682,       -9.67099894
          0,           0,         305,      -3.834626711,      -2.984436121,      -3.035595336,      -1.790359072,      -9.670665681
          0,           0,         306,       -3.83317854,      -2.989411718,      -3.040592633,      -1.788783141,      -9.670336365
          0,           0,         307,      -3.831186977,      -2.993941275,      -3.045197161,      -1.786682885,      -9.669986347
          0,           0,         308,      -3.828789386,      -2.997939921,      -3.049305172,      -1.784196518,      -9.669535538
          0,           0,         309,      -3.826132202,      -3.001333342,      -3.052825459,       -1.78147033,      -9.668971666
          0,           0,         310,      -3.823364213,      -3.004061889,      -3.055685025,      -1.778652146,      -9.668376244
          0,           0,         311,      -3.820630842,      -3.006084229,      -3.057834017,      -1.775885824,       -9.66788163
          0,           0,         312,       -3.81806969,      -3.007380118,      -3.059249398,      -1.773307007,      -9.667458645
          0,           0,         313,      -3.815807342,      -3.007951978,      -3.059936865,      -1.771040113,      -9.667103678
          0,           0,         314,      -3.813957315,      -3.007825087,      -3.059930784,      -1.769196441,      -9.666741583
          0,           0,         315,      -3.812618953,      -3.007046376,       -3.05929213,      -1.767873169,      -9.666392947
          0,           0,         316,      -3.811877033,      -3.005681943,      -3.058104736,      -1.767153038,       -9.66609851
          0,           0,         317,      -3.811801846,      -3.003813595,      -3.056470335,      -1.767104485,      -9.665941671
          0,           0,         318,      -3.812449564,      -3.001534768,      -3.054502965,      -1.767782018,      -9.665953318
          0,           0,         319,      -3.813862714,      -2.998946247,      -3.052323322,      -1.769226702,      -9.666091681
          0,           0,         320,      -3.816070637,       -2.99615201,      -3.050053525,      -1.771466607,      -9.666211973
          0,           0,         321,      -3.819089842,      -2.993255496,      -3.047812632,      -1.774517154,      -9.666359349
          0,           0,         322,      -3.822924196,      -2.990356454,      -3.045713062,      -1.778381287,      -9.666588595
          0,           0,         323,       -3.82756489,      -2.987548458,      -3.043857952,      -1.783049423,      -9.667006387
          0,           0,         324,      -3.832990196,      -2.984917099,      -3.042339386,      -1.788499204,      -9.667703123
          0,           0,         325,      -3.839165008,      -2.982538776,      -3.041237354,      -1.794695027,      -9.668546836
          0,           0,         326,      -3.846040207,      -2.980480018,      -3.040619285,      -1.801587411,      -9.669392742
          0,           0,         327,      -3.853551907,      -2.978797211,      -3.040539987,      -1.809112244,      -9.670069168
          0,           0,         328,      -3.861620717,      -2.977536635,      -3.041041877,      -1.817190079,       -9.67062034
          0,           0,         329,       -3.87015113,      -2.976734727,      -3.042155334,      -1.825725542,      -9.671113745
          0,           0,         330,      -3.879031229,      -2.976418469,        -3.0438991,      -1.834607061,      -9.671838847
          0,           0,         331,      -3.888132994,      -2.976605882,      -3.046280694,      -1.843707214,      -9.672669532
          0,           0,         332,      -3.897313473,      -2.977306538,      -3.049296769,      -1.852883933,      -9.673433116
          0,           0,         333,      -3.906417137,      -2.978522101,      -3.052933405,      -1.861982876,      -9.674110712
          0,           0,         334,      -3.915279655,      -2.980246846,      -3.057166338,      -1.870841214,      -9.674510271
          0,           0,         335,      -3.923733276,      -2.982468184,      -3.061961141,      -1.879292987,      -9.674688651
          0,           0,         336,      -3.931613761,      -2.985167158,      -3.067273392,      -1.887175974,      -9.674884244
          0,           0,         337,      -3.938768563,      -2.988318956,      -3.073048895,      -1.894339764,      -9.675144223
          0,           0,         338,      -3.945065617,       -2.99189343,      -3.079223998,      -1.900654408,      -9.675257917
          0,           0,         339,      -3.950401851,      -2.995855636,      -3.085726105,       -1.90601875,      -9.675273663
          0,           0,         340,      -3.954710318,      -3.000166427,       -3.09247446,      -1.910367393,      -9.675210391
          0,           0,         341,      -3.957964954,      -3.004783087,      -3.099381285,      -1.913675298,      -9.675047081
          0,           0,         342,        -3.9601822,      -3.009660038,      -3.106353358,      -1.915959318,      -9.674725399
          0,           0,         343,      -3.961419243,      -3.014749616,      -3.113294097,      -1.917276402,      -9.674472471
          0,           0,         344,      -3.961769162,       -3.02000292,      -3.120106129,      -1.917718777,      -9.674071671
          0,           0,         345,      -3.961353717,       -3.02537072,      -3.126694346,      -1.917406835,      -9.673599136
          0,           0,         346,      -3.960314831,      -3.030804417,      -3.132969295,      -1.916480747,      -9.673118574
          0,           0,         347,      -3.958805831,      -3.036257022,       -3.13885074,      -1.915091835,       -9.67260965
          0,           0,         348,      -3.956983336,      -3.041684122,      -3.144271131,      -1.913394594,      -9.672054554
          0,           0,         349,       -3.95500044,      -3.047044797,      -3.149178688,      -1.911539971,      -9.671667627
          0,           0,         350,      -3.953001462,       -3.05230244,      -3.153539815,      -1.909670183,      -9.671220701
          0,           0,         351,      -3.951118297,       -3.05742543,      -3.157340552,      -1.907915106,      -9.670702692
          0,           0,         352,      -3.949468231,      -3.062387629,      -3.160586955,      -1.906390098,      -9.670225705
          0,           0,         353,      -3.948152936,       -3.06716867,      -3.163304347,      -1.905194987,      -9.669734882
          0,           0,         354,      -3.947258362,      -3.071754005,      -3.165535494,      -1.904413935,      -9.669255863
          0,           0,         355,      -3.946855232,      -3.076134754,      -3.167337906,      -1.904115915,      -9.668973806
          0,           0,         356,      -3.946999924,      -3.080307299,      -3.168780576,      -1.904355558,      -9.668899565
          0,           0,         357,      -3.947735537,      -3.084272702,      -3.169940413,      -1.905174199,      -9.668826327
          0,           0,         358,       -3.94909301,      -3.088035964,      -3.170898674,      -1.906600971,      -9.668740806
          0,           0,         359,      -3.951092213,      -3.091605163,      -3.171737648,      -1.908653893,      -9.668723494
          0,           0,         360,      -3.953742933,       -3.09499055,      -3.172537717,      -1.911340851,       -9.66878148
          0,           0,         361,      -3.957045752,      -3.098203629,      -3.173374946,      -1.914660489,      -9.668974875
          0,           0,         362,      -3.960992789,      -3.101256268,      -3.174319193,      -1.918602979,      -9.669336351
          0,           0,         363,      -3.965568328,      -3.104159895,      -3.175432736,      -1.923150685,      -9.669777598
          0,           0,         364,      -3.970749334,        -3.1069248,       -3.17676935,       -1.92827874,      -9.670257978
          0,           0,         365,      -3.976505895,      -3.109559586,      -3.178373794,      -1.933955564,      -9.670759632
          0,           0,         366,      -3.982801614,      -3.112070762,      -3.180281571,      -1.940143346,      -9.671359482
          0,           0,         367,      -3.989593974,       -3.11446251,       -3.18251893,      -1.946798527,      -9.671968213
          0,           0,         368,      -3.996834742,      -3.116736607,      -3.185103041,      -1.953872326,      -9.672575427
          0,           0,         369,      -4.004470426,       -3.11889252,      -3.188042308,      -1.961311344,      -9.673263249
          0,           0,         370,       -4.01244283,       -3.12092764,      -3.191336759,      -1.969058275,      -9.673914127
          0,           0,         371,      -4.020689755,      -3.122837664,      -3.194978498,      -1.977052744,      -9.674557436
          0,           0,         372,      -4.029145863,      -3.124617095,      -3.198952218,      -1.985232318,      -9.675202443
          0,           0,         373,      -4.037743721,      -3.126259833,      -3.203235775,      -1.993533653,      -9.675928784
          0,           0,         374,      -4.046415056,      -3.127759836,      -3.207800825,      -2.001893806,       -9.67667506
          0,           0,         375,      -4.055092168,      -3.129111818,      -3.212613529,      -2.010251665,      -9.677377558
          0,           0,         376,       -4.06370951,      -3.130311953,      -3.217635366,      -2.018549436,       -9.67802916
          0,           0,         377,      -4.072205331,      -3.131358548,      -3.222824032,      -2.026734142,      -9.678588718
          0,           0,         378,      -4.080523339,      -3.132252648,      -3.228134461,      -2.034759027,      -9.679033031
          0,           0,         379,      -4.088614255,      -3.132998545,      -3.233519958,      -2.042584783,       -9.67947172
          0,           0,         380,      -4.096437169,      -3.133604182,      -3.238933438,      -2.050180513,      -9.679902272
          0,           0,         381,      -4.103960583,      -3.134081401,       -3.24432874,      -2.057524333,      -9.680239925
          0,           0,         382,      -4.111163058,       -3.13444604,      -3.249662011,      -2.064603584,      -9.680606787
          0,           0,         383,      -4.118033399,       -3.13471789,      -3.254893053,      -2.071414605,      -9.680971673
          0,           0,         384,      -4.124570364,      -3.134920492,      -3.259986638,      -2.077962086,      -9.681288105
          0,           0,         385,      -4.130781897,      -3.135080808,      -3.264913681,      -2.084258037,      -9.681544342
          0,           0,         386,      -4.136683963,      -3.135228782,      -3.269652229,      -2.090320453,       -9.68172047
          0,           0,         387,      -4.142299048,      -3.135396807,      -3.274188194,      -2.096171755,      -9.681813395
          0,           0,         388,      -4.147654458,      -3.135619147,      -3.278515796,      -2.101837107,      -9.681976094
          0,           0,         389,      -4.152780504,      -3.135931309,      -3.282637677,      -2.107342715,      -9.682251371
          0,           0,         390,      -4.157708711,      -3.136369424,      -3.286564685,      -2.112714199,       -9.68251517
          0,           0,         391,       -4.16247013,       -3.13696963,      -3.290315351,      -2.117975099,      -9.682751213
          0,           0,         392,      -4.167093835,       -3.13776749,       -3.29391511,      -2.123145593,      -9.682879221
          0,           0,         393,      -4.171605677,      -3.138797448,      -3.297395283,      -2.128241467,      -9.682997774
          0,           0,         394,      -4.176027298,      -3.140092336,       -3.30079193,      -2.133273352,      -9.683093446
          0,           0,         395,      -4.180375466,      -3.141682926,      -3.304144644,      -2.138246255,      -9.683302131
          0,           0,         396,      -4.184661689,      -3.143597522,      -3.307495242,      -2.143159395,       -9.68356991
          0,           0,         397,      -4.188892139,      -3.145861605,       -3.31088661,      -2.148006325,      -9.683812415
          0,           0,         398,      -4.193067848,      -3.148497505,      -3.314361564,      -2.152775353,      -9.683970038
          0,           0,         399,      -4.197185151,      -3.151524094,      -3.317961815,       -2.15745023,      -9.684052514
          0,           0,         400,      -4.201236376,       -3.15495649,       -3.32172708,      -2.162011098,      -9.684169901
          0,           0,         401,      -4.205210707,      -3.158805766,      -3.325694292,      -2.166435658,      -9.684333812
          0,           0,         402,      -4.209095225,      -3.163078653,      -3.329896941,      -2.170700514,      -9.684584091
          0,           0,         403,      -4.212876047,      -3.167777226,      -3.334364519,      -2.174782646,      -9.684779593
          0,           0,         404,      -4.216539544,      -3.172898571,      -3.339122065,      -2.178660948,      -9.684983574
          0,           0,         405,      -4.220073556,      -3.178434413,      -3.344189722,      -2.182317733,      -9.685142414
          0,           0,         406,      -4.223468547,      -3.184370746,      -3.349582399,      -2.185740127,      -9.685219084
          0,           0,         407,      -4.226718662,      -3.190687422,      -3.355309437,      -2.188921295,      -9.685306171
          0,           0,         408,      -4.229822611,      -3.197357715,      -3.361374301,      -2.191861381,      -9.685529651
          0,           0,         409,      -4.232784333,      -3.204347947,       -3.36777426,      -2.194568138,      -9.685750387
          0,           0,         410,      -4.235613406,      -3.211617117,      -3.374500084,      -2.197057175,      -9.685931508
          0,           0,         411,      -4.238325192,      -3.219116621,      -3.381535743,      -2.199351845,      -9.686046069
          0,           0,         412,      -4.240940702,      -3.226790083,       -3.38885814,      -2.201482762,      -9.686109879
          0,           0,         413,      -4.243486205,      -3.234573384,      -3.396436863,      -2.203487014,       -9.68613521
          0,           0,         414,      -4.245992612,      -3.242394975,      -3.404233988,      -2.205407109,      -9.686196309
          0,           0,         415,      -4.248494676,      -3.250176491,      -3.412204025,      -2.207289757,      -9.686343707
          0,           0,         416,      -4.251030069,      -3.257833805,      -3.420294012,       -2.20918455,      -9.686508839
          0,           0,         417,      -4.253638375,      -3.265278522,        -3.4284438,      -2.211142617,      -9.686581882
          0,           0,         418,      -4.256360054,      -3.272420012,      -3.436586656,      -2.213215321,      -9.686649937
          0,           0,         419,      -4.259235434,      -3.279167927,      -3.444650194,      -2.215453046,      -9.686688868
          0,           0,         420,      -4.262303737,      -3.285435156,      -3.452557692,       -2.21790411,      -9.686643684
          0,           0,         421,      -4.265602198,      -3.291141083,      -3.460229831,      -2.220613819,      -9.686792761
          0,           0,         422,      -4.269165264,      -3.296214953,      -3.467586881,      -2.223623668,      -9.687050185
          0,           0,         423,      -4.273023892,      -3.300599094,      -3.474551249,      -2.226970681,      -9.687257499
          0,           0,         424,      -4.277204952,       -3.30425171,      -3.481050323,      -2.230686886,      -9.687402395
          0,           0,         425,       -4.28173071,      -3.307148974,      -3.487019446,      -2.234798888,      -9.687516683
          0,           0,         426,        -4.2866184,      -3.309286202,      -3.492404799,      -2.239327542,      -9.687602662
          0,           0,         427,      -4.291879865,       -3.31067798,      -3.497165983,      -2.244287683,      -9.687744954
          0,           0,         428,      -4.297521257,      -3.311357235,      -3.501278082,      -2.249687918,      -9.688077513
          0,           0,         429,      -4.303542799,      -3.311373348,      -3.504732974,       -2.25553045,      -9.688354585
          0,           0,         430,      -4.309938585,      -3.310789518,      -3.507539779,      -2.261810924,      -9.688552724
          0,           0,         431,      -4.316696436,      -3.309679636,      -3.509724377,      -2.268518311,      -9.688694001
          0,           0,         432,      -4.323797805,      -3.308124954,       -3.51132807,      -2.275634797,      -9.688830993
          0,           0,         433,       -4.33121774,      -3.306210819,      -3.512405523,      -2.283135719,      -9.688998902
          0,           0,         434,      -4.338924918,      -3.304023666,      -3.513022178,      -2.290989534,      -9.689334219
          0,           0,         435,      -4.346881776,      -3.301648436,      -3.513251378,      -2.299157854,      -9.689663392
          0,           0,         436,      -4.355044746,       -3.29916649,       -3.51317144,      -2.307595572,       -9.68990099
          0,           0,         437,      -4.363364625,      -3.296654029,       -3.51286287,        -2.3162511,      -9.690074296
          0,           0,         438,      -4.371787104,      -3.294181012,      -3.512405866,      -2.325066758,      -9.690203202
          0,           0,         439,      -4.380253472,      -3.291810492,      -3.511878227,      -2.333979337,      -9.690369544
          0,           0,         440,      -4.388701505,      -3.289598319,      -3.511353682,      -2.342920879,      -9.690642173
          0,           0,         441,      -4.397066553,      -3.287593122,      -3.510900664,       -2.35181968,      -9.690960708
          0,           0,         442,      -4.405282806,      -3.285836494,      -3.510581475,      -2.360601532,      -9.691161713
          0,           0,         443,      -4.413284705,      -3.284363332,      -3.510451802,      -2.369191193,      -9.691319832
          0,           0,         444,      -4.421008469,       -3.28320226,      -3.510560521,      -2.377514047,      -9.691430057
          0,           0,         445,      -4.428393653,      -3.282376093,      -3.510949714,      -2.385497905,       -9.69154705
          0,           0,         446,      -4.435384665,      -3.281902333,      -3.511654851,      -2.393074863,      -9.691665237
          0,           0,         447,      -4.441932157,      -3.281793644,      -3.512705078,      -2.400183109,      -9.691835706
          0,           0,         448,      -4.447994199,       -3.28205831,      -3.514123571,      -2.406768573,      -9.691925183
          0,           0,         449,       -4.45353716,      -3.282700647,      -3.515927926,      -2.412786314,      -9.691888449
          0,           0,         450,       -4.45853624,      -3.283721386,      -3.518130539,      -2.418201534,       -9.69179982
          0,           0,         451,      -4.462975633,      -3.285118005,      -3.520738998,       -2.42299016,      -9.691664782
          0,           0,         452,      -4.466848322,      -3.286885022,      -3.523756424,      -2.427138966,      -9.691507332
          0,           0,         453,      -4.470155542,      -3.289014234,       -3.52718179,      -2.430645232,      -9.691362283
          0,           0,         454,      -4.472905982,      -3.291494927,      -3.531010193,      -2.433516013,      -9.691218413
          0,           0,         455,      -4.475114805,      -3.294314041,      -3.535233087,      -2.435767081,      -9.690993687
          0,           0,         456,      -4.476802573,      -3.297456298,      -3.539838458,      -2.437421669,      -9.690719506
          0,           0,         457,      -4.477994165,        -3.3009043,      -3.544810967,      -2.438509109,      -9.690407227
          0,           0,         458,       -4.47871776,      -3.304638603,      -3.550132059,      -2.439063473,      -9.690066071
          0,           0,         459,      -4.479003942,      -3.308637766,      -3.555780033,       -2.43912231,      -9.689721694
          0,           0,         460,      -4.478884952,      -3.312878379,      -3.561730069,      -2.438725531,      -9.689501861
          0,           0,         461,      -4.478394111,      -3.317335085,      -3.567954237,      -2.437914484,       -9.68924211
          0,           0,         462,      -4.477565393,      -3.321980598,      -3.574421483,      -2.436731214,      -9.688931104
          0,           0,         463,      -4.476433138,      -3.326785702,      -3.581097647,      -2.435217921,      -9.688573854
          0,           0,         464,      -4.475031864,      -3.331719297,      -3.587945381,      -2.433416563,      -9.688219836
          0,           0,         465,      -4.473396164,      -3.336748428,       -3.59492421,      -2.431368591,      -9.687849802
          0,           0,         466,      -4.471560631,      -3.341838376,      -3.601990537,       -2.42911477,      -9.687635743
          0,           0,         467,      -4.469559792,      -3.346952766,      -3.609097746,      -2.426695053,      -9.687434459
          0,           0,         468,      -4.467428028,      -3.352053736,      -3.616196335,      -2.424148476,      -9.687178757
          0,           0,         469,      -4.465199469,      -3.357102165,      -3.623234175,      -2.421513057,      -9.686896325
          0,           0,         470,      -4.462907845,      -3.362057975,      -3.630156876,      -2.418825683,      -9.686592205
          0,           0,         471,      -4.460586293,      -3.366880509,       -3.63690828,      -2.416121969,      -9.686285289
          0,           0,         472,      -4.458267133,      -3.371528996,      -3.643431102,      -2.413436099,      -9.686082701
          0,           0,         473,       -4.45598161,      -3.375963094,      -3.649667732,      -2.410800642,      -9.685987239
          0,           0,         474,      -4.453759621,      -3.380143511,       -3.65556119,      -2.408246359,      -9.685857423
          0,           0,         475,      -4.451629442,      -3.384032695,      -3.661056234,      -2.405802004,      -9.685683362
          0,           0,         476,       -4.44961745,      -3.387595572,      -3.666100555,       -2.40349413,      -9.685498365
          0,           0,         477,      -4.447747878,      -3.390800296,      -3.670646069,       -2.40134691,      -9.685291084
          0,           0,         478,       -4.44604259,      -3.393618999,      -3.674650209,      -2.399381977,       -9.68513458
          0,           0,         479,      -4.444520893,      -3.396028495,      -3.678077168,      -2.397618295,      -9.685140672
          0,           0,         480,      -4.443199388,      -3.398010901,      -3.680899009,      -2.396072064,       -9.68511239
          0,           0,         481,      -4.442091875,      -3.399554137,      -3.683096564,      -2.394756656,      -9.685041986
          0,           0,         482,      -4.441209291,      -3.400652288,      -3.684660061,      -2.393682596,      -9.684981465
          0,           0,         483,      -4.440559711,      -3.401305785,      -3.685589432,      -2.392857579,      -9.684910097
          0,           0,         484,      -4.440148377,      -3.401521417,       -3.68589429,      -2.392286526,       -9.68482558
          0,           0,         485,      -4.439977791,      -3.401312137,      -3.685593536,      -2.391971677,      -9.684850741
          0,           0,         486,      -4.440047837,      -3.400696711,      -3.684714671,      -2.391912723,      -9.684885016
          0,           0,         487,      -4.440355947,      -3.399699202,      -3.683292834,      -2.392106969,      -9.684886857
          0,           0,         488,      -4.440897305,      -3.398348334,       -3.68136965,       -2.39254953,      -9.684916299
          0,           0,         489,      -4.441665084,      -3.396676759,      -3.678991948,      -2.393233551,      -9.684932828
          0,           0,         490,      -4.442650701,      -3.394720272,      -3.676210433,      -2.394150452,        -9.6849172
          0,           0,         491,      -4.443844106,      -3.392517013,      -3.673078392,      -2.395290193,       -9.68490802
          0,           0,         492,      -4.445234079,      -3.390106681,      -3.669650471,      -2.396641548,      -9.684963153
          0,           0,         493,      -4.446808537,       -3.38752979,      -3.665981579,      -2.398192385,      -9.685014123
          0,           0,         494,       -4.44855484,       -3.38482699,      -3.662125955,      -2.399929949,      -9.685095047
          0,           0,         495,      -4.450460088,      -3.382038468,       -3.65813639,      -2.401841131,      -9.685140966
          0,           0,         496,      -4.452511399,      -3.379203443,      -3.654063616,      -2.403912719,      -9.685136032
          0,           0,         497,      -4.454696161,      -3.376359731,      -3.649955862,      -2.406131626,      -9.685075662
          0,           0,         498,      -4.457002241,      -3.373543419,      -3.645858541,      -2.408485081,       -9.68511923
          0,           0,         499,      -4.459418151,      -3.370788607,      -3.641814075,      -2.410960771,      -9.685152645
          0,           0,         500,      -4.461933154,      -3.368127227,      -3.637861802,      -2.413546942,      -9.685207609
          0,           0,         501,      -4.464537317,      -3.365588919,      -3.634037975,      -2.416232434,      -9.685226096
          0,           0,         502,      -4.467221485,       -3.36320097,      -3.630375819,      -2.419006665,      -9.685179687
          0,           0,         503,      -4.469977203,      -3.360988284,      -3.626905628,      -2.421859542,      -9.685084058
          0,           0,         504,      -4.472796561,       -3.35897339,      -3.623654899,      -2.424781326,      -9.685065222
          0,           0,         505,      -4.475671982,      -3.357176475,      -3.620648461,      -2.427762425,      -9.685039398
          0,           0,         506,      -4.478595953,      -3.355615427,      -3.617908629,      -2.430793149,      -9.684990762
          0,           0,         507,       -4.48156071,      -3.354305894,      -3.615455337,      -2.433863418,      -9.684919597
          0,           0,         508,      -4.484557898,      -3.353261341,      -3.613306267,      -2.436962448,      -9.684778973
          0,           0,         509,      -4.487578203,      -3.352493106,      -3.611476968,      -2.440078416,      -9.684589947
          0,           0,         510,      -4.490610992,      -3.352010452,      -3.609980942,      -2.443198137,      -9.684418008
          0,           0,         511,      -4.493643968,      -3.351820613,      -3.608829718,      -2.446306756,       -9.68427994
          0,           0,         512,      -4.496662861,      -3.351928824,      -3.608032902,       -2.44938749,      -9.684081494
          0,           0,         513,      -4.499651183,      -3.352338349,        -3.6075982,      -2.452421428,      -9.683821031
          0,           0,         514,      -4.502590062,      -3.353050477,      -3.607531414,      -2.455387416,      -9.683498129
          0,           0,         515,      -4.505458172,      -3.354064527,      -3.607836417,      -2.458262051,      -9.683133082
          0,           0,         516,      -4.508231788,      -3.355377826,      -3.608515101,      -2.461019797,      -9.682746945
          0,           0,         517,       -4.51088498,      -3.356985672,      -3.609567301,      -2.463633241,      -9.682441284
          0,           0,         518,      -4.513389945,      -3.358881293,      -3.610990687,      -2.466073491,       -9.68205867
          0,           0,         519,      -4.515717504,      -3.361055794,      -3.612780644,      -2.468310739,      -9.681579338
          0,           0,         520,      -4.517837745,      -3.363498089,      -3.614930116,      -2.470314954,      -9.681042456
          0,           0,         521,      -4.519720807,      -3.366194836,      -3.617429443,      -2.472056722,      -9.680481648
          0,           0,         522,       -4.52133779,      -3.369130366,      -3.620266164,       -2.47350817,      -9.679900322
          0,           0,         523,       -4.52266174,       -3.37228662,      -3.623424823,      -2.474643976,      -9.679389233
          0,           0,         524,      -4.523668691,      -3.375643096,      -3.626886757,      -2.475442382,        -9.6788144
          0,           0,         525,      -4.524338683,      -3.379176807,      -3.630629883,      -2.475886172,      -9.678140494
          0,           0,         526,      -4.524656719,      -3.382862275,      -3.634628501,      -2.475963554,      -9.677403625
          0,           0,         527,       -4.52461359,      -3.386671552,      -3.638853117,       -2.47566889,      -9.676642735
          0,           0,         528,      -4.524206521,       -3.39057429,      -3.643270298,      -2.475003214,      -9.675877954
          0,           0,         529,       -4.52343959,      -3.394537872,      -3.647842591,      -2.473974521,      -9.675165541
          0,           0,         530,      -4.522323887,      -3.398527605,      -3.652528522,      -2.472597783,      -9.674415961
          0,           0,         531,      -4.520877413,      -3.402506994,       -3.65728269,      -2.470894714,      -9.673590877
          0,           0,         532,      -4.519124721,      -3.406438106,      -3.662056001,       -2.46889329,      -9.672714173
          0,           0,         533,      -4.517096327,      -3.410282023,      -3.666796049,      -2.466627053,       -9.67180394
          0,           0,         534,      -4.514827932,      -3.413999387,      -3.671447684,      -2.464134267,      -9.670897607
          0,           0,         535,      -4.512359508,      -3.417551049,      -3.675953766,      -2.461456954,      -9.670036537
          0,           0,         536,      -4.509734308,      -3.420898784,      -3.680256132,      -2.458639892,      -9.669216271
          0,           0,         537,      -4.506997849,      -3.424006079,      -3.684296764,        -2.4557296,      -9.668339318
          0,           0,         538,      -4.504196925,      -3.426838959,      -3.688019125,      -2.452773391,      -9.667436804
          0,           0,         539,      -4.501378678,      -3.429366815,      -3.691369643,      -2.449818489,      -9.666506181
          0,           0,         540,      -4.498589776,      -3.431563211,       -3.69429926,      -2.446911262,      -9.665563169
          0,           0,         541,      -4.495875702,      -3.433406612,      -3.696764981,      -2.444096579,        -9.6646577
          0,           0,         542,      -4.493280166,       -3.43488101,      -3.698731319,      -2.441417288,      -9.663873644
          0,           0,         543,      -4.490844648,        -3.4359764,      -3.700171556,      -2.438913817,      -9.663066571
          0,           0,         544,      -4.488608053,      -3.436689083,      -3.701068706,      -2.436623891,      -9.662245536
          0,           0,         545,       -4.48660648,      -3.437021775,      -3.701416129,      -2.434582349,      -9.661417433
          0,           0,         546,      -4.484873077,       -3.43698351,      -3.701217729,       -2.43282104,      -9.660572888
          0,           0,         547,      -4.483437976,      -3.436589354,      -3.700487731,      -2.431368795,      -9.659745467
          0,           0,         548,      -4.482328283,      -3.435859942,      -3.699250058,      -2.430251449,      -9.659064534
          0,           0,         549,      -4.481568121,      -3.434820864,      -3.697537352,      -2.429491892,      -9.658398638
          0,           0,         550,       -4.48117869,      -3.433501939,      -3.695389725,      -2.429110159,      -9.657725843
          0,           0,         551,      -4.481178353,      -3.431936421,      -3.692853324,      -2.429123518,      -9.657033343
          0,           0,         552,      -4.481582722,      -3.430160169,      -3.689978816,      -2.429546562,        -9.6563346
          0,           0,         553,      -4.482404737,      -3.428210822,      -3.686819878,      -2.430391295,      -9.655649133
          0,           0,         554,      -4.483654732,      -3.426127016,      -3.683431765,      -2.431667197,      -9.655048689
          0,           0,         555,      -4.485340479,      -3.423947661,      -3.679870033,      -2.433381267,      -9.654520122
          0,           0,         556,        -4.4874672,      -3.421711291,      -3.676189422,      -2.435538033,      -9.653988181
          0,           0,         557,      -4.490037543,       -3.41945552,      -3.672442959,      -2.438139528,      -9.653425215
          0,           0,         558,      -4.493051519,      -3.417216577,      -3.668681254,       -2.44118522,      -9.652840435
          0,           0,         559,      -4.496506389,      -3.415028943,      -3.664951982,      -2.444671905,      -9.652285356
          0,           0,         560,      -4.500396509,      -3.412925077,      -3.661299556,      -2.448593535,      -9.651788305
          0,           0,         561,      -4.504713103,      -3.410935211,      -3.657764936,       -2.45294101,      -9.651375378
          0,           0,         562,      -4.509443999,      -3.409087225,      -3.654385563,      -2.457701896,      -9.650996596
          0,           0,         563,      -4.514573292,      -3.407406572,      -3.651195397,      -2.462860096,      -9.650594267
          0,           0,         564,      -4.520080956,      -3.405916248,      -3.648225022,      -2.468395461,      -9.650171735
          0,           0,         565,      -4.525942396,      -3.404636808,      -3.645501796,      -2.474283349,      -9.649792387
          0,           0,         566,      -4.532127958,      -3.403586391,      -3.643050052,      -2.480494132,      -9.649452146
          0,           0,         567,      -4.538602407,      -3.402780781,      -3.640891294,      -2.486992676,      -9.649180107
          0,           0,         568,      -4.545324386,      -3.402233465,      -3.639044416,      -2.493737813,       -9.64892585
          0,           0,         569,      -4.552245903,      -3.401955693,      -3.637525904,       -2.50068182,        -9.6486494
          0,           0,         570,      -4.559311872,      -3.401956553,      -3.636350033,      -2.507769973,      -9.648342796
          0,           0,         571,      -4.566459778,      -3.402243017,      -3.635529035,        -2.5149402,      -9.648026739
          0,           0,         572,      -4.573619521,          -3.40282,      -3.635073262,      -2.522122935,      -9.647706499
          0,           0,         573,      -4.580713538,      -3.403690388,        -3.6349913,      -2.529241221,      -9.647444092
          0,           0,         574,       -4.58765728,      -3.404855072,      -3.635290078,      -2.536211175,      -9.647144701
          0,           0,         575,      -4.594360143,      -3.406312951,       -3.63597493,      -2.542942904,      -9.646862729
          0,           0,         576,      -4.600726945,      -3.408060936,      -3.637049633,       -2.54934194,      -9.646554981
          0,           0,         577,      -4.606659994,      -3.410093927,      -3.638516413,      -2.555311278,      -9.646216179
          0,           0,         578,      -4.612061767,      -3.412404784,      -3.640375913,      -2.560754003,      -9.645824755
          0,           0,         579,      -4.616838141,      -3.414984286,      -3.642627124,      -2.565576472,      -9.645457172
          0,           0,         580,      -4.620902048,      -3.417821079,      -3.645267287,      -2.569691917,      -9.645027181
          0,           0,         581,      -4.624177322,      -3.420901615,       -3.64829174,       -2.57302425,      -9.644564539
          0,           0,         582,      -4.626602457,      -3.424210095,      -3.651693745,      -2.575511784,      -9.644089607
          0,           0,         583,      -4.628133915,      -3.427728405,      -3.655464265,      -2.577110532,      -9.643557433
          0,           0,         584,      -4.628748666,       -3.43143607,        -3.6595917,      -2.577796753,      -9.642955822
          0,           0,         585,      -4.628445663,      -3.435310217,       -3.66406158,      -2.577568463,      -9.642332872
          0,           0,         586,      -4.627246088,      -3.439325559,      -3.668856223,      -2.576445734,      -9.641660462
          0,           0,         587,      -4.625192338,      -3.443454417,      -3.673954355,      -2.574469748,      -9.640925456
          0,           0,         588,      -4.622345872,      -3.447666783,      -3.679330707,      -2.571700713,      -9.640182386
          0,           0,         589,      -4.618784154,      -3.451930433,      -3.684955588,      -2.568214886,      -9.639402553
          0,           0,         590,      -4.614597029,       -3.45621111,      -3.690794459,      -2.564101004,      -9.638546609
          0,           0,         591,       -4.60988287,      -3.460472774,       -3.69680753,      -2.559456473,      -9.637661682
          0,           0,         592,      -4.604744817,      -3.464677943,      -3.702949414,       -2.55438364,      -9.636754651
          0,           0,         593,      -4.599287352,      -3.468788117,      -3.709168839,      -2.548986373,      -9.635800274
          0,           0,         594,      -4.593613401,      -3.472764301,      -3.715408529,       -2.54336716,      -9.634820832
          0,           0,         595,      -4.587822026,      -3.476567611,      -3.721605247,      -2.537624787,      -9.633837586
          0,           0,         596,      -4.582006732,       -3.48015997,      -3.727690109,      -2.531852621,      -9.632790529
          0,           0,         597,       -4.57625434,      -3.483504859,      -3.733589196,      -2.526137457,      -9.631722232
          0,           0,         598,      -4.570644357,      -3.486568117,      -3.739224545,      -2.520558864,      -9.630654847
          0,           0,         599,       -4.56524874,      -3.489318758,      -3.744515545,      -2.515188924,      -9.629566379
          0,           0,         600,      -4.560131974,      -3.491729762,      -3.749380765,      -2.510092287,      -9.628462641
          0,           0,         601,      -4.555351372,      -3.493778803,      -3.753740204,      -2.505326452,      -9.627360003
          0,           0,         602,      -4.550957512,      -3.495448888,      -3.757517877,      -2.500942193,      -9.626239243
          0,           0,         603,      -4.546994771,       -3.49672885,      -3.760644639,      -2.496984072,      -9.625114786
          0,           0,         604,      -4.543501884,      -3.497613683,      -3.763061047,      -2.493490998,      -9.624019341
          0,           0,         605,      -4.540512507,      -3.498104686,      -3.764720079,      -2.490496781,      -9.622908468
          0,           0,         606,      -4.538055762,      -3.498209415,       -3.76558945,      -2.488030667,      -9.621782329
          0,           0,         607,      -4.536156731,      -3.497941439,      -3.765653332,      -2.486117833,      -9.620621932
          0,           0,         608,      -4.534836896,       -3.49731992,      -3.764913281,      -2.484779823,      -9.619481205
          0,           0,         609,      -4.534114523,      -3.496369043,      -3.763388302,      -2.484034931,      -9.618331615
          0,           0,         610,      -4.534004976,      -3.495117325,       -3.76111401,      -2.483898516,      -9.617195265
          0,           0,         611,      -4.534520959,      -3.493596844,      -3.758141012,      -2.484383239,      -9.616018581
          0,           0,         612,      -4.535672692,      -3.491842431,      -3.754532638,      -2.485499243,      -9.614803434
          0,           0,         613,      -4.537468005,      -3.489890854,      -3.750362267,      -2.487254248,      -9.613531155
          0,           0,         614,      -4.539912359,      -3.487780035,       -3.74571045,      -2.489653572,       -9.61224341
          0,           0,         615,      -4.543008783,      -3.485548319,      -3.740662069,      -2.492700067,      -9.610931836
          0,           0,         616,      -4.546757718,      -3.483233821,      -3.735303703,      -2.496393971,      -9.609613103
          0,           0,         617,       -4.55115677,      -3.480873859,      -3.729721318,      -2.500732662,      -9.608211944
          0,           0,         618,      -4.556200351,      -3.478504472,      -3.723998373,      -2.505710303,       -9.60672098
          0,           0,         619,      -4.561879206,      -3.476160046,      -3.718214353,      -2.511317377,      -9.605140249
          0,           0,         620,      -4.568179805,      -3.473873012,      -3.712443722,      -2.517540093,      -9.603480477
          0,           0,         621,      -4.575083594,      -3.471673631,      -3.706755244,      -2.524359643,       -9.60176977
          0,           0,         622,      -4.582566089,      -3.469589853,      -3.701211641,       -2.53175132,      -9.600010509
          0,           0,         623,        -4.5905958,      -3.467647228,      -3.695869485,      -2.539683465,      -9.598135771
          0,           0,         624,       -4.59913299,      -3.465868873,      -3.690779303,      -2.548116256,      -9.596133489
          0,           0,         625,      -4.608128273,      -3.464275475,      -3.685985808,      -2.557000342,      -9.594015445
          0,           0,         626,      -4.617521078,      -3.462885322,      -3.681528234,      -2.566275362,       -9.59179496
          0,           0,         627,      -4.627238036,      -3.461714359,      -3.677440714,      -2.575868382,      -9.589485552
          0,           0,         628,      -4.637191387,      -3.460776254,      -3.673752685,      -2.585692374,      -9.587120433
          0,           0,         629,      -4.647277552,      -3.460082473,      -3.670489287,       -2.59564486,      -9.584625724
          0,           0,         630,      -4.657376087,      -3.459642353,      -3.667671742,      -2.605606931,      -9.582005274
          0,           0,         631,       -4.66734929,      -3.459463183,      -3.665317708,      -2.615442923,      -9.579261458
          0,           0,         632,      -4.677042815,      -3.459550268,      -3.663441587,      -2.625001072,      -9.576417816
          0,           0,         633,      -4.686287685,      -3.459906992,      -3.662054787,      -2.634115509,       -9.57348184
          0,           0,         634,       -4.69490404,      -3.460534868,      -3.661165945,      -2.642609961,      -9.570511606
          0,           0,         635,      -4.702706915,      -3.461433588,      -3.660781091,       -2.65030336,      -9.567451591
          0,           0,         636,      -4.709514044,      -3.462601044,      -3.660903766,      -2.657017424,      -9.564301816
          0,           0,         637,      -4.715155395,      -3.464033359,      -3.661535083,      -2.662585866,      -9.561062053
          0,           0,         638,      -4.719483698,      -3.465724892,      -3.662673741,      -2.666864542,      -9.557741574
          0,           0,         639,      -4.722384816,      -3.467668242,      -3.664315985,      -2.669741462,      -9.554355555
          0,           0,         640,      -4.723786586,      -3.469854241,      -3.666455507,       -2.67114532,      -9.550915756
          0,           0,         641,      -4.723664753,      -3.472271945,      -3.669083299,       -2.67105127,      -9.547449407
          0,           0,         642,      -4.722045025,      -3.474908616,      -3.672187445,      -2.669482994,      -9.543924745
          0,           0,         643,       -4.71900087,      -3.477749711,      -3.675752859,      -2.666510687,      -9.540337917
          0,           0,         644,      -4.714647451,      -3.480778865,       -3.67976097,      -2.662245342,      -9.536709017
          0,           0,         645,      -4.709132719,      -3.483977887,      -3.684189356,      -2.656830245,      -9.533053733
          0,           0,         646,       -4.70262702,      -3.487326772,      -3.689011331,      -2.650431001,      -9.529398361
          0,           0,         647,      -4.695312609,      -3.490803717,      -3.694195487,      -2.643225392,      -9.525779419
          0,           0,         648,       -4.68737418,      -3.494385172,      -3.699705221,      -2.635394161,      -9.522155086
          0,           0,         649,      -4.678991156,      -3.498045917,      -3.705498255,      -2.627113442,      -9.518517039
          0,           0,         650,      -4.670332016,      -3.501759167,      -3.711526168,      -2.618549133,      -9.514896876
          0,           0,         651,      -4.661550628,      -3.505496726,      -3.717734006,      -2.609853199,      -9.511293347
          0,           0,         652,      -4.652784323,       -3.50922919,      -3.724059991,      -2.601161677,      -9.507722402
          0,           0,         653,      -4.644153346,       -3.51292619,      -3.730435402,      -2.592594025,      -9.504213114
          0,           0,         654,        -4.6357613,      -3.516556705,      -3.736784697,      -2.584253462,       -9.50075329
          0,           0,         655,      -4.627696234,      -3.520089417,       -3.74302596,      -2.576227968,      -9.497338065
          0,           0,         656,      -4.620032109,      -3.523493127,       -3.74907174,      -2.568591653,      -9.493980951
          0,           0,         657,       -4.61283042,      -3.526737221,      -3.754830359,      -2.561406317,      -9.490672984
          0,           0,         658,      -4.606141834,       -3.52979217,      -3.760207747,      -2.554723031,      -9.487436881
          0,           0,         659,      -4.600007753,      -3.532630071,      -3.765109795,      -2.548583659,      -9.484294961
          0,           0,         660,      -4.594461749,      -3.535225183,      -3.769445204,      -2.543022255,      -9.481256156
          0,           0,         661,       -4.58953083,      -3.537554475,      -3.773128715,      -2.538066317,      -9.478309911
          0,           0,         662,      -4.585236555,      -3.539598135,      -3.776084526,      -2.533737879,      -9.475456527
          0,           0,         663,      -4.581595972,      -3.541340032,      -3.778249671,      -2.530054447,       -9.47269066
          0,           0,         664,      -4.578622412,      -3.542768103,      -3.779577056,      -2.527029778,       -9.47000935
          0,           0,         665,      -4.576326137,      -3.543874661,      -3.780037876,      -2.524674539,       -9.46744947
          0,           0,         666,      -4.574714867,      -3.544656581,      -3.779623154,      -2.522996821,      -9.464997149
          0,           0,         667,      -4.573794182,      -3.545115386,      -3.778344229,      -2.522002555,      -9.462616683
          0,           0,         668,      -4.573567825,      -3.545257196,      -3.776232152,      -2.521695812,      -9.460340437
          0,           0,         669,      -4.574037912,      -3.545092572,      -3.773336038,      -2.522079019,      -9.458172203
          0,           0,         670,       -4.57520504,      -3.544636245,      -3.769720576,      -2.523153081,      -9.456114735
          0,           0,         671,       -4.57706832,      -3.543906745,      -3.765462938,      -2.524917408,      -9.454179002
          0,           0,         672,      -4.579625308,      -3.542925963,      -3.760649394,      -2.527369874,      -9.452319729
          0,           0,         673,      -4.582871859,       -3.54171865,      -3.755371904,      -2.530506669,      -9.450568628
          0,           0,         674,      -4.586801877,      -3.540311883,      -3.749724933,      -2.534322069,      -9.448915214
          0,           0,         675,      -4.591406962,      -3.538734518,      -3.743802668,      -2.538808107,      -9.447321735
          0,           0,         676,      -4.596675945,      -3.537016659,      -3.737696717,      -2.543954121,      -9.445824093
          0,           0,         677,      -4.602594294,      -3.535189137,      -3.731494352,      -2.549746191,      -9.444460089
          0,           0,         678,      -4.609143375,       -3.53328304,      -3.725277258,      -2.556166435,      -9.443168083
          0,           0,         679,      -4.616299557,      -3.531329282,      -3.719120746,      -2.563192147,      -9.441956742
          0,           0,         680,       -4.62403314,       -3.52935823,      -3.713093361,      -2.570794775,      -9.440813676
          0,           0,         681,      -4.632307102,      -3.527399385,      -3.707256801,      -2.578938721,      -9.439738296
          0,           0,         682,      -4.641075656,      -3.525481119,      -3.701666058,       -2.58757995,      -9.438732676
          0,           0,         683,      -4.650282629,      -3.523630463,      -3.696369736,      -2.596664443,      -9.437793222
          0,           0,         684,      -4.659859711,      -3.521872946,      -3.691410464,      -2.606126499,      -9.436871473
          0,           0,         685,      -4.669724622,      -3.520232474,      -3.686825372,      -2.615886968,      -9.435944608
          0,           0,         686,      -4.679779339,      -3.518731253,      -3.682646582,      -2.625851515,      -9.434995911
          0,           0,         687,      -4.689908559,      -3.517389732,      -3.678901688,      -2.635909094,      -9.433994443
          0,           0,         688,      -4.699978654,      -3.516226584,      -3.675614223,      -2.645930866,      -9.432945157
          0,           0,         689,      -4.709837486,      -3.515258691,      -3.672804074,      -2.655769891,      -9.431844815
          0,           0,         690,      -4.719315468,      -3.514501158,      -3.670487856,       -2.66526198,      -9.430703622
          0,           0,         691,      -4.728228347,      -3.513967323,      -3.668679231,      -2.674228143,      -9.429530951
          0,           0,         692,      -4.736382085,      -3.513668779,      -3.667389169,      -2.682479016,      -9.428323442
          0,           0,         693,      -4.743580067,      -3.513615394,       -3.66662616,      -2.689821514,      -9.427068356
          0,           0,         694,      -4.749632553,      -3.513815326,      -3.666396367,      -2.696067684,      -9.425742102
          0,           0,         695,      -4.754367815,       -3.51427504,      -3.666703713,      -2.701045309,      -9.424331081
          0,           0,         696,       -4.75764393,       -3.51499931,      -3.667549927,      -2.704609321,      -9.422828625
          0,           0,         697,      -4.759359744,      -3.515991217,      -3.668934516,      -2.706652687,      -9.421226534
          0,           0,         698,       -4.75946337,      -3.517252136,      -3.670854688,      -2.707115192,      -9.419507446
          0,           0,         699,      -4.757956802,      -3.518781713,      -3.673305216,      -2.705988688,      -9.417668126
          0,           0,         700,      -4.754895811,      -3.520577827,      -3.676278227,      -2.703317888,      -9.415723305
          0,           0,         701,      -4.750385149,      -3.522636548,      -3.679762948,      -2.699196559,      -9.413671734
          0,           0,         702,      -4.744569905,      -3.524952073,      -3.683745366,        -2.6937598,      -9.411502403
          0,           0,         703,      -4.737624473,      -3.527516671,       -3.68820784,      -2.687173689,      -9.409218146
          0,           0,         704,      -4.729740758,      -3.530320595,      -3.693128625,      -2.679623876,       -9.40682648
          0,           0,         705,      -4.721117084,      -3.533352013,      -3.698481362,       -2.67130457,      -9.404336628
          0,           0,         706,      -4.711948825,      -3.536596925,      -3.704234495,      -2.662409013,      -9.401742195
          0,           0,         707,      -4.702421289,      -3.540039081,      -3.710350653,      -2.653122053,       -9.39905257
          0,           0,         708,      -4.692704928,      -3.543659911,      -3.716786015,       -2.64361497,      -9.396257193
          0,           0,         709,      -4.682952633,      -3.547438467,       -3.72348968,      -2.634042388,      -9.393361539
          0,           0,         710,      -4.673298728,      -3.551351387,      -3.730403107,      -2.624540932,      -9.390375767
          0,           0,         711,      -4.663859202,      -3.555372888,      -3.737459666,      -2.615229177,      -9.387317214
          0,           0,         712,      -4.654732775,      -3.559474802,      -3.744584373,      -2.606208509,      -9.384185725
          0,           0,         713,       -4.64600245,      -3.563626652,      -3.751693955,       -2.59756453,      -9.381005996
          0,           0,         714,      -4.637737295,      -3.567795808,       -3.75869724,       -2.58936874,      -9.377777883
          0,           0,         715,      -4.629994269,      -3.571947702,      -3.765496119,      -2.581680313,      -9.374511648
          0,           0,         716,      -4.622819974,       -3.57604613,       -3.77198707,      -2.574547819,      -9.371219976
          0,           0,         717,      -4.616252272,      -3.580053645,       -3.77806339,      -2.568010834,      -9.367914565
          0,           0,         718,      -4.610321721,      -3.583932041,      -3.783618123,      -2.562101384,      -9.364607713
          0,           0,         719,      -4.605052822,      -3.587642937,      -3.788547616,      -2.556845204,      -9.361313096
          0,           0,         720,       -4.60046509,      -3.591148444,      -3.792755597,      -2.552262831,       -9.35803018
          0,           0,         721,      -4.596573947,      -3.594411917,      -3.796157501,      -2.548370507,      -9.354762997
          0,           0,         722,      -4.593391461,      -3.597398751,      -3.798684693,      -2.545180945,      -9.351519438
          0,           0,         723,      -4.590926937,      -3.600077219,      -3.800288192,      -2.542703931,      -9.348303492
          0,           0,         724,      -4.589187391,       -3.60241929,      -3.800941509,      -2.540946819,      -9.345128034
          0,           0,         725,      -4.588177904,      -3.604401418,      -3.800642257,      -2.539914887,      -9.341999001
          0,           0,         726,      -4.587901873,      -3.606005236,       -3.79941233,      -2.539611614,      -9.338906434
          0,           0,         727,      -4.588361172,      -3.607218131,      -3.797296656,      -2.540038836,      -9.335852152
          0,           0,         728,      -4.589556222,      -3.608033662,      -3.794360658,      -2.541196828,      -9.332836527
          0,           0,         729,      -4.591485971,      -3.608451789,      -3.790686716,      -2.543084291,      -9.329853117
          0,           0,         730,      -4.594147789,      -3.608478905,      -3.786370043,      -2.545698248,      -9.326910956
          0,           0,         731,      -4.597537274,      -3.608127672,      -3.781514344,      -2.549033854,      -9.324012466
          0,           0,         732,       -4.60164796,      -3.607416664,      -3.776227659,      -2.553084102,      -9.321139845
          0,           0,         733,      -4.606470914,      -3.606369836,       -3.77061864,      -2.557839429,      -9.318290855
          0,           0,         734,      -4.611994222,      -3.605015866,       -3.76479345,      -2.563287199,      -9.315458511
          0,           0,         735,       -4.61820234,      -3.603387394,      -3.758853363,      -2.569411062,      -9.312638411
          0,           0,         736,      -4.625075298,      -3.601520207,      -3.752893052,      -2.576190167,      -9.309828585
          0,           0,         737,      -4.632587746,      -3.599452401,      -3.746999506,      -2.583598218,      -9.307030842
          0,           0,         738,      -4.640707819,      -3.597223562,      -3.741251484,       -2.59160236,      -9.304225275
          0,           0,         739,       -4.64939582,         -3.594874,       -3.73571938,      -2.600161897,      -9.301400257
          0,           0,         740,      -4.658602726,      -3.592444043,       -3.73046541,      -2.609226836,      -9.298552729
          0,           0,         741,      -4.668268522,      -3.589973424,      -3.725544013,      -2.618736291,      -9.295674775
          0,           0,         742,      -4.678320432,      -3.587500756,      -3.721002386,      -2.628616787,      -9.292763114
          0,           0,         743,      -4.688671111,      -3.585063103,      -3.716881093,      -2.638780572,      -9.289820382
          0,           0,         744,      -4.699216955,      -3.582695646,      -3.713214698,      -2.649124056,      -9.286826273
          0,           0,         745,      -4.709836734,      -3.580431425,      -3.710032373,       -2.65952661,      -9.283774653
          0,           0,         746,      -4.720390832,      -3.578301164,      -3.707358472,      -2.669849981,        -9.2806624
          0,           0,         747,      -4.730721473,      -3.576333154,      -3.705213057,      -2.679938707,       -9.27749092
          0,           0,         748,      -4.740654349,      -3.574553193,      -3.703612356,        -2.6896219,      -9.274257991
          0,           0,         749,      -4.750002092,      -3.572984563,      -3.702569148,      -2.698716814,      -9.270969745
          0,           0,         750,      -4.758569921,      -3.571648046,      -3.702093086,      -2.707034485,      -9.267616756
          0,           0,         751,      -4.766163598,      -3.570561948,      -3.702190939,      -2.714387513,      -9.264201357
          0,           0,         752,       -4.77259945,      -3.569742153,      -3.702866768,      -2.720599733,       -9.26072326
          0,           0,         753,      -4.777715744,      -3.569202172,      -3.704122034,      -2.725517046,      -9.257193008
          0,           0,         754,      -4.781384219,      -3.568953191,      -3.705955629,      -2.729018275,      -9.253621993
          0,           0,         755,      -4.783520238,      -3.569004124,      -3.708363842,      -2.731024596,      -9.250009504
          0,           0,         756,      -4.784089971,      -3.569361651,      -3.711340251,      -2.731506085,      -9.246345229
          0,           0,         757,       -4.78311338,       -3.57003024,      -3.714875554,      -2.730484299,      -9.242628934
          0,           0,         758,      -4.780662471,      -3.571012167,      -3.718957311,      -2.728030399,      -9.238860236
          0,           0,         759,      -4.776855121,      -3.572307512,      -3.723569631,      -2.724259179,      -9.235043383
          0,           0,         760,      -4.771845563,      -3.573914141,      -3.728692777,      -2.719320006,      -9.231185119
          0,           0,         761,      -4.765813065,      -3.575827673,      -3.734302704,      -2.713386088,      -9.227302582
          0,           0,         762,      -4.758950367,      -3.578041429,       -3.74037053,      -2.706643549,      -9.223395563
          0,           0,         763,      -4.751453222,      -3.580546371,      -3.746861949,       -2.69928151,      -9.219461628
          0,           0,         764,      -4.743511838,      -3.583331027,      -3.753736602,      -2.691483965,      -9.215498833
          0,           0,         765,      -4.735304622,      -3.586381411,       -3.76094744,      -2.683423791,      -9.211524277
          0,           0,         766,      -4.726994156,      -3.589680932,      -3.768440089,      -2.675258866,      -9.207550972
          0,           0,         767,      -4.718725121,      -3.593210314,      -3.776152298,       -2.66713001,      -9.203601642
          0,           0,         768,      -4.710623736,      -3.596947519,      -3.784013513,      -2.659160384,       -9.19965529
          0,           0,         769,      -4.702798297,      -3.600867691,      -3.791944655,      -2.651455928,      -9.195736187
          0,           0,         770,      -4.695340408,      -3.604943124,      -3.799858233,      -2.644106483,      -9.191857816
          0,           0,         771,      -4.688326608,      -3.609143281,      -3.807658866,      -2.637187302,      -9.188011289
          0,           0,         772,      -4.681820157,      -3.613434847,       -3.81524434,      -2.630760728,      -9.184195243
          0,           0,         773,       -4.67587282,      -3.617781871,      -3.822507322,      -2.624877887,      -9.180466271
          0,           0,         774,      -4.670526562,      -3.622145979,      -3.829337765,        -2.6195803,      -9.176805471
          0,           0,         775,      -4.665815078,      -3.626486684,       -3.83562604,      -2.614901352,      -9.173188252
          0,           0,         776,      -4.661765156,      -3.630761808,      -3.841266715,        -2.6108676,      -9.169624227
          0,           0,         777,      -4.658397841,      -3.634928015,      -3.846162797,      -2.607499903,      -9.166133065
          0,           0,         778,      -4.655729427,      -3.638941469,      -3.850230165,      -2.604814378,      -9.162708418
          0,           0,         779,      -4.653772277,      -3.642758603,      -3.853401825,      -2.602823204,      -9.159343285
          0,           0,         780,      -4.652535492,       -3.64633699,      -3.855631545,      -2.601535268,      -9.156089705
          0,           0,         781,      -4.652025437,      -3.649636302,      -3.856896504,      -2.600956685,      -9.152942039
          0,           0,         782,      -4.652246145,      -3.652619305,      -3.857198617,      -2.601091196,      -9.149854991
          0,           0,         783,      -4.653199607,      -3.655252866,      -3.856564378,      -2.601940453,      -9.146892099
          0,           0,         784,      -4.654885956,      -3.657508918,      -3.855043249,      -2.603504205,      -9.144065251
          0,           0,         785,      -4.657303554,      -3.659365321,      -3.852704774,      -2.605780389,       -9.14136103
          0,           0,         786,      -4.660448979,      -3.660806582,      -3.849634783,      -2.608765131,      -9.138763633
          0,           0,         787,      -4.664316923,      -3.661824379,      -3.845931069,      -2.612452648,      -9.136252247
          0,           0,         788,      -4.668899985,      -3.662417855,      -3.841698974,       -2.61683507,      -9.133848833
          0,           0,         789,      -4.674188369,      -3.662593664,      -3.837047223,      -2.621902157,      -9.131557106
          0,           0,         790,      -4.680169463,       -3.66236577,      -3.832084274,      -2.627640915,      -9.129355449
          0,           0,         791,      -4.686827299,      -3.661754995,      -3.826915339,      -2.634035104,      -9.127240566
          0,           0,         792,      -4.694141884,       -3.66078838,       -3.82164013,      -2.641064627,      -9.125214277
          0,           0,         793,      -4.702088379,      -3.659498355,      -3.816351293,      -2.648704784,      -9.123266082
          0,           0,         794,      -4.710636129,      -3.657921819,      -3.811133472,        -2.6569254,      -9.121390007
          0,           0,         795,      -4.719747529,      -3.656099141,      -3.806062886,      -2.665689802,      -9.119550386
          0,           0,         796,       -4.72937672,      -3.654073157,      -3.801207307,      -2.674953671,      -9.117774199
          0,           0,         797,       -4.73946815,      -3.651888203,       -3.79662633,      -2.684663765,      -9.116051467
          0,           0,         798,      -4.749955011,      -3.649589199,      -3.792371835,      -2.694756556,      -9.114384633
          0,           0,         799,      -4.760757639,      -3.647220856,      -3.788488575,       -2.70515684,      -9.112767755
          0,           0,         800,      -4.771781964,      -3.644826974,      -3.785014815,       -2.71577642,       -9.11114589
          0,           0,         801,      -4.782918197,      -3.642449867,      -3.781982982,      -2.726512987,       -9.10953213
          0,           0,         802,      -4.794039958,      -3.640129907,      -3.779420297,      -2.737249411,      -9.107891266
          0,           0,         803,      -4.805004154,      -3.637905169,      -3.777349353,      -2.747853672,      -9.106229095
          0,           0,         804,      -4.815651956,       -3.63581119,      -3.775788652,      -2.758179732,      -9.104525169
          0,           0,         805,      -4.825811243,      -3.633880806,      -3.774753052,       -2.76806965,      -9.102751316
          0,           0,         806,      -4.835300852,      -3.632144066,      -3.774254171,      -2.777357207,      -9.100896829
          0,           0,         807,      -4.843936822,        -3.6306282,       -3.77430071,      -2.785873226,      -9.098954805
          0,           0,         808,      -4.851540574,      -3.629357632,        -3.7748987,      -2.793452532,      -9.096921196
          0,           0,         809,      -4.857948613,      -3.628354026,      -3.776051697,      -2.799942253,      -9.094791849
          0,           0,         810,      -4.863022896,       -3.62763635,      -3.777760892,      -2.805210801,      -9.092573567
          0,           0,         811,      -4.866660696,      -3.627220949,      -3.780025167,      -2.809156598,      -9.090277209
          0,           0,         812,      -4.868802562,      -3.627121622,      -3.782841083,      -2.811715422,      -9.087908298
          0,           0,         813,      -4.869437152,      -3.627349696,      -3.786202803,      -2.812865303,      -9.085469511
          0,           0,         814,      -4.868602096,      -3.627914089,      -3.790101946,      -2.812628195,       -9.08296851
          0,           0,         815,      -4.866380762,      -3.628821355,      -3.794527384,      -2.811068149,       -9.08040824
          0,           0,         816,      -4.862895459,       -3.63007572,      -3.799464963,      -2.808286286,      -9.077783077
          0,           0,         817,      -4.858298202,      -3.631679091,      -3.804897162,      -2.804413361,      -9.075090206
          0,           0,         818,      -4.852760382,      -3.633631044,      -3.810802689,      -2.799600997,      -9.072321314
          0,           0,         819,      -4.846462654,      -3.635928797,      -3.817156005,      -2.794012708,      -9.069466933
          0,           0,         820,      -4.839586037,      -3.638567149,        -3.8239268,      -2.787815632,      -9.066525886
          0,           0,         821,      -4.832304824,      -3.641538415,      -3.831079423,      -2.781173629,      -9.063500944
          0,           0,         822,        -4.8247815,      -3.644832315,      -3.838572267,       -2.77424203,      -9.060399526
          0,           0,         823,      -4.817163564,      -3.648435875,      -3.846357174,      -2.767164065,      -9.057228406
          0,           0,         824,      -4.809581974,      -3.652333285,      -3.854378865,      -2.760068796,      -9.053992187
          0,           0,         825,      -4.802150843,      -3.656505771,      -3.862574452,      -2.753070281,      -9.050696537
          0,           0,         826,      -4.794968021,      -3.660931452,      -3.870873105,      -2.746267662,      -9.047348091
          0,           0,         827,      -4.788116248,      -3.665585207,      -3.879195959,      -2.739745885,      -9.043955498
          0,           0,         828,      -4.781664607,      -3.670438558,      -3.887456337,       -2.73357681,      -9.040528274
          0,           0,         829,      -4.775670113,      -3.675459589,      -3.895560421,      -2.727820526,      -9.037076218
          0,           0,         830,      -4.770179278,      -3.680612904,      -3.903408433,      -2.722526715,      -9.033610666
          0,           0,         831,      -4.765229599,      -3.685859652,      -3.910896476,      -2.717736003,      -9.030143063
          0,           0,         832,      -4.760850898,      -3.691157648,      -3.917918975,      -2.713481201,      -9.026683248
          0,           0,         833,      -4.757066512,      -3.696461589,      -3.924371831,      -2.709788436,      -9.023241012
          0,           0,         834,      -4.753894311,      -3.701723405,      -3.930156092,      -2.706678137,      -9.019824363
          0,           0,         835,      -4.751347562,      -3.706892753,      -3.935182017,      -2.704165886,       -9.01644113
          0,           0,         836,      -4.749435643,      -3.711917676,      -3.939373198,      -2.702263124,       -9.01309853
          0,           0,         837,      -4.748164619,       -3.71674543,      -3.942670459,      -2.700977744,      -9.009804026
          0,           0,         838,       -4.74753769,      -3.721323472,      -3.945035017,      -2.700314542,      -9.006562125
          0,           0,         839,      -4.747555532,      -3.725600601,      -3.946450695,      -2.700275582,      -9.003377256
          0,           0,         840,      -4.748216536,      -3.729528211,      -3.946924871,      -2.700860448,      -9.000253156
          0,           0,         841,      -4.749516952,      -3.733061614,      -3.946488004,      -2.702066413,       -8.99719242
          0,           0,         842,      -4.751450949,      -3.736161368,      -3.945191875,      -2.703888516,      -8.994197274
          0,           0,         843,      -4.754010596,       -3.73879454,      -3.943106696,      -2.706319563,       -8.99126979
          0,           0,         844,      -4.757185758,      -3.740935816,      -3.940317436,      -2.709350051,      -8.988410128
          0,           0,         845,      -4.760963929,      -3.742568398,      -3.936919734,       -2.71296802,      -8.985617046
          0,           0,         846,      -4.765329979,      -3.743684609,      -3.933015767,      -2.717158829,      -8.982889538
          0,           0,         847,      -4.770265836,      -3.744286163,      -3.928710408,      -2.721904865,      -8.980225377
          0,           0,         848,      -4.775750088,      -3.744384094,      -3.924107869,      -2.727185176,      -8.977621553
          0,           0,         849,      -4.781757519,      -3.743998328,      -3.919308978,      -2.732975047,      -8.975074969
          0,           0,         850,      -4.788258574,       -3.74315694,      -3.914409128,        -2.7392455,      -8.972580738
          0,           0,         851,      -4.795218762,      -3.741895159,      -3.909496855,      -2.745962749,      -8.970133819
          0,           0,         852,      -4.802598012,      -3.740254177,      -3.904652997,      -2.753087609,      -8.967729922
          0,           0,         853,      -4.810350001,      -3.738279851,      -3.899950315,      -2.760574878,      -8.965361844
          0,           0,         854,      -4.818421482,      -3.736021369,      -3.895453471,      -2.768372734,      -8.963024159
          0,           0,         855,      -4.826751655,      -3.733529957,      -3.891219285,      -2.776422169,      -8.960710922
          0,           0,         856,      -4.835271645,      -3.730857663,      -3.887297163,      -2.784656533,      -8.958415135
          0,           0,         857,      -4.843904153,      -3.728056292,      -3.883729639,      -2.793001246,      -8.956131764
          0,           0,         858,      -4.852563381,      -3.725176482,      -3.880552963,      -2.801373764,      -8.953853805
          0,           0,         859,      -4.861155337,      -3.722266955,      -3.877797697,      -2.809683902,      -8.951575155
          0,           0,         860,      -4.869578635,      -3.719373938,      -3.875489308,      -2.817834617,      -8.949289316
          0,           0,         861,      -4.877725893,      -3.716540734,      -3.873648696,      -2.825723337,      -8.946992504
          0,           0,         862,       -4.88548584,      -3.713807432,       -3.87229268,      -2.833243932,      -8.944681436
          0,           0,         863,       -4.89274614,      -3.711210739,      -3.871434427,      -2.840289344,      -8.942351066
          0,           0,         864,      -4.899396928,      -3.708783911,      -3.871083812,      -2.846754847,      -8.940000483
          0,           0,         865,       -4.90533491,      -3.706556756,      -3.871247719,      -2.852541827,      -8.937627889
          0,           0,         866,      -4.910467794,      -3.704555696,      -3.871930268,       -2.85756186,      -8.935230844
          0,           0,         867,      -4.914718705,      -3.702803871,      -3.873132992,      -2.861740787,      -8.932808611
          0,           0,         868,      -4.918030185,      -3.701321263,       -3.87485494,      -2.865022416,      -8.930362723
          0,           0,         869,      -4.920367335,      -3.700124837,      -3.877092728,      -2.867371486,      -8.927894371
          0,           0,         870,      -4.921719747,      -3.699228682,      -3.879840534,      -2.868775541,      -8.925402183
          0,           0,         871,      -4.922101989,      -3.698644146,      -3.883090028,       -2.86924551,      -8.922871754
          0,           0,         872,      -4.921552568,      -3.698379963,      -3.886830257,      -2.868814907,      -8.920306018
          0,           0,         873,       -4.92013151,       -3.69844236,      -3.891047468,      -2.867537756,      -8.917697992
          0,           0,         874,      -4.917916848,      -3.698835144,      -3.895724886,      -2.865485478,      -8.915051705
          0,           0,         875,      -4.915000409,      -3.699559773,      -3.900842435,      -2.862743085,      -8.912365911
          0,           0,         876,      -4.911483316,      -3.700615402,      -3.906376424,      -2.859405064,      -8.909646392
          0,           0,         877,      -4.907471628,      -3.701998908,      -3.912299186,      -2.855571302,      -8.906901688
          0,           0,         878,      -4.903072391,      -3.703704891,      -3.918578692,      -2.851343359,      -8.904130841
          0,           0,         879,      -4.898390323,      -3.705725655,      -3.925178155,      -2.846821266,      -8.901323236
          0,           0,         880,      -4.893525224,      -3.708051172,      -3.932055626,      -2.842100974,      -8.898477037
          0,           0,         881,      -4.888570102,      -3.710669025,      -3.939163633,      -2.837272463,      -8.895599782
          0,           0,         882,      -4.883609975,      -3.713564347,       -3.94644888,      -2.832418474,      -8.892704568
          0,           0,         883,      -4.878721239,      -3.716719742,      -3.953852048,      -2.827613784,       -8.88979927
          0,           0,         884,      -4.873971488,      -3.720115208,      -3.961307767,      -2.822924924,      -8.886888001
          0,           0,         885,      -4.869419672,      -3.723728066,      -3.968744787,      -2.818410233,       -8.88398114
          0,           0,         886,      -4.865116498,      -3.727532901,      -3.976086445,      -2.814120164,       -8.88108604
          0,           0,         887,      -4.861104981,      -3.731501526,       -3.98325147,      -2.810097744,      -8.878197736
          0,           0,         888,      -4.857421065,      -3.735602973,      -3.990155155,      -2.806379136,      -8.875330624
          0,           0,         889,      -4.854094293,      -3.739803546,      -3.996710997,      -2.802994239,       -8.87249194
          0,           0,         890,      -4.851148454,      -3.744066927,      -4.002832738,      -2.799967298,      -8.869676449
          0,           0,         891,      -4.848602203,      -3.748354358,      -4.008436802,      -2.797317487,      -8.866876114
          0,           0,         892,      -4.846469631,      -3.752624913,      -4.013445023,      -2.795059463,      -8.864091823
          0,           0,         893,      -4.844760784,      -3.756835876,      -4.017787525,      -2.793203864,      -8.861338192
          0,           0,         894,      -4.843482112,       -3.76094323,      -4.021405553,      -2.791757754,       -8.85863508
          0,           0,         895,      -4.842636862,      -3.764902265,      -4.024254029,      -2.790725019,      -8.855975777
          0,           0,         896,      -4.842225412,      -3.768668298,      -4.026303613,      -2.790106706,      -8.853370201
          0,           0,         897,      -4.842245551,      -3.772197508,       -4.02754205,      -2.789901305,      -8.850820084
          0,           0,         898,      -4.842692707,      -3.775447852,      -4.027974693,      -2.790104997,      -8.848330602
          0,           0,         899,      -4.843560122,      -3.778380043,      -4.027624115,      -2.790711849,      -8.845902186
          0,           0,         900,      -4.844838998,      -3.780958547,      -4.026528869,      -2.791713969,      -8.843536337
          0,           0,         901,      -4.846518592,       -3.78315256,      -4.024741526,      -2.793101632,      -8.841238736
          0,           0,         902,      -4.848586288,      -3.784936901,      -4.022326168,      -2.794863371,      -8.838999232
          0,           0,         903,       -4.85102763,      -3.786292788,      -4.019355587,      -2.796986038,      -8.836785527
          0,           0,         904,      -4.853826342,      -3.787208421,      -4.015908388,       -2.79945485,       -8.83460687
          0,           0,         905,      -4.856964314,      -3.787679366,       -4.01206623,      -2.802253407,      -8.832508862
          0,           0,         906,      -4.860421583,      -3.787708686,      -4.007911324,      -2.805363695,      -8.830477164
          0,           0,         907,      -4.864176294,       -3.78730683,      -4.003524326,      -2.808766083,      -8.828502675
          0,           0,         908,      -4.868204659,      -3.786491272,      -3.998982645,      -2.812439301,      -8.826565701
          0,           0,         909,      -4.872480911,      -3.785285943,      -3.994359183,      -2.816360425,      -8.824638836
          0,           0,         910,      -4.876977266,      -3.783720468,       -3.98972147,      -2.820504853,      -8.822711358
          0,           0,         911,      -4.881663894,      -3.781829287,      -3.985131164,      -2.824846294,      -8.820791136
          0,           0,         912,      -4.886508912,      -3.779650681,      -3.980643825,       -2.82935676,      -8.818888859
          0,           0,         913,      -4.891478403,      -3.777225779,      -3.976308925,      -2.834006585,      -8.817008019
          0,           0,         914,      -4.896536477,      -3.774597573,      -3.972170021,       -2.83876446,      -8.815148361
          0,           0,         915,      -4.901645371,      -3.771809999,      -3.968265052,      -2.843597501,      -8.813292835
          0,           0,         916,      -4.906765617,        -3.7689071,        -3.9646267,      -2.848471357,      -8.811432082
          0,           0,         917,      -4.911856267,      -3.765932293,      -3.961282788,      -2.853350361,      -8.809568832
          0,           0,         918,      -4.916875201,      -3.762927761,      -3.958256705,      -2.858197736,      -8.807685024
          0,           0,         919,      -4.921779514,      -3.759933956,      -3.955567811,      -2.862975855,      -8.805780954
          0,           0,         920,      -4.926525983,       -3.75698922,      -3.953231821,      -2.867646569,      -8.803848638
          0,           0,         921,      -4.931071623,      -3.754129508,      -3.951261165,      -2.872171587,      -8.801883101
          0,           0,         922,      -4.935374319,       -3.75138821,      -3.949665302,      -2.876512937,      -8.799882424
          0,           0,         923,      -4.939393521,      -3.748796046,       -3.94845101,      -2.880633466,      -8.797837134
          0,           0,         924,      -4.943090987,      -3.746381024,      -3.947622627,      -2.884497403,      -8.795747214
          0,           0,         925,      -4.946431544,      -3.744168457,      -3.947182253,       -2.88807095,       -8.79360774
          0,           0,         926,      -4.949383845,       -3.74218101,      -3.947129921,      -2.891322892,      -8.791416817
          0,           0,         927,      -4.951921083,      -3.740438778,      -3.947463725,      -2.894225208,      -8.789177231
          0,           0,         928,       -4.95402162,      -3.738959374,      -3.948179922,      -2.896753646,      -8.786889202
          0,           0,         929,      -4.955669512,      -3.737758033,      -3.949272993,       -2.89888825,        -8.7845524
          0,           0,         930,      -4.956854887,      -3.736847717,      -3.950735686,      -2.900613805,      -8.782166992
          0,           0,         931,      -4.957574162,      -3.736239204,      -3.952559022,      -2.901920183,      -8.779734486
          0,           0,         932,       -4.95783008,      -3.735941183,      -3.954732282,      -2.902802563,       -8.77725045
          0,           0,         933,      -4.957631572,      -3.735960333,      -3.957242973,      -2.903261526,      -8.774715573
          0,           0,         934,      -4.956993441,      -3.736301378,      -3.960076772,      -2.903302999,      -8.772132735
          0,           0,         935,      -4.955935903,      -3.736967141,      -3.963217456,      -2.902938079,      -8.769509436
          0,           0,         936,      -4.954483996,      -3.737958569,      -3.966646822,      -2.902182722,      -8.766850628
          0,           0,         937,      -4.952666905,      -3.739274746,      -3.970344594,      -2.901057321,      -8.764157756
          0,           0,         938,      -4.950517222,      -3.740912881,      -3.974288337,      -2.899586209,      -8.761434048
          0,           0,         939,      -4.948070194,      -3.742868288,      -3.978453365,      -2.897797084,      -8.758680782
          0,           0,         940,      -4.945362969,      -3.745134338,      -3.982812668,      -2.895720409,      -8.755897778
          0,           0,         941,      -4.942433892,      -3.747702398,      -3.987336857,        -2.8933888,      -8.753083972
          0,           0,         942,      -4.939321845,      -3.750561756,      -3.991994135,      -2.890836412,      -8.750241639
          0,           0,         943,      -4.936065672,      -3.753699538,      -3.996750319,      -2.888098375,      -8.747374534
          0,           0,         944,      -4.932703677,      -3.757100602,      -4.001568911,      -2.885210259,      -8.744488156
          0,           0,         945,      -4.929273211,      -3.760747439,      -4.006411234,      -2.882207605,      -8.741588332
          0,           0,         946,      -4.925810337,      -3.764620072,      -4.011236645,      -2.879125512,      -8.738681354
          0,           0,         947,      -4.922349579,      -3.768695954,      -4.016002853,      -2.875998291,      -8.735773993
          0,           0,         948,      -4.918923738,      -3.772949887,      -4.020666329,      -2.872859183,      -8.732873013
          0,           0,         949,      -4.915563767,      -3.777353963,      -4.025182805,      -2.869740135,      -8.729985281
          0,           0,         950,      -4.912298702,      -3.781877545,      -4.029507905,       -2.86667163,      -8.727117725
          0,           0,         951,      -4.909155634,       -3.78648729,      -4.033597871,       -2.86368257,      -8.724277008
          0,           0,         952,      -4.906159717,      -3.791147234,      -4.037410371,      -2.860800195,        -8.7214693
          0,           0,         953,      -4.903334197,      -3.795818956,      -4.040905376,      -2.858050043,      -8.718700511
          0,           0,         954,      -4.900700464,      -3.800461836,      -4.044046072,      -2.855455931,      -8.715975979
          0,           0,         955,      -4.898278111,       -3.80503341,      -4.046799768,      -2.853039965,      -8.713300644
          0,           0,         956,      -4.896085004,      -3.809489842,      -4.049138755,      -2.850822555,      -8.710678834
          0,           0,         957,      -4.894137345,       -3.81378652,      -4.051041067,       -2.84882245,      -8.708114412
          0,           0,         958,      -4.892449743,      -3.817878771,      -4.052491128,      -2.847056777,      -8.705610657
          0,           0,         959,      -4.891035273,      -3.821722679,      -4.053480182,      -2.845541073,      -8.703170122
          0,           0,         960,      -4.889905524,      -3.825276008,       -4.05400654,      -2.844289325,      -8.700795136
          0,           0,         961,      -4.889070648,      -3.828499181,      -4.054075606,         -2.843314,      -8.698487325
          0,           0,         962,      -4.888539385,      -3.831356291,      -4.053699668,      -2.842626071,      -8.696247533
          0,           0,         963,      -4.888319081,      -3.833816094,      -4.052897491,       -2.84223503,      -8.694076249
          0,           0,         964,       -4.88841569,      -3.835852928,      -4.051693719,      -2.842148889,      -8.691973311
          0,           0,         965,       -4.88883376,      -3.837447509,      -4.050118131,      -2.842374175,      -8.689937479
          0,           0,         966,      -4.889576405,      -3.838587558,      -4.048204797,      -2.842915898,      -8.687967528
          0,           0,         967,      -4.890645256,      -3.839268204,      -4.045991186,      -2.843777519,      -8.686062049
          0,           0,         968,      -4.892040392,      -3.839492154,       -4.04351725,      -2.844960885,      -8.684218462
          0,           0,         969,      -4.893760263,      -3.839269604,      -4.040824546,      -2.846466158,      -8.682434189
          0,           0,         970,      -4.895801582,      -3.838617901,      -4.037955423,      -2.848291721,      -8.680706699
          0,           0,         971,      -4.898159203,      -3.837560984,      -4.034952282,      -2.850434063,      -8.679032976
          0,           0,         972,      -4.900825982,      -3.836128633,      -4.031856942,      -2.852887648,      -8.677409551
          0,           0,         973,      -4.903792616,      -3.834355583,      -4.028710109,      -2.855644764,      -8.675830309
          0,           0,         974,       -4.90704747,      -3.832280544,      -4.025550964,      -2.858695357,      -8.674294252
          0,           0,         975,      -4.910576389,      -3.829945194,      -4.022416832,      -2.862026842,      -8.672794213
          0,           0,         976,      -4.914362495,      -3.827393176,      -4.019342965,       -2.86562391,      -8.671325353
          0,           0,         977,       -4.91838599,      -3.824669155,      -4.016362392,      -2.869468325,      -8.669883424
          0,           0,         978,      -4.922623953,      -3.821817961,      -4.013505839,      -2.873538715,      -8.668463449
          0,           0,         979,      -4.927050155,      -3.818883835,      -4.010801716,      -2.877810381,      -8.667060255
          0,           0,         980,        -4.9316349,      -3.815909797,       -4.00827614,      -2.882255114,      -8.665669252
          0,           0,         981,      -4.936344902,      -3.812937129,      -4.005952987,      -2.886841056,      -8.664285237
          0,           0,         982,      -4.941143227,      -3.810004977,      -4.003853972,      -2.891532604,      -8.662903631
          0,           0,         983,      -4.945989318,      -3.807150061,      -4.001998743,      -2.896290399,       -8.66151963
          0,           0,         984,      -4.950839111,      -3.804406478,      -4.000404985,      -2.901071395,      -8.660134001
          0,           0,         985,      -4.955645299,      -3.801805588,      -3.999088515,       -2.90582906,      -8.658739167
          0,           0,         986,      -4.960357732,      -3.799375958,      -3.998063384,      -2.910513723,       -8.65733328
          0,           0,         987,      -4.964923999,      -3.797143369,      -3.997341962,      -2.915073089,      -8.655910955
          0,           0,         988,      -4.969290198,      -3.795130851,      -3.996935018,      -2.919452937,      -8.654473725
          0,           0,         989,      -4.973401896,      -3.793358751,      -3.996851775,      -2.923598033,      -8.653012024
          0,           0,         990,      -4.977205277,      -3.791844814,      -3.997099967,      -2.927453222,      -8.651521608
          0,           0,         991,      -4.980648448,      -3.790604271,      -3.997685855,       -2.93096471,      -8.650004072
          0,           0,         992,      -4.983682865,       -3.78964993,      -3.998614241,      -2.934081488,      -8.648457429
          0,           0,         993,      -4.986264811,      -3.788992259,      -3.999888451,      -2.936756842,      -8.646881235
          0,           0,         994,      -4.988356856,      -3.788639463,      -4.001510301,      -2.938949869,      -8.645274531
          0,           0,         995,      -4.989929203,      -3.788597544,      -4.003480032,      -2.940626933,      -8.643644675
          0,           0,         996,      -4.990960838,      -3.788870344,       -4.00579623,      -2.941762935,      -8.641987417
          0,           0,         997,      -4.991440397,      -3.789459579,      -4.008455713,      -2.942342333,      -8.640307002
          0,           0,         998,       -4.99136667,      -3.790364843,      -4.011453392,      -2.942359821,      -8.638599256
          0,           0,         999,      -4.990748735,      -3.791583605,      -4.014782108,       -2.94182061,      -8.636869485
          0,           0,        1000,      -4.989605669,      -3.793111178,      -4.018432441,      -2.940740304,      -8.635120992
          0,           0,        1001,      -4.987965902,      -3.794940675,       -4.02239249,      -2.939144362,       -8.63335436
          0,           0,        1002,      -4.985866227,      -3.797062949,      -4.026647635,      -2.937067207,      -8.631568337
          0,           0,        1003,      -4.983350574,      -3.799466519,      -4.031180275,      -2.934551043,      -8.629756333
          0,           0,        1004,      -4.980468614,      -3.802137484,      -4.035969548,      -2.931644466,      -8.627927514
          0,           0,        1005,      -4.977274294,      -3.805059431,      -4.040991049,      -2.928400974,      -8.626093939
          0,           0,        1006,      -4.973824378,      -3.808213348,      -4.046216546,      -2.924877454,      -8.624262678
          0,           0,        1007,      -4.970177083,      -3.811577533,       -4.05161372,      -2.921132734,      -8.622439083
          0,           0,        1008,      -4.966390839,      -3.815127527,      -4.057145938,      -2.917226265,      -8.620629136
          0,           0,        1009,      -4.962523234,      -3.818836066,      -4.062772085,       -2.91321696,       -8.61883587
          0,           0,        1010,      -4.958630135,      -3.822673073,      -4.068446486,      -2.909162239,      -8.617062781
          0,           0,        1011,      -4.954765013,      -3.826605692,       -4.07411896,      -2.905117264,        -8.6153138
          0,           0,        1012,      -4.950978445,      -3.830598399,      -4.079735021,      -2.901134372,      -8.613589617
          0,           0,        1013,      -4.947317778,      -3.834613171,      -4.085236279,      -2.897262681,      -8.611886214
          0,           0,        1014,      -4.943826935,       -3.83860977,      -4.090561077,      -2.893547849,      -8.610209654
          0,           0,        1015,      -4.940546342,      -3.842546115,      -4.095645382,       -2.89003197,      -8.608559708
          0,           0,        1016,      -4.937512939,      -3.846378777,      -4.100423956,      -2.886753558,      -8.606927446
          0,           0,        1017,      -4.934760268,      -3.850063592,      -4.104831801,      -2.883747624,      -8.605311579
          0,           0,        1018,      -4.932318601,      -3.853556397,      -4.108805851,      -2.881045797,      -8.603722633
          0,           0,        1019,      -4.930215104,      -3.856813867,      -4.112286857,       -2.87867649,      -8.602168685
          0,           0,        1020,      -4.928474014,      -3.859794456,      -4.115221374,      -2.876665083,      -8.600653826
          0,           0,        1021,      -4.927116817,      -3.862459382,       -4.11756374,      -2.875034107,      -8.599180588
          0,           0,        1022,      -4.926162422,      -3.864773646,      -4.119277916,      -2.873803434,      -8.597739799
          0,           0,        1023,      -4.925627318,      -3.866707019,      -4.120339044,      -2.872990446,      -8.596328219
          0,           0,        1024,      -4.925525709,      -3.868234952,      -4.120734603,      -2.872610189,      -8.594948524
          0,           0,        1025,      -4.925869623,      -3.869339356,      -4.120465045,      -2.872675498,      -8.593596794
          0,           0,        1026,       -4.92666899,      -3.870009193,       -4.11954388,      -2.873197096,        -8.5922729
          0,           0,        1027,      -4.927931683,      -3.870240862,      -4.117997172,      -2.874183654,      -8.590973513
          0,           0,        1028,      -4.929663526,      -3.870038323,       -4.11586252,      -2.875641823,      -8.589696483
          0,           0,        1029,      -4.931868253,       -3.86941298,      -4.113187591,      -2.877576215,      -8.588430793
          0,           0,        1030,      -4.934547425,      -3.868383305,       -4.11002835,      -2.879989348,      -8.587171862
          0,           0,        1031,      -4.937700298,       -3.86697425,      -4.106447093,      -2.882881542,      -8.585914755
          0,           0,        1032,       -4.94132364,      -3.865216478,      -4.102510459,      -2.886250763,      -8.584654971
          0,           0,        1033,      -4.945411488,      -3.863145447,      -4.098287503,      -2.890092414,      -8.583391662
          0,           0,        1034,      -4.949954844,      -3.860800436,      -4.093847951,      -2.894399068,      -8.582125622
          0,           0,        1035,       -4.95494131,      -3.858223523,      -4.089260678,      -2.899160141,      -8.580850578
          0,           0,        1036,       -4.96035466,      -3.855458596,      -4.084592471,      -2.904361494,      -8.579559734
          0,           0,        1037,      -4.966174336,      -3.852550419,       -4.07990705,      -2.909984982,      -8.578246274
          0,           0,        1038,      -4.972374896,      -3.849543785,      -4.075264375,      -2.916007925,      -8.576905804
          0,           0,        1039,      -4.978925391,      -3.846482783,      -4.070720162,      -2.922402529,      -8.575527555
          0,           0,        1040,      -4.985788715,      -3.843410186,      -4.066325639,      -2.929135254,      -8.574109382
          0,           0,        1041,      -4.992920925,      -3.840366949,      -4.062127446,      -2.936166147,      -8.572648926
          0,           0,        1042,      -5.000270585,      -3.837391838,      -4.058167672,       -2.94344818,      -8.571137649
          0,           0,        1043,      -5.007778173,      -3.834521149,      -4.054483979,      -2.950926611,      -8.569577428
          0,           0,        1044,       -5.01537562,      -3.831788535,      -4.051109804,      -2.958538445,      -8.567966766
          0,           0,        1045,      -5.022986061,      -3.829224899,      -4.048074589,      -2.966212058,      -8.566307403
          0,           0,        1046,       -5.03052391,      -3.826858361,      -4.045404036,      -2.973867074,      -8.564600574
          0,           0,        1047,      -5.037895362,      -3.824714271,      -4.043120359,      -2.981414609,      -8.562847208
          0,           0,        1048,      -5.044999448,      -3.822815256,       -4.04124253,      -2.988757986,      -8.561050786
          0,           0,        1049,      -5.051729749,      -3.821181297,      -4.039786498,      -2.995794059,      -8.559212929
          0,           0,        1050,      -5.057976847,      -3.819829819,      -4.038765388,      -3.002415215,      -8.557335138
          0,           0,        1051,      -5.063631519,      -3.818775792,      -4.038189662,      -3.008512124,      -8.555422757
          0,           0,        1052,      -5.068588615,      -3.818031822,      -4.038067242,      -3.013977216,      -8.553480442
          0,           0,        1053,      -5.072751429,       -3.81760825,      -4.038403607,      -3.018708762,      -8.551515187
          0,           0,        1054,      -5.076036286,      -3.817513228,      -4.039201827,      -3.022615348,      -8.549534446
          0,           0,        1055,      -5.078376939,      -3.817752793,      -4.040462576,      -3.025620397,      -8.547536071
          0,           0,        1056,      -5.079728361,      -3.818330919,      -4.042184089,      -3.027666343,      -8.545524558
          0,           0,        1057,      -5.080069495,      -3.819249553,      -4.044362077,      -3.028718004,      -8.543503014
          0,           0,        1058,      -5.079404639,      -3.820508632,      -4.046989595,      -3.028764784,      -8.541472474
          0,           0,        1059,      -5.077763293,      -3.822106081,      -4.050056869,      -3.027821423,      -8.539434383
          0,           0,        1060,       -5.07519848,      -3.824037796,      -4.053551074,      -3.025927211,      -8.537392381
          0,           0,        1061,      -5.071783772,        -3.8262976,      -4.057456066,      -3.023143751,      -8.535351165
          0,           0,        1062,      -5.067609338,       -3.82887719,      -4.061752084,      -3.019551562,      -8.533315846
          0,           0,        1063,       -5.06277749,       -3.83176606,      -4.066415399,      -3.015245901,      -8.531292226
          0,           0,        1064,      -5.057398118,       -3.83495142,      -4.071417956,      -3.010332243,      -8.529286205
          0,           0,        1065,       -5.05158441,      -3.838418091,      -4.076726989,      -3.004921826,      -8.527303421
          0,           0,        1066,      -5.045449115,      -3.842148411,      -4.082304647,      -2.999127594,      -8.525349063
          0,           0,        1067,      -5.039101503,      -3.846122126,      -4.088107636,       -2.99306075,      -8.523428609
          0,           0,        1068,      -5.032645087,       -3.85031629,      -4.094086958,      -2.986828047,      -8.521547304
          0,           0,        1069,      -5.026176056,      -3.854705187,       -4.10018769,      -2.980529809,      -8.519709391
          0,           0,        1070,      -5.019782358,      -3.859260273,      -4.106348954,      -2.974258646,      -8.517919161
          0,           0,        1071,      -5.013543305,      -3.863950155,      -4.112504083,      -2.968098764,      -8.516180551
          0,           0,        1072,      -5.007529591,      -3.868740619,      -4.118581039,      -2.962125744,      -8.514497051
          0,           0,        1073,      -5.001803601,      -3.873594723,      -4.124503164,      -2.956406692,      -8.512871695
          0,           0,        1074,      -4.996419924,      -3.878472978,      -4.130190294,      -2.951000629,      -8.511307122
          0,           0,        1075,      -4.991425977,      -3.883333607,      -4.135560285,      -2.945959051,      -8.509805286
          0,           0,        1076,      -4.986862687,      -3.888132933,      -4.140530951,      -2.941326578,      -8.508367608
          0,           0,        1077,      -4.982765177,      -3.892825871,      -4.145022368,      -2.937141633,      -8.506995247
          0,           0,        1078,      -4.979163436,      -3.897366553,        -4.1489595,      -2.933437117,      -8.505689154
          0,           0,        1079,      -4.976082933,      -3.901709076,      -4.152274967,      -2.930241048,      -8.504449543
          0,           0,        1080,       -4.97354518,      -3.905808363,      -4.154911805,      -2.927577155,      -8.503276224
          0,           0,        1081,      -4.971568226,       -3.90962112,      -4.156825996,      -2.925465397,      -8.502168527
          0,           0,        1082,      -4.970167082,      -3.913106856,      -4.157988548,      -2.923922428,      -8.501125407
          0,           0,        1083,      -4.969354074,      -3.916228934,      -4.158386948,       -2.92296198,      -8.500145388
          0,           0,        1084,      -4.969139132,      -3.918955582,      -4.158025792,      -2.922595183,      -8.499226949
          0,           0,        1085,      -4.969530003,      -3.921260839,      -4.156926583,      -2.922830806,      -8.498368076
          0,           0,        1086,      -4.970532403,      -3.923125355,      -4.155126689,      -2.923675439,      -8.497565886
          0,           0,        1087,      -4.972150099,      -3.924537008,       -4.15267757,      -2.925133598,      -8.496817343
          0,           0,        1088,      -4.974384924,      -3.925491293,      -4.149642463,       -2.92720776,      -8.496119305
          0,           0,        1089,      -4.977236722,      -3.925991456,       -4.14609371,      -2.929898334,      -8.495468827
          0,           0,        1090,       -4.98070322,      -3.926048357,      -4.142109976,      -2.933203549,      -8.494862667
          0,           0,        1091,      -4.984779824,      -3.925680083,       -4.13777354,      -2.937119272,       -8.49429681
          0,           0,        1092,      -4.989459335,      -3.924911333,      -4.133167822,      -2.941638733,      -8.493767094
          0,           0,        1093,      -4.994731571,      -3.923772611,      -4.128375254,      -2.946752173,      -8.493269983
          0,           0,        1094,      -5.000582895,      -3.922299284,      -4.123475554,      -2.952446383,      -8.492801946
          0,           0,        1095,      -5.006995639,      -3.920530562,      -4.118544408,      -2.958704145,      -8.492359249
          0,           0,        1096,      -5.013947414,      -3.918508442,      -4.113652552,       -2.96550356,      -8.491936981
          0,           0,        1097,      -5.021410308,      -3.916276691,      -4.108865196,      -2.972817255,      -8.491530794
          0,           0,        1098,      -5.029349962,      -3.913879873,      -4.104241747,      -2.980611483,      -8.491136574
          0,           0,        1099,      -5.037724544,      -3.911362492,      -4.099835766,      -2.988845102,      -8.490752716
          0,           0,        1100,      -5.046483627,      -3.908768226,      -4.095695093,      -2.997468472,      -8.490372363
          0,           0,        1101,       -5.05556702,      -3.906139308,      -4.091862107,      -3.006422285,       -8.48999543
          0,           0,        1102,      -5.064903603,      -3.903516012,      -4.088374051,      -3.015636404,       -8.48961807
          0,           0,        1103,      -5.074410262,      -3.900936271,      -4.085263414,       -3.02502879,      -8.489232975
          0,           0,        1104,      -5.083991055,      -3.898435401,      -4.082558328,      -3.034504641,      -8.488835406
          0,           0,        1105,       -5.09353677,      -3.896045914,      -4.080282949,      -3.043955913,       -8.48842576
          0,           0,        1106,      -5.102925101,      -3.893797418,      -4.078457824,      -3.053261436,       -8.48799979
          0,           0,        1107,      -5.112021672,      -3.891716581,      -4.077100227,      -3.062287847,      -8.487554674
          0,           0,        1108,      -5.120682152,      -3.889827136,      -4.076224455,      -3.070891608,      -8.487088114
          0,           0,        1109,      -5.128755679,      -3.888149937,      -4.075842081,      -3.078922297,      -8.486598308
          0,           0,        1110,      -5.136089679,      -3.886703027,      -4.075962159,      -3.086227299,      -8.486085626
          0,           0,        1111,      -5.142536041,      -3.885501731,      -4.076591382,      -3.092657863,      -8.485548135
          0,           0,        1112,      -5.147958325,      -3.884558746,      -4.077734192,      -3.098076222,      -8.484984884
          0,           0,        1113,      -5.152239473,      -3.883884241,       -4.07939283,      -3.102363274,      -8.484395671
          0,           0,        1114,      -5.155289231,      -3.883485941,      -4.081567351,      -3.105426059,      -8.483780458
          0,           0,        1115,      -5.157050381,      -3.883369212,      -4.084255568,      -3.107204115,      -8.483141347
          0,           0,        1116,       -5.15750292,      -3.883537126,      -4.087452957,      -3.107673872,      -8.482479736
          0,           0,        1117,      -5.156665579,      -3.883990515,      -4.091152499,      -3.106850412,      -8.481797619
          0,           0,        1118,      -5.154594421,      -3.884728016,      -4.095344461,      -3.104786342,      -8.481094422
          0,           0,        1119,      -5.151378772,      -3.885746088,      -4.100016128,      -3.101567942,      -8.480371213
          0,           0,        1120,      -5.147135054,       -3.88703903,      -4.105151468,      -3.097309171,      -8.479629342
          0,           0,        1121,      -5.141999398,      -3.888598975,      -4.110730739,      -3.092144365,      -8.478868157
          0,           0,        1122,      -5.136119937,      -3.890415881,      -4.116730041,      -3.086220534,      -8.478091447
          0,           0,        1123,      -5.129649562,      -3.892477509,      -4.123120816,      -3.079690061,      -8.477299769
          0,           0,        1124,      -5.122739709,      -3.894769396,      -4.129869302,      -3.072704387,      -8.476495932
          0,           0,        1125,      -5.115535478,      -3.897274839,      -4.136935971,      -3.065409009,      -8.475682684
          0,           0,        1126,      -5.108172169,      -3.899974865,      -4.144274956,      -3.057939892,       -8.47486233
          0,           0,        1127,       -5.10077311,      -3.902848233,      -4.151833513,      -3.050421189,      -8.474038713
          0,           0,        1128,      -5.093448604,      -3.905871443,      -4.159551573,      -3.042964089,      -8.473214179
          0,           0,        1129,       -5.08629573,      -3.909018774,       -4.16736142,      -3.035666556,      -8.472390397
          0,           0,        1130,      -5.079398761,      -3.912262359,      -4.175187596,      -3.028613692,      -8.471569757
          0,           0,        1131,          -5.07283,      -3.915572306,       -4.18294711,      -3.021878539,      -8.470754614
          0,           0,        1132,      -5.066650831,      -3.918916867,      -4.190550032,       -3.01552312,      -8.469946073
          0,           0,        1133,      -5.060912897,      -3.922262675,      -4.197900593,      -3.009599598,      -8.469145482
          0,           0,        1134,      -5.055659267,      -3.925575051,      -4.204898856,      -3.004151451,      -8.468353981
          0,           0,        1135,      -5.050925565,       -3.92881838,      -4.211443002,      -2.999214606,      -8.467572451
          0,           0,        1136,       -5.04674101,       -3.93195657,      -4.217432229,      -2.994818477,      -8.466802091
          0,           0,        1137,      -5.043129335,      -3.934953587,      -4.222770183,      -2.990986908,      -8.466043263
          0,           0,        1138,      -5.040109606,      -3.937774053,      -4.227368762,      -2.987738992,      -8.465295572
          0,           0,        1139,      -5.037696911,      -3.940383905,      -4.231152027,      -2.985089774,      -8.464558047
          0,           0,        1140,      -5.035902938,      -3.942751095,      -4.234059913,      -2.983050844,       -8.46382928
          0,           0,        1141,       -5.03473645,      -3.944846297,       -4.23605138,      -2.981630822,      -8.463107714
          0,           0,        1142,      -5.034203658,      -3.946643612,      -4.237106664,      -2.980835742,      -8.462391538
          0,           0,        1143,      -5.034308496,       -3.94812122,      -4.237228386,      -2.980669343,      -8.461679183
          0,           0,        1144,      -5.035052815,      -3.949261959,      -4.236441375,       -2.98113328,      -8.460970438
          0,           0,        1145,      -5.036436492,      -3.950053802,      -4.234791235,      -2.982227243,      -8.460264681
          0,           0,        1146,      -5.038457453,      -3.950490187,      -4.232341811,      -2.983949012,      -8.459558723
          0,           0,        1147,      -5.041111625,      -3.950570209,       -4.22917186,      -2.986294422,      -8.458850304
          0,           0,        1148,        -5.0443928,      -3.950298638,      -4.225371241,      -2.989257262,      -8.458137611
          0,           0,        1149,      -5.048292424,      -3.949685772,      -4.221036999,      -2.992829096,      -8.457418419
          0,           0,        1150,      -5.052799293,       -3.94874714,      -4.216269632,      -2.996999002,      -8.456689472
          0,           0,        1151,      -5.057899159,      -3.947503058,       -4.21116979,      -3.001753226,      -8.455947942
          0,           0,        1152,      -5.063574244,      -3.945978074,      -4.205835517,      -3.007074761,      -8.455191663
          0,           0,        1153,      -5.069802648,      -3.944200331,      -4.200360127,      -3.012942818,      -8.454421792
          0,           0,        1154,      -5.076557652,      -3.942200879,      -4.194830691,      -3.019332222,      -8.453632205
          0,           0,        1155,      -5.083806912,       -3.94001296,      -4.189327067,      -3.026212697,      -8.452820049
          0,           0,        1156,      -5.091511558,      -3.937671314,      -4.183921406,      -3.033548077,      -8.451982904
          0,           0,        1157,      -5.099625203,      -3.935211509,      -4.178678024,      -3.041295432,      -8.451123711
          0,           0,        1158,      -5.108092883,      -3.932669327,       -4.17365356,      -3.049404135,      -8.450238207
          0,           0,        1159,      -5.116849995,      -3.930080221,      -4.168897318,      -3.057814923,      -8.449321133
          0,           0,        1160,      -5.125821278,      -3.927478847,      -4.164451738,      -3.066458984,      -8.448372436
          0,           0,        1161,      -5.134919952,      -3.924898665,      -4.160352928,      -3.075257171,      -8.447389198
          0,           0,        1162,      -5.144047145,      -3.922371628,      -4.156631223,      -3.084119443,      -8.446368698
          0,           0,        1163,      -5.153091777,      -3.919927939,      -4.153311729,      -3.092944669,       -8.44531066
          0,           0,        1164,      -5.161931103,      -3.917595871,      -4.150414839,      -3.101620978,      -8.444215304
          0,           0,        1165,       -5.17043213,      -3.915401646,      -4.147956699,      -3.110026805,      -8.443083526
          0,           0,        1166,      -5.178454116,      -3.913369367,      -4.145949624,      -3.118032847,      -8.441915006
          0,           0,        1167,      -5.185852277,       -3.91152098,      -4.144402449,      -3.125505034,      -8.440711549
          0,           0,        1168,      -5.192482753,      -3.909876277,      -4.143320826,      -3.132308591,      -8.439472974
          0,           0,        1169,      -5.198208667,      -3.908452914,      -4.142707454,      -3.138313117,      -8.438200556
          0,           0,        1170,      -5.202906938,      -3.907266449,      -4.142562258,      -3.143398428,      -8.436896869
          0,           0,        1171,      -5.206475255,       -3.90633039,      -4.142882501,      -3.147460764,      -8.435562607
          0,           0,        1172,      -5.208838493,      -3.905656242,      -4.143662858,      -3.150418756,      -8.434198939
          0,           0,        1173,       -5.20995375,      -3.905253563,      -4.144895421,      -3.152218497,      -8.432808081
          0,           0,        1174,      -5.209813338,      -3.905130005,      -4.146569672,      -3.152837077,      -8.431391333
          0,           0,        1175,      -5.208445276,      -3.905291357,      -4.148672404,      -3.152284093,      -8.429951511
          0,           0,        1176,      -5.205911218,      -3.905741577,        -4.1511876,      -3.150600937,      -8.428490831
          0,           0,        1177,      -5.202302118,      -3.906482809,      -4.154096287,      -3.147857937,      -8.427011705
          0,           0,        1178,      -5.197732248,      -3.907515395,      -4.157376349,      -3.144149774,      -8.425523244
          0,           0,        1179,      -5.192332338,      -3.908837868,      -4.161002325,      -3.139589754,      -8.424028627
          0,           0,        1180,      -5.186242614,      -3.910446938,      -4.164945198,      -3.134303605,      -8.422528473
          0,           0,        1181,      -5.179606396,      -3.912337465,       -4.16917218,      -3.128423443,      -8.421025229
          0,           0,        1182,      -5.172564675,      -3.914502415,      -4.173646512,      -3.122082371,      -8.419522713
          0,           0,        1183,      -5.165251917,      -3.916932813,       -4.17832731,      -3.115410021,      -8.418024282
          0,           0,        1184,      -5.157793106,      -3.919617688,       -4.18316947,      -3.108529189,      -8.416533771
          0,           0,        1185,      -5.150301932,      -3.922544008,      -4.188123648,       -3.10155351,       -8.41505334
          0,           0,        1186,      -5.142879931,      -3.925696614,      -4.193136397,      -3.094586102,      -8.413587153
          0,           0,        1187,      -5.135616373,      -3.929058164,      -4.198150412,      -3.087718973,      -8.412138474
          0,           0,        1188,      -5.128588671,      -3.932609073,      -4.203104984,      -3.081033036,      -8.410708122
          0,           0,        1189,      -5.121863146,       -3.93632748,      -4.207936677,      -3.074598542,      -8.409300481
          0,           0,        1190,      -5.115495998,      -3.940189226,      -4.212580236,      -3.068475794,      -8.407917651
          0,           0,        1191,      -5.109534352,       -3.94416787,      -4.216969747,      -3.062716017,      -8.406561703
          0,           0,        1192,      -5.104017327,      -3.948234739,      -4.221040038,      -3.057362289,      -8.405234484
          0,           0,        1193,      -5.098977052,      -3.952359028,      -4.224728289,      -3.052450473,      -8.403937437
          0,           0,        1194,      -5.094439601,      -3.956507965,      -4.227975793,      -3.048010111,      -8.402671683
          0,           0,        1195,      -5.090425845,      -3.960647036,      -4.230729797,      -3.044065242,      -8.401438199
          0,           0,        1196,      -5.086952184,      -3.964740291,       -4.23294529,      -3.040635136,      -8.400237553
          0,           0,        1197,      -5.084031193,      -3.968750737,      -4.234586648,      -3.037734942,      -8.399070027
          0,           0,        1198,      -5.081672157,      -3.972640812,      -4.235628998,      -3.035376239,      -8.397935606
          0,           0,        1199,      -5.079881514,      -3.976372944,      -4.236059192,      -3.033567502,      -8.396833943
          0,           0,        1200,      -5.078663215,      -3.979910193,       -4.23587631,      -3.032314485,      -8.395764422
          0,           0,        1201,      -5.078019005,      -3.983216951,      -4.235091653,      -3.031620516,      -8.394726127
          0,           0,        1202,      -5.077948622,      -3.986259691,      -4.233728217,      -3.031486737,      -8.393717779
          0,           0,        1203,      -5.078449943,       -3.98900774,      -4.231819701,      -3.031912253,      -8.392737958
          0,           0,        1204,      -5.079519048,      -3.991434026,      -4.229409129,      -3.032894237,      -8.391784994
          0,           0,        1205,      -5.081150243,      -3.993515795,      -4.226547204,      -3.034427965,      -8.390856871
          0,           0,        1206,      -5.083336014,      -3.995235234,      -4.223290503,      -3.036506789,      -8.389951521
          0,           0,        1207,      -5.086066926,      -3.996579975,      -4.219699646,      -3.039122063,      -8.389066623
          0,           0,        1208,      -5.089331473,      -3.997543458,      -4.215837538,      -3.042263005,      -8.388199769
          0,           0,        1209,      -5.093115865,      -3.998125121,      -4.211767762,      -3.045916512,      -8.387348565
          0,           0,        1210,      -5.097403773,      -3.998330411,      -4.207553197,      -3.050066914,       -8.38651024
          0,           0,        1211,      -5.102176004,      -3.998170605,      -4.203254863,      -3.054695676,      -8.385682056
          0,           0,        1212,       -5.10741014,      -3.997662472,      -4.198931025,      -3.059781052,      -8.384860969
          0,           0,        1213,      -5.113080115,      -3.996827774,      -4.194636538,      -3.065297685,      -8.384044226
          0,           0,        1214,      -5.119155755,      -3.995692644,      -4.190422406,      -3.071216166,      -8.383228999
          0,           0,        1215,      -5.125602282,      -3.994286889,       -4.18633553,      -3.077502557,      -8.382412465
          0,           0,        1216,      -5.132379803,      -3.992643223,      -4.182418611,        -3.0841179,      -8.381591822
          0,           0,        1217,      -5.139442789,      -3.990796498,      -4.178710177,      -3.091017717,      -8.380764453
          0,           0,        1218,      -5.146739602,      -3.988782944,      -4.175244696,      -3.098151549,      -8.379928131
          0,           0,        1219,      -5.154212085,      -3.986639451,      -4.172052756,      -3.105462559,      -8.379080293
          0,           0,        1220,      -5.161795279,      -3.984402914,      -4.169161288,       -3.11288725,      -8.378218598
          0,           0,        1221,      -5.169417326,      -3.982109654,      -4.166593806,      -3.120355366,      -8.377340635
          0,           0,        1222,      -5.176999642,      -3.979794925,      -4.164370655,      -3.127790041,      -8.376444449
          0,           0,        1223,      -5.184457419,      -3.977492505,      -4.162509261,      -3.135108269,      -8.375528493
          0,           0,        1224,      -5.191700563,      -3.975234368,      -4.161024355,      -3.142221786,      -8.374591125
          0,           0,        1225,      -5.198635108,      -3.973050436,       -4.15992819,      -3.149038407,      -8.373631075
          0,           0,        1226,      -5.205165178,      -3.970968402,      -4.159230731,       -3.15546389,      -8.372647735
          0,           0,        1227,      -5.211195465,      -3.969013609,      -4.158939814,      -3.161404313,      -8.371641235
          0,           0,        1228,      -5.216634202,      -3.967208978,      -4.159061278,      -3.166768911,      -8.370610113
          0,           0,        1229,      -5.221396468,      -3.965574983,      -4.159599077,      -3.171473281,      -8.369553804
          0,           0,        1230,      -5.225407657,      -3.964129646,      -4.160555345,      -3.175442737,       -8.36847248
          0,           0,        1231,      -5.228606826,      -3.962888566,      -4.161930449,      -3.178615599,      -8.367366247
          0,           0,        1232,      -5.230949642,      -3.961864952,      -4.163722993,      -3.180946116,      -8.366233527
          0,           0,        1233,       -5.23241063,      -3.961069673,      -4.165929806,      -3.182406745,      -8.365078209
          0,           0,        1234,      -5.232984483,      -3.960511306,       -4.16854589,       -3.18298955,       -8.36390107
          0,           0,        1235,      -5.232686291,      -3.960196185,      -4.171564344,       -3.18270657,      -8.362701899
          0,           0,        1236,      -5.231550663,       -3.96012845,      -4.174976253,      -3.181589101,      -8.361481763
          0,           0,        1237,       -5.22962983,      -3.960310081,      -4.178770549,      -3.179685988,      -8.360241649
          0,           0,        1238,      -5.226990952,      -3.960740935,      -4.182933845,      -3.177061106,      -8.358982715
          0,           0,        1239,      -5.223712893,      -3.961418768,      -4.187450241,      -3.173790281,      -8.357707022
          0,           0,        1240,      -5.219882767,       -3.96233925,      -4.192301108,      -3.169957949,      -8.356413916
          0,           0,        1241,      -5.215592527,      -3.963495977,      -4.197464851,       -3.16565382,      -8.355102796
          0,           0,        1242,      -5.210935839,      -3.964880472,      -4.202916663,      -3.160969774,      -8.353779777
          0,           0,        1243,       -5.20600538,      -3.966482188,       -4.20862827,      -3.155997156,       -8.35244499
          0,           0,        1244,       -5.20089066,      -3.968288507,      -4.214567694,      -3.150824564,      -8.351099637
          0,           0,        1245,      -5.195676378,      -3.970284743,      -4.220699027,      -3.145536152,      -8.349745503
          0,           0,        1246,      -5.190441292,      -3.972454156,      -4.226982261,      -3.140210444,       -8.34838345
          0,           0,        1247,      -5.185257542,      -3.974777972,      -4.233373174,      -3.134919586,      -8.347014271
          0,           0,        1248,      -5.180190345,      -3.977235429,      -4.239823322,       -3.12972899,      -8.345639496
          0,           0,        1249,      -5.175297983,      -3.979803844,      -4.246280146,      -3.124697265,       -8.34425974
          0,           0,        1250,      -5.170632016,      -3.982458706,      -4.252687247,      -3.119876382,       -8.34287725
          0,           0,        1251,      -5.166237632,      -3.985173818,      -4.258984847,      -3.115311995,      -8.341492117
          0,           0,        1252,        -5.1621541,       -3.98792147,      -4.265110479,      -3.111043855,      -8.340104981
          0,           0,        1253,      -5.158415267,       -3.99067267,      -4.270999916,      -3.107106295,      -8.338716343
          0,           0,        1254,      -5.155050063,      -3.993397427,      -4.276588353,      -3.103528716,      -8.337326757
          0,           0,        1255,      -5.152083006,      -3.996065089,       -4.28181183,      -3.100336081,      -8.335936417
          0,           0,        1256,      -5.149534667,      -3.998644739,      -4.286608861,      -3.097549382,      -8.334545503
          0,           0,        1257,      -5.147422103,      -4.001105646,      -4.290922214,      -3.095186063,      -8.333154211
          0,           0,        1258,      -5.145759239,      -4.003417757,      -4.294700754,      -3.093260415,      -8.331761365
          0,           0,        1259,      -5.144557204,       -4.00555224,      -4.297901235,      -3.091783908,      -8.330366713
          0,           0,        1260,      -5.143824615,      -4.007482034,      -4.300489927,      -3.090765486,      -8.328969707
          0,           0,        1261,      -5.143567804,      -4.009182414,       -4.30244395,      -3.090211806,      -8.327569259
          0,           0,        1262,      -5.143791005,      -4.010631538,      -4.303752212,      -3.090127431,      -8.326164653
          0,           0,        1263,       -5.14449648,      -4.011810958,      -4.304415863,      -3.090514977,      -8.324756302
          0,           0,        1264,      -5.145684609,      -4.012706062,       -4.30444823,      -3.091375211,      -8.323342087
          0,           0,        1265,      -5.147353921,      -4.013306446,      -4.303874242,      -3.092707108,      -8.321920392
          0,           0,        1266,      -5.149501085,      -4.013606169,       -4.30272938,      -3.094507858,      -8.320490034
          0,           0,        1267,      -5.152120856,      -4.013603913,      -4.301058262,      -3.096772842,      -8.319050002
          0,           0,        1268,      -5.155205966,      -4.013302996,      -4.298912951,      -3.099495546,      -8.317598647
          0,           0,        1269,      -5.158746981,      -4.012711281,      -4.296351135,      -3.102667454,      -8.316134715
          0,           0,        1270,      -5.162732099,      -4.011840955,      -4.293434279,       -3.10627788,      -8.314656881
          0,           0,        1271,      -5.167146911,      -4.010708202,      -4.290225862,      -3.110313773,      -8.313164291
          0,           0,        1272,      -5.171974107,      -4.009332791,      -4.286789773,      -3.114759466,      -8.311656019
          0,           0,        1273,      -5.177193147,      -4.007737588,      -4.283188934,      -3.119596401,       -8.31013081
          0,           0,        1274,      -5.182779885,      -4.005948025,      -4.279484153,        -3.1248028,      -8.308587073
          0,           0,        1275,      -5.188706161,      -4.003991545,      -4.275733243,      -3.130353321,      -8.307023606
          0,           0,        1276,      -5.194939372,      -4.001897045,      -4.271990366,      -3.136218679,      -8.305439324
          0,           0,        1277,      -5.201442026,      -3.999694333,      -4.268305599,      -3.142365258,      -8.303833631
          0,           0,        1278,      -5.208171318,      -3.997413624,      -4.264724682,      -3.148754733,      -8.302206445
          0,           0,        1279,      -5.215078742,      -3.995085075,      -4.261288917,      -3.155343704,      -8.300557644
          0,           0,        1280,      -5.222109782,      -3.992738375,      -4.258035179,       -3.16208341,      -8.298890173
          0,           0,        1281,      -5.229203727,      -3.990402392,      -4.254996023,      -3.168919511,      -8.297191503
          0,           0,        1282,      -5.236293675,       -3.98810488,       -4.25219984,      -3.175792029,      -8.295474091
          0,           0,        1283,      -5.243306773,      -3.985872236,      -4.249671051,      -3.182635469,      -8.293733862
          0,           0,        1284,      -5.250164776,      -3.983729317,      -4.247430327,      -3.189379185,      -8.291958966
          0,           0,        1285,      -5.256784977,      -3.981699304,      -4.245494803,      -3.195948057,      -8.290163731
          0,           0,        1286,      -5.263081572,      -3.979803599,      -4.243878283,      -3.202263511,      -8.288347735
          0,           0,        1287,      -5.268967476,      -3.978061771,      -4.242591438,      -3.208244927,      -8.286510325
          0,           0,        1288,      -5.274356585,      -3.976491518,      -4.241641972,      -3.213811449,      -8.284652363
          0,           0,        1289,      -5.279166432,      -3.975108662,      -4.241034767,       -3.21888416,      -8.282775536
          0,           0,        1290,      -5.283321109,      -3.973927153,         -4.240772,      -3.223388551,      -8.280879997
          0,           0,        1291,        -5.2867543,      -3.972959094,      -4.240853228,       -3.22725718,      -8.278967501
          0,           0,        1292,      -5.289412174,      -3.972214762,      -4.241275448,      -3.230432334,       -8.27703895
          0,           0,        1293,      -5.291255931,      -3.971702645,      -4.242033125,      -3.232868516,      -8.275096099
          0,           0,        1294,       -5.29226373,      -3.971429473,      -4.243118196,      -3.234534533,      -8.273140284
          0,           0,        1295,       -5.29243182,      -3.971400244,      -4.244520054,      -3.235415005,      -8.271173393
          0,           0,        1296,      -5.291774748,      -3.971618259,      -4.246225505,      -3.235511133,      -8.269197348
          0,           0,        1297,      -5.290324626,      -3.972085132,      -4.248218713,      -3.234840662,      -8.267214429
          0,           0,        1298,       -5.28812953,      -3.972800816,      -4.250481141,      -3.233437028,      -8.265226105
          0,           0,        1299,        -5.2852512,      -3.973763601,      -4.252991474,      -3.231347789,      -8.263235626
          0,           0,        1300,      -5.281762267,      -3.974970123,      -4.255725559,      -3.228632483,      -8.261243406
          0,           0,        1301,      -5.277743247,      -3.976415352,      -4.258656363,      -3.225360114,      -8.259251255
          0,           0,        1302,      -5.273279547,      -3.978092587,       -4.26175395,      -3.221606478,      -8.257262704
          0,           0,        1303,      -5.268458669,      -3.979993435,       -4.26498549,      -3.217451515,       -8.25527739
          0,           0,        1304,      -5.263367759,      -3.982107798,      -4.268315336,      -3.212976856,      -8.253288665
          0,           0,        1305,      -5.258091589,      -3.984423849,      -4.271705161,      -3.208263676,      -8.251308307
          0,           0,        1306,      -5.252710987,      -3.986928022,      -4.275114182,      -3.203390924,      -8.249334891
          0,           0,        1307,      -5.247301721,      -3.989604997,      -4.278499487,      -3.198433943,      -8.247370003
          0,           0,        1308,      -5.241933781,        -3.9924377,      -4.281816463,      -3.193463481,      -8.245414763
          0,           0,        1309,      -5.236670995,      -3.995407319,      -4.285019354,      -3.188545042,      -8.243470242
          0,           0,        1310,      -5.231570934,      -3.998493331,      -4.288061945,      -3.183738541,      -8.241537329
          0,           0,        1311,      -5.226685011,      -4.001673559,      -4.290898352,       -3.17909819,      -8.239616787
          0,           0,        1312,      -5.222058738,      -4.004924261,      -4.293483936,      -3.174672578,       -8.23770921
          0,           0,        1313,       -5.21773208,      -4.008220244,      -4.295776285,      -3.170504878,      -8.235815136
          0,           0,        1314,      -5.213739864,      -4.011535028,       -4.29773625,      -3.166633144,      -8.233934876
          0,           0,        1315,      -5.210112207,      -4.014841048,      -4.299328985,      -3.163090663,      -8.232068508
          0,           0,        1316,      -5.206874955,      -4.018109907,      -4.300524934,      -3.159906324,      -8.230216338
          0,           0,        1317,      -5.204050093,       -4.02131268,      -4.301300721,      -3.157104999,      -8.228378531
          0,           0,        1318,      -5.201656124,      -4.024420265,      -4.301639876,      -3.154707897,      -8.226554089
          0,           0,        1319,      -5.199708419,      -4.027403778,      -4.301533358,      -3.152732904,      -8.224740603
          0,           0,        1320,      -5.198219516,      -4.030234999,      -4.300979848,      -3.151194876,       -8.22294111
          0,           0,        1321,      -5.197199369,       -4.03288684,      -4.299985761,      -3.150105903,      -8.221154488
          0,           0,        1322,      -5.196655564,      -4.035333835,      -4.298565014,      -3.149475527,      -8.219380179
          0,           0,        1323,      -5.196593469,       -4.03755264,      -4.296738546,      -3.149310913,      -8.217617429
          0,           0,        1324,      -5.197016355,      -4.039522513,      -4.294533619,      -3.149616981,      -8.215864251
          0,           0,        1325,      -5.197925454,      -4.041225765,      -4.291982963,      -3.150396487,      -8.214119451
          0,           0,        1326,      -5.199319982,      -4.042648162,      -4.289123803,      -3.151650062,      -8.212384435
          0,           0,        1327,      -5.201197106,      -4.043779247,      -4.285996826,      -3.153376204,      -8.210658489
          0,           0,        1328,      -5.203551874,       -4.04461259,      -4.282645154,       -3.15557122,      -8.208940421
          0,           0,        1329,      -5.206377086,      -4.045145923,      -4.279113344,      -3.158229128,      -8.207229114
          0,           0,        1330,      -5.209663129,      -4.045381184,       -4.27544648,      -3.161341508,      -8.205523527
          0,           0,        1331,      -5.213397756,      -4.045324442,      -4.271689358,      -3.164897306,      -8.203822684
          0,           0,        1332,      -5.217565825,      -4.044985723,      -4.267885801,      -3.168882592,      -8.202125675
          0,           0,        1333,      -5.222148986,      -4.044378734,      -4.264078085,      -3.173280273,      -8.200431666
          0,           0,        1334,       -5.22712533,      -4.043520512,      -4.260306506,      -3.178069764,      -8.198739834
          0,           0,        1335,      -5.232469001,      -4.042431003,      -4.256609049,      -3.183226618,      -8.197049425
          0,           0,        1336,      -5.238149776,      -4.041132595,       -4.25302117,      -3.188722132,      -8.195359766
          0,           0,        1337,      -5.244132635,      -4.039649623,       -4.24957566,      -3.194522929,      -8.193670445
          0,           0,        1338,      -5.250377333,      -4.038007869,      -4.246302596,      -3.200590546,        -8.1919817
          0,           0,        1339,         -5.256838,      -4.036234067,      -4.243229336,       -3.20688104,       -8.19030022
          0,           0,        1340,      -5.263462809,      -4.034355436,      -4.240380574,      -3.213344655,      -8.188609665
          0,           0,        1341,      -5.270193753,      -4.032399241,      -4.237778421,      -3.219925581,      -8.186894231
          0,           0,        1342,      -5.276966579,      -4.030392407,      -4.235442512,      -3.226561859,      -8.185182652
          0,           0,        1343,      -5.283710947,      -4.028361166,      -4.233390124,      -3.233185494,       -8.18346114
          0,           0,        1344,      -5.290350879,      -4.026330774,      -4.231636298,      -3.239722827,       -8.18173768
          0,           0,        1345,      -5.296805559,      -4.024325258,      -4.230193968,      -3.246095243,      -8.180014645
          0,           0,        1346,      -5.302990543,      -4.022367225,      -4.229074075,      -3.252220263,      -8.178288528
          0,           0,        1347,      -5.308819419,      -4.020477704,      -4.228285682,      -3.258013066,      -8.176559019
          0,           0,        1348,      -5.314205916,      -4.018676037,      -4.227836065,      -3.263388455,      -8.174826141
          0,           0,        1349,      -5.319066432,      -4.016979801,      -4.227730801,      -3.268263226,      -8.173090036
          0,           0,        1350,      -5.323322866,      -4.015404751,      -4.227973836,      -3.272558885,      -8.171350994
          0,           0,        1351,      -5.326905623,      -4.013964801,      -4.228567536,      -3.276204546,      -8.169609245
          0,           0,        1352,      -5.329756576,      -4.012672011,      -4.229512722,      -3.279139853,      -8.167865182
          0,           0,        1353,      -5.331831737,      -4.011536598,      -4.230808687,       -3.28131768,      -8.166119281
          0,           0,        1354,      -5.333103414,      -4.010566951,      -4.232453196,      -3.282706381,      -8.164372082
          0,           0,        1355,      -5.333561625,      -4.009769656,      -4.234442468,      -3.283291378,      -8.162624204
          0,           0,        1356,      -5.333214629,      -4.009149532,      -4.236771144,      -3.283075907,      -8.160876335
          0,           0,        1357,       -5.33208851,      -4.008709654,      -4.239432233,      -3.282080868,      -8.159129168
          0,           0,        1358,      -5.330225873,      -4.008451399,      -4.242417046,      -3.280343778,      -8.157383741
          0,           0,        1359,      -5.327683766,       -4.00837447,      -4.245715116,      -3.277916935,      -8.155640718
          0,           0,        1360,      -5.324531061,      -4.008476939,      -4.249314105,      -3.274864995,      -8.153903994
          0,           0,        1361,      -5.320845517,       -4.00875528,      -4.253199703,      -3.271262165,      -8.152164971
          0,           0,        1362,      -5.316710767,      -4.009204402,      -4.257355514,      -3.267189273,      -8.150431082
          0,           0,        1363,      -5.312213455,       -4.00981769,      -4.261762949,      -3.262730907,      -8.148688384
          0,           0,        1364,      -5.307440664,      -4.010587043,       -4.26640111,       -3.25797281,      -8.146952724
          0,           0,        1365,      -5.302477752,      -4.011502921,      -4.271246695,      -3.252999638,      -8.145221865
          0,           0,        1366,      -5.297406633,      -4.012554393,      -4.276273912,      -3.247893145,       -8.14349669
          0,           0,        1367,      -5.292304515,      -4.013729199,      -4.281454419,      -3.242730815,      -8.141780778
          0,           0,        1368,      -5.287243046,      -4.015013816,      -4.286757301,      -3.237584902,      -8.140043754
          0,           0,        1369,      -5.282287828,       -4.01639355,      -4.292149105,      -3.232521845,      -8.138326021
          0,           0,        1370,      -5.277498225,      -4.017852622,      -4.297593917,      -3.227601992,      -8.136615776
          0,           0,        1371,      -5.272927399,      -4.019374298,      -4.303053535,      -3.222879568,      -8.134913974
          0,           0,        1372,      -5.268622518,      -4.020941015,      -4.308487717,       -3.21840282,      -8.133220671
          0,           0,        1373,      -5.264625076,      -4.022534542,      -4.313854537,      -3.214214303,      -8.131536654
          0,           0,        1374,       -5.26097128,       -4.02413616,      -4.319110843,      -3.210351232,      -8.129874017
          0,           0,        1375,      -5.257692475,      -4.025726863,      -4.324212833,      -3.206845887,      -8.128208341
          0,           0,        1376,      -5.254815575,      -4.027287579,      -4.329116747,      -3.203726035,      -8.126535457
          0,           0,        1377,      -5.252363472,      -4.028799415,       -4.33377965,      -3.201015334,      -8.124865805
          0,           0,        1378,      -5.250355428,      -4.030243912,      -4.338160314,      -3.198733725,      -8.123198584
          0,           0,        1379,      -5.248807424,      -4.031603322,      -4.342220147,      -3.196897789,      -8.121546243
          0,           0,        1380,      -5.247732467,      -4.032860877,      -4.345924153,      -3.195521058,      -8.119902889
          0,           0,        1381,      -5.247140848,      -4.034001074,      -4.349241859,      -3.194614288,      -8.118267822
          0,           0,        1382,      -5.247040354,      -4.035009936,      -4.352148178,      -3.194185683,      -8.116640809
          0,           0,        1383,      -5.247436426,      -4.035875274,       -4.35462415,      -3.194241074,      -8.115021525
          0,           0,        1384,      -5.248332272,      -4.036586911,       -4.35665752,      -3.194784041,        -8.1134096
          0,           0,        1385,      -5.249728924,      -4.037136881,      -4.358243103,      -3.195816002,      -8.111804646
          0,           0,        1386,      -5.251625247,       -4.03751959,      -4.359382931,      -3.197336239,      -8.110206351
          0,           0,        1387,      -5.254017896,      -4.037731928,      -4.360086154,      -3.199341885,      -8.108614268
          0,           0,        1388,       -5.25690122,      -4.037773333,      -4.360368709,      -3.201827857,      -8.107028447
          0,           0,        1389,      -5.260267115,      -4.037645802,      -4.360252779,      -3.204786748,      -8.105449123
          0,           0,        1390,      -5.264104822,      -4.037353853,      -4.359766071,      -3.208208661,      -8.103877867
          0,           0,        1391,      -5.268400669,       -4.03690443,      -4.358940968,      -3.212081002,      -8.102316655
          0,           0,        1392,      -5.273137763,      -4.036306768,      -4.357813594,       -3.21638822,      -8.100750353
          0,           0,        1393,      -5.278295625,       -4.03557221,      -4.356422843,      -3.221111501,      -8.099186835
          0,           0,        1394,      -5.283849782,      -4.034713997,      -4.354809416,      -3.226228423,      -8.097626691
          0,           0,        1395,      -5.289771307,      -4.033747018,      -4.353014917,      -3.231712568,      -8.096069525
          0,           0,        1396,      -5.296026338,      -4.032687556,      -4.351081014,      -3.237533106,      -8.094514112
          0,           0,        1397,      -5.302575569,      -4.031553017,      -4.349048706,      -3.243654366,      -8.092960626
          0,           0,        1398,      -5.309373766,       -4.03036165,      -4.346957697,      -3.250035408,      -8.091409137
          0,           0,        1399,      -5.316369305,      -4.029132284,      -4.344845886,       -3.25662963,      -8.089859372
          0,           0,        1400,       -5.32350381,      -4.027884064,      -4.342748956,      -3.263384433,       -8.08831062
          0,           0,        1401,       -5.33071193,      -4.026636211,      -4.340700074,      -3.270241001,      -8.086756404
          0,           0,        1402,      -5.337921315,      -4.025407793,      -4.338729675,      -3.277134246,      -8.085202486
          0,           0,        1403,      -5.345052883,      -4.024217526,      -4.336865327,      -3.283992967,      -8.083653202
          0,           0,        1404,      -5.352021456,      -4.023083591,      -4.335131652,      -3.290740314,      -8.082106611
          0,           0,        1405,      -5.358736828,      -4.022023476,      -4.333550302,      -3.297294595,      -8.080570457
          0,           0,        1406,      -5.365105351,      -4.021053844,      -4.332139971,      -3.303570513,      -8.079008957
          0,           0,        1407,      -5.371032058,      -4.020190415,      -4.330916436,      -3.309480836,      -8.077456283
          0,           0,        1408,      -5.376423301,      -4.019447876,      -4.329892609,       -3.31493854,      -8.075905629
          0,           0,        1409,      -5.381189855,      -4.018839805,      -4.329078606,       -3.31985935,      -8.074358238
          0,           0,        1410,      -5.385250307,      -4.018378608,      -4.328481817,      -3.324164604,      -8.072825385
          0,           0,        1411,      -5.388534537,      -4.018075472,      -4.328106971,       -3.32778428,      -8.071283363
          0,           0,        1412,      -5.390986995,      -4.017940329,      -4.327956207,      -3.330659962,       -8.06972447
          0,           0,        1413,      -5.392569486,      -4.017981828,      -4.328029124,       -3.33274753,      -8.068173534
          0,           0,        1414,      -5.393263187,      -4.018207311,      -4.328322843,      -3.334019305,      -8.066608539
          0,           0,        1415,      -5.393069657,      -4.018622797,      -4.328832045,      -3.334465451,      -8.065037222
          0,           0,        1416,      -5.392010745,      -4.019232969,      -4.329549014,      -3.334094481,      -8.063464845
          0,           0,        1417,      -5.390127401,      -4.020041159,      -4.330463679,      -3.332932812,      -8.061906731
          0,           0,        1418,       -5.38747752,      -4.021049341,      -4.331563645,      -3.331023421,      -8.060354493
          0,           0,        1419,      -5.384133055,       -4.02225811,      -4.332834246,      -3.328423743,      -8.058807492
          0,           0,        1420,       -5.38017669,      -4.023666682,      -4.334258587,      -3.325203016,      -8.057265959
          0,           0,        1421,      -5.375698357,       -4.02527287,      -4.335817623,      -3.321439319,      -8.055730265
          0,           0,        1422,      -5.370791885,      -4.027073076,      -4.337490238,      -3.317216554,      -8.054200848
          0,           0,        1423,      -5.365551973,      -4.029062277,      -4.339253364,      -3.312621568,       -8.05267805
          0,           0,        1424,      -5.360071638,      -4.031234011,      -4.341082135,      -3.307741587,      -8.051162357
          0,           0,        1425,      -5.354440181,      -4.033580366,       -4.34295007,      -3.302662055,      -8.049654292
          0,           0,        1426,      -5.348741705,      -4.036091974,      -4.344829315,      -3.297464934,      -8.048154176
          0,           0,        1427,      -5.343054124,      -4.038758009,      -4.346690925,      -3.292227447,       -8.04666242
          0,           0,        1428,      -5.337448601,      -4.041566191,      -4.348505209,       -3.28702125,       -8.04517949
          0,           0,        1429,      -5.331989347,      -4.044502806,       -4.35024212,      -3.281911953,      -8.043705366
          0,           0,        1430,      -5.326733682,      -4.047552732,      -4.351871707,       -3.27695895,      -8.042240502
          0,           0,        1431,      -5.321732301,      -4.050699488,      -4.353364602,      -3.272215465,      -8.040785347
          0,           0,        1432,      -5.317029667,      -4.053925298,      -4.354692551,      -3.267728778,      -8.039340202
          0,           0,        1433,      -5.312664483,      -4.057211181,      -4.355828967,      -3.263540556,      -8.037905195
          0,           0,        1434,      -5.308670202,      -4.060537063,      -4.356749489,      -3.259687255,      -8.036480521
          0,           0,        1435,      -5.305075539,      -4.063881927,      -4.357432527,      -3.256200556,      -8.035066491
          0,           0,        1436,      -5.301904974,      -4.067223982,      -4.357859769,      -3.253107806,      -8.033663225
          0,           0,        1437,      -5.299179212,      -4.070540876,      -4.358016639,      -3.250432449,      -8.032270769
          0,           0,        1438,      -5.296915609,      -4.073809934,      -4.357892667,      -3.248194425,      -8.030889072
          0,           0,        1439,      -5.295128549,      -4.077008429,      -4.357481766,       -3.24641054,      -8.029518253
          0,           0,        1440,       -5.29382977,      -4.080113892,      -4.356782396,      -3.245094789,      -8.028155738
          0,           0,        1441,      -5.293028634,      -4.083104429,      -4.355797611,      -3.244258634,      -8.026803276
          0,           0,        1442,      -5.292732361,      -4.085959072,      -4.354534982,      -3.243911243,      -8.025461368
          0,           0,        1443,      -5.292946191,      -4.088658133,      -4.353006401,      -3.244059671,      -8.024129765
          0,           0,        1444,      -5.293673519,      -4.091183557,      -4.351227783,      -3.244709008,      -8.022808297
          0,           0,        1445,      -5.294915964,      -4.093519265,      -4.349218668,      -3.245862464,      -8.021496487
          0,           0,        1446,        -5.2966734,      -4.095651477,      -4.347001766,      -3.247521422,      -8.020194205
          0,           0,        1447,      -5.298943938,      -4.097568992,      -4.344602436,      -3.249685436,      -8.018901164
          0,           0,        1448,      -5.301723856,      -4.099263431,      -4.342048153,      -3.252352183,      -8.017617019
          0,           0,        1449,      -5.305007483,      -4.100729414,      -4.339367962,      -3.255517365,      -8.016341407
          0,           0,        1450,       -5.30878703,      -4.101964673,      -4.336591947,      -3.259174564,      -8.015074082
          0,           0,        1451,       -5.31305237,      -4.102970106,      -4.333750731,      -3.263315042,      -8.013815211
          0,           0,        1452,      -5.317790769,      -4.103749738,      -4.330875019,      -3.267927488,      -8.012573792
          0,           0,        1453,      -5.322986547,       -4.10431063,      -4.327995189,      -3.272997713,      -8.011308805
          0,           0,        1454,      -5.328620702,      -4.104662712,      -4.325140941,       -3.27850828,      -8.010061557
          0,           0,        1455,      -5.334670467,      -4.104818554,      -4.322341003,      -3.284438088,      -8.008822601
          0,           0,        1456,      -5.341108818,      -4.104793093,      -4.319622891,      -3.290761898,        -8.0075923
          0,           0,        1457,      -5.347903945,      -4.104603315,      -4.317012721,      -3.297449812,      -8.006368429
          0,           0,        1458,      -5.355018683,      -4.104267917,      -4.314535075,      -3.304466719,      -8.005146251
          0,           0,        1459,      -5.362409943,      -4.103806944,      -4.312212903,       -3.31177172,      -8.003939453
          0,           0,        1460,      -5.370028151,       -4.10324143,      -4.310067461,      -3.319317559,      -8.002746005
          0,           0,        1461,      -5.377816757,      -4.102593046,      -4.308118288,      -3.327050102,      -8.001491583
          0,           0,        1462,      -5.385711844,      -4.101883755,      -4.306383192,       -3.33490791,      -8.000248826
          0,           0,        1463,      -5.393641933,      -4.101135502,       -4.30487827,      -3.342821961,      -7.999019047
          0,           0,        1464,      -5.401528028,      -4.100369919,      -4.303617926,      -3.350715615,      -7.997794435
          0,           0,        1465,       -5.40928403,      -4.099608069,      -4.302614913,      -3.358504895,      -7.996574342
          0,           0,        1466,      -5.416817583,      -4.098870223,      -4.301880364,      -3.366099181,       -7.99535795
          0,           0,        1467,      -5.424031455,      -4.098175662,      -4.301423836,       -3.37340242,       -7.99414638
          0,           0,        1468,      -5.430825507,      -4.097542515,      -4.301253345,      -3.380314908,      -7.992942288
          0,           0,        1469,      -5.437099281,      -4.096987627,      -4.301375398,      -3.386735686,       -7.99175623
          0,           0,        1470,      -5.442755143,      -4.096526454,      -4.301795022,      -3.392565533,      -7.990557018
          0,           0,        1471,      -5.447701884,      -4.096172975,      -4.302515781,      -3.397710459,      -7.989355575
          0,           0,        1472,      -5.451858551,      -4.095939637,      -4.303539788,      -3.402085509,       -7.98815603
          0,           0,        1473,      -5.455158228,      -4.095837301,      -4.304867701,      -3.405618618,      -7.986954341
          0,           0,        1474,      -5.457551433,      -4.095875217,      -4.306498714,      -3.408254193,       -7.98573323
          0,           0,        1475,      -5.459008785,      -4.096061002,      -4.308430536,      -3.409956067,         -7.984536
          0,           0,        1476,      -5.459522654,      -4.096400624,      -4.310659356,       -3.41070951,      -7.983349673
          0,           0,        1477,      -5.459107596,      -4.096898402,        -4.3131798,      -3.410522069,      -7.982170874
          0,           0,        1478,       -5.45779953,      -4.097557007,      -4.315984881,      -3.409423142,      -7.980998795
          0,           0,        1479,      -5.455653746,       -4.09837746,      -4.319065932,      -3.407462322,      -7.979833323
          0,           0,        1480,      -5.452741973,      -4.099359144,      -4.322412542,      -3.404706716,      -7.978674595
          0,           0,        1481,      -5.449148832,       -4.10049981,      -4.326012476,      -3.401237539,      -7.977522866
          0,           0,        1482,      -5.444967999,      -4.101795594,      -4.329851601,      -3.397146302,      -7.976378326
          0,           0,        1483,       -5.44029842,      -4.103241024,      -4.333913807,       -3.39253096,      -7.975240942
          0,           0,        1484,       -5.43524084,      -4.104829049,      -4.338180937,      -3.387492299,      -7.974110266
          0,           0,        1485,      -5.429894811,      -4.106551058,      -4.342632727,      -3.382130761,      -7.972986474
          0,           0,        1486,      -5.424356306,      -4.108396915,      -4.347246759,      -3.376543855,      -7.971870052
          0,           0,        1487,      -5.418715933,         -4.110355,      -4.351998443,      -3.370824171,       -7.97076154
          0,           0,        1488,      -5.413057726,      -4.112412264,      -4.356861028,      -3.365057994,      -7.969661469
          0,           0,        1489,      -5.407458447,      -4.114554294,      -4.361805652,      -3.359324456,      -7.968569986
          0,           0,        1490,      -5.401987293,      -4.116765402,       -4.36680144,      -3.353695127,      -7.967487372
          0,           0,        1491,      -5.396705935,      -4.119028727,      -4.371815677,       -3.34823396,      -7.966414105
          0,           0,        1492,      -5.391668783,      -4.121326359,      -4.376814029,      -3.342997497,      -7.965364507
          0,           0,        1493,      -5.386923411,      -4.123639493,      -4.381760851,      -3.338035259,       -7.96427698
          0,           0,        1494,      -5.382511076,      -4.125948605,      -4.386619575,      -3.333390242,      -7.963205688
          0,           0,        1495,      -5.378467282,      -4.128233653,      -4.391353179,      -3.329099474,      -7.962141852
          0,           0,        1496,      -5.374822351,      -4.130474307,      -4.395924739,      -3.325194592,       -7.96108736
          0,           0,        1497,       -5.37160198,      -4.132650205,      -4.400298057,      -3.321702405,      -7.960042287
          0,           0,        1498,      -5.368827756,      -4.134741227,      -4.404438337,       -3.31864543,       -7.95900717
          0,           0,        1499,       -5.36651763,      -4.136727791,      -4.408312922,      -3.316042377,      -7.957983191
          0,           0,        1500,      -5.364686334,      -4.138591164,      -4.411892025,      -3.313908589,      -7.956972571
          0,           0,        1501,      -5.363345751,      -4.140313775,      -4.415149454,      -3.312256422,      -7.955975346
          0,           0,        1502,      -5.362505211,      -4.141879524,       -4.41806329,      -3.311095575,       -7.95497791
          0,           0,        1503,      -5.362171753,      -4.143274086,      -4.420616471,      -3.310433356,       -7.95396983
          0,           0,        1504,      -5.362350314,      -4.144485188,      -4.422797267,      -3.310274897,      -7.952995954
          0,           0,        1505,      -5.363043876,      -4.145502856,      -4.424599604,      -3.310623316,       -7.95200862
          0,           0,        1506,      -5.364253555,      -4.146319621,      -4.426023234,       -3.31147983,       -7.95100509
          0,           0,        1507,      -5.365978646,      -4.146930684,      -4.427073714,      -3.312843811,      -7.950024897
          0,           0,        1508,      -5.368216607,      -4.147334008,      -4.427762223,      -3.314712802,      -7.949053845
          0,           0,        1509,      -5.370963009,      -4.147530372,      -4.428105211,      -3.317082476,      -7.948090897
          0,           0,        1510,      -5.374211418,      -4.147523351,      -4.428123905,      -3.319946555,      -7.947135541
          0,           0,        1511,       -5.37795324,      -4.147319239,      -4.427843698,      -3.323296675,      -7.946185505
          0,           0,        1512,      -5.382177502,      -4.146926913,      -4.427293455,      -3.327122203,      -7.945239564
          0,           0,        1513,      -5.386870593,      -4.146357654,      -4.426504777,      -3.331410009,      -7.944299906
          0,           0,        1514,      -5.392015936,      -4.145624915,      -4.425511243,      -3.336144183,      -7.943365469
          0,           0,        1515,       -5.39759362,      -4.144744057,      -4.424347673,      -3.341305711,       -7.94243183
          0,           0,        1516,       -5.40357997,      -4.143732065,      -4.423049424,      -3.346872098,      -7.941502851
          0,           0,        1517,      -5.409947079,      -4.142607242,      -4.421651756,      -3.352816953,      -7.940590299
          0,           0,        1518,      -5.416662294,      -4.141388902,      -4.420189268,      -3.359109544,      -7.939685512
          0,           0,        1519,      -5.423687686,      -4.140097067,      -4.418695404,      -3.365714324,      -7.938775219
          0,           0,        1520,      -5.430979509,      -4.138752168,      -4.417202056,      -3.372590462,      -7.937870079
          0,           0,        1521,      -5.438487693,      -4.137374772,      -4.415739238,      -3.379691391,      -7.936967235
          0,           0,        1522,      -5.446155402,      -4.135985326,      -4.414334832,      -3.386964417,      -7.936076077
          0,           0,        1523,      -5.453918706,      -4.134603925,      -4.413014403,      -3.394350425,      -7.935158394
          0,           0,        1524,      -5.461706453,      -4.133250111,      -4.411801073,      -3.401783746,      -7.934243012
          0,           0,        1525,      -5.469440392,      -4.131942693,      -4.410715441,       -3.40919224,      -7.933339168
          0,           0,        1526,      -5.477035646,      -4.130699602,      -4.409775537,      -3.416497675,      -7.932442138
          0,           0,        1527,      -5.484401627,      -4.129537766,      -4.408996813,      -3.423616472,      -7.931550344
          0,           0,        1528,      -5.491443451,      -4.128473009,      -4.408392151,      -3.430460873,      -7.930663335
          0,           0,        1529,      -5.498063914,      -4.127519972,      -4.407971886,      -3.436940601,      -7.929781093
          0,           0,        1530,      -5.504166044,      -4.126692055,      -4.407743844,      -3.442965004,      -7.928904446
