"Time_Iter","Outer_Iter","Inner_Iter",    "rms[Rho]"    ,    "rms[RhoU]"   ,    "rms[RhoV]"   ,    "rms[RhoE]"   ,    "RefForce"    ,       "CD"       ,       "CL"       ,       "CSF"      ,       "CMx"      ,       "CMy"      ,       "CMz"      ,       "CFx"      ,       "CFy"      ,       "CFz"      ,      "CEff"      
          0,           0,           0,      -3.526194858,      -3.660245355,      -4.083272722,      -2.929817714,             0.448,      0.2911171558,      0.1159695482,                 0,                 0,                 0,       0.017701333,      0.2885180155,      0.1222926378,                 0,      0.3983604052
          0,           0,           1,      -3.794840574,      -3.666144907,      -3.696556706,      -3.183970675,             0.448,      0.1118661767,      0.0136766875,                 0,                 0,                 0,    -0.01014862915,      0.1115412002,      0.0161137806,                 0,       0.122259363
          0,           0,           2,      -3.725162631,      -3.636594063,      -3.655816716,      -3.126675532,             0.448,     0.08513810312,     0.02897196175,                 0,                 0,                 0,     -0.0137046332,     0.08448582254,     0.03082234514,                 0,      0.3402937192
          0,           0,           3,      -3.672319486,      -3.687764965,       -3.65790011,      -3.080428252,             0.448,      0.0996002975,     0.05584305865,                 0,                 0,                 0,    -0.01101302204,     0.09835838542,     0.05800253855,                 0,      0.5606716049
          0,           0,           4,      -3.616004041,      -3.643127028,      -3.624697024,      -3.027127031,             0.448,     0.07608688607,     0.04672263021,                 0,                 0,                 0,    -0.01687484845,     0.07504953065,     0.04837133817,                 0,      0.6140694228
          0,           0,           5,      -3.609365653,      -3.613811409,       -3.61373163,      -3.024484791,             0.448,     0.06303004568,      0.0393983396,                 0,                 0,                 0,    -0.02350278271,     0.06215557598,     0.04076395706,                 0,      0.6250723632
          0,           0,           6,      -3.608305616,      -3.740822908,      -3.649995479,      -3.030500432,             0.448,     0.05907843073,     0.03364015517,                 0,                 0,                 0,    -0.02824920051,     0.05833051555,      0.0349209389,                 0,      0.5694151783
          0,           0,           7,      -3.611201223,      -3.730642793,       -3.64261999,      -3.035380939,             0.448,     0.05426687113,     0.02659567964,                 0,                 0,                 0,    -0.03174378262,     0.05367377539,     0.02777317614,                 0,      0.4900905302
          0,           0,           8,      -3.592175392,      -3.646206231,       -3.65838874,      -3.014759437,             0.448,     0.04872231056,     0.02074522919,                 0,                 0,                 0,    -0.03384478581,     0.04825816118,     0.02180316399,                 0,      0.4257850039
          0,           0,           9,      -3.608342295,      -3.682923961,      -3.664097555,      -3.034298949,             0.448,     0.04434625757,      0.0154733591,                 0,                 0,                 0,    -0.03493691974,     0.04399815481,     0.01643708537,                 0,      0.3489214185
          0,           0,          10,      -3.617348753,      -3.741473225,      -3.692789191,      -3.047448682,             0.448,       0.041213778,      0.0102789067,                 0,                 0,                 0,    -0.03555284871,     0.04097973707,     0.01117553443,                 0,      0.2494046214
          0,           0,          11,      -3.625358905,       -3.76716081,      -3.717595057,      -3.057911093,             0.448,     0.03819834097,    0.005412947107,                 0,                 0,                 0,    -0.03579178702,     0.03807116798,    0.006244951389,                 0,      0.1417063404
          0,           0,          12,      -3.630686098,      -3.775683181,      -3.728803815,      -3.063610357,             0.448,     0.03491334187,   0.0004276006381,                 0,                 0,                 0,    -0.03605136084,     0.03489570539,     0.00118912942,                 0,     0.01224748521
          0,           0,          13,       -3.63360159,      -3.781218641,      -3.739446285,      -3.064877859,             0.448,     0.03167094776,   -0.004825102296,                 0,                 0,                 0,    -0.03657944755,     0.03176866999,   -0.004133055968,                 0,     -0.1523510547
          0,           0,          14,      -3.643234027,      -3.794711101,      -3.752102754,      -3.072341709,             0.448,     0.02860830699,   -0.009976268282,                 0,                 0,                 0,    -0.03721921457,     0.02881913013,   -0.009349807272,                 0,     -0.3487192823
          0,           0,          15,      -3.655988955,      -3.814007384,      -3.770393749,      -3.083432913,             0.448,     0.02563159046,    -0.01478419803,                 0,                 0,                 0,    -0.03778906306,     0.02594800641,    -0.01422152959,                 0,     -0.5767959681
          0,           0,          16,      -3.668709558,      -3.830866301,      -3.793569379,      -3.095955239,             0.448,     0.02262650837,    -0.01927882908,                 0,                 0,                 0,     -0.0382511449,     0.02304168932,    -0.01878064656,                 0,     -0.8520461382
          0,           0,          17,      -3.681866248,       -3.84038199,      -3.817353498,       -3.11047567,             0.448,     0.01950623224,    -0.02362246333,                 0,                 0,                 0,    -0.03866415798,     0.02001691161,    -0.02319131561,                 0,      -1.211021331
          0,           0,          18,      -3.696346962,      -3.843306223,      -3.841385719,      -3.126981926,             0.448,     0.01623998107,     -0.0281154275,                 0,                 0,                 0,    -0.03915319334,     0.01684945121,    -0.02775446347,                 0,      -1.731247554
          0,           0,          19,      -3.714194699,      -3.845306079,      -3.868396375,      -3.146578205,             0.448,     0.01292443452,    -0.03278570814,                 0,                 0,                 0,    -0.03969816969,     0.01363657531,    -0.03249596098,                 0,      -2.536722832
          0,           0,          20,      -3.736237979,      -3.852144821,      -3.899901396,      -3.169692035,             0.448,    0.009701843877,    -0.03751239103,                 0,                 0,                 0,    -0.04022589928,      0.0105178636,    -0.03729181948,                 0,      -3.866521818
          0,           0,          21,      -3.760183681,      -3.865748104,      -3.934615415,      -3.194099934,             0.448,      0.0067787612,    -0.04178680231,                 0,                 0,                 0,    -0.04050233171,    0.007688722327,    -0.04162898028,                 0,      -6.164371494
          0,           0,          22,      -3.782031801,      -3.884500712,      -3.969199808,      -3.216024699,             0.448,     0.00431192721,    -0.04504641922,                 0,                 0,                 0,      -0.040394328,    0.005293583544,     -0.0449416352,                 0,      -10.44693406
          0,           0,          23,      -3.801159842,      -3.904900491,      -4.000574561,      -3.235132003,             0.448,    0.002270483488,    -0.04779799072,                 0,                 0,                 0,     -0.0402182338,    0.003312650846,    -0.04773708576,                 0,      -21.05189973
          0,           0,          24,      -3.819878129,      -3.923646981,      -4.027359268,      -3.253721243,             0.448,   0.0007477591191,    -0.04959361381,                 0,                 0,                 0,    -0.03978712879,    0.001829460156,    -0.04956549959,                 0,      -66.32298094
          0,           0,          25,      -3.838825699,      -3.940111057,      -4.050663763,      -3.272332427,             0.448,  -0.0002084422115,    -0.05009223394,                 0,                 0,                 0,    -0.03902265105,   0.0008843637166,    -0.05008486049,                 0,       240.3171295
          0,           0,          26,       -3.85833281,      -3.956805364,       -4.07296374,      -3.291440038,             0.448,  -0.0006564082947,    -0.04984238433,                 0,                 0,                 0,    -0.03821302679,   0.0004310537968,    -0.04984484267,                 0,       75.93198431
          0,           0,          27,      -3.880304964,      -3.976518349,       -4.09651263,      -3.313234268,             0.448,  -0.0005465754665,    -0.04870388596,                 0,                 0,                 0,    -0.03730268044,   0.0005160242767,    -0.04870421924,                 0,       89.10734007
          0,           0,          28,      -3.906422053,      -4.000455341,      -4.124081938,      -3.339562208,             0.448,   3.118649944e-05,    -0.04717508309,                 0,                 0,                 0,     -0.0365001119,    0.001060298092,    -0.04716317637,                 0,      -1512.676445
          0,           0,          29,      -3.935579963,      -4.029518056,      -4.157573755,      -3.369230644,             0.448,    0.001017047113,    -0.04520358614,                 0,                 0,                 0,     -0.0357642079,    0.002002916118,    -0.04517064214,                 0,      -44.44591165
          0,           0,          30,      -3.965352831,      -4.064641219,      -4.196513501,      -3.399966848,             0.448,    0.002307419684,    -0.04283232904,                 0,                 0,                 0,    -0.03508955169,    0.003241252915,    -0.04277180002,                 0,      -18.56286888
          0,           0,          31,      -3.995046418,       -4.10626075,      -4.239005358,      -3.431281895,             0.448,    0.003721869238,    -0.04065884655,                 0,                 0,                 0,    -0.03468877255,    0.004607951596,    -0.04056797869,                 0,      -10.92430818
          0,           0,          32,      -4.026870115,      -4.153341658,      -4.282048752,      -3.465162667,             0.448,    0.005179713681,    -0.03870725276,                 0,                 0,                 0,    -0.03453883517,    0.006022875318,    -0.03858504662,                 0,      -7.472855672
          0,           0,          33,      -4.062152016,      -4.203702983,      -4.322439301,      -3.502410474,             0.448,    0.006594447588,    -0.03710945206,                 0,                 0,                 0,    -0.03466538061,    0.007402416719,     -0.0369567639,                 0,      -5.627378421
          0,           0,          34,      -4.101511535,      -4.254865025,      -4.358086772,      -3.542854543,             0.448,    0.007899666881,    -0.03596453515,                 0,                 0,                 0,    -0.03506116466,    0.008682349174,    -0.03578364624,                 0,      -4.552664776
          0,           0,          35,      -4.143664351,      -4.304504707,      -4.388773249,      -3.584770643,             0.448,    0.009109761459,    -0.03490085729,                 0,                 0,                 0,    -0.03551913773,    0.009868951772,    -0.03469382343,                 0,      -3.831149415
          0,           0,          36,      -4.185276731,      -4.351239811,      -4.416511343,      -3.625118047,             0.448,     0.01017539991,    -0.03393868284,                 0,                 0,                 0,     -0.0360224042,      0.0109133469,    -0.03370863117,                 0,      -3.335365995
          0,           0,          37,      -4.223998585,      -4.394941145,      -4.444438428,      -3.662320888,             0.448,     0.01103439005,    -0.03329499074,                 0,                 0,                 0,    -0.03662534635,     0.01175809056,    -0.03304635348,                 0,      -3.017383888
          0,           0,          38,      -4.258979855,      -4.436638669,      -4.475346113,      -3.696122148,             0.448,     0.01166933338,    -0.03299432034,                 0,                 0,                 0,    -0.03729269966,      0.0123863237,    -0.03273190342,                 0,      -2.827438317
          0,           0,          39,      -4.290319377,      -4.477496768,      -4.510862572,      -3.726959878,             0.448,     0.01208187976,    -0.03299376359,                 0,                 0,                 0,     -0.0379769981,     0.01279875976,    -0.03272234715,                 0,      -2.730846876
          0,           0,          40,      -4.318324684,      -4.518143429,      -4.550833756,      -3.755206801,             0.448,     0.01227728489,    -0.03329339672,                 0,                 0,                 0,    -0.03865390783,     0.01300065485,    -0.03301764623,                 0,      -2.711788236
          0,           0,          41,      -4.343228241,      -4.558693995,      -4.593260756,      -3.781030796,             0.448,     0.01227999166,    -0.03383576377,                 0,                 0,                 0,     -0.0392793008,     0.01301519265,    -0.03355982516,                 0,      -2.755357227
          0,           0,          42,      -4.365168817,      -4.598776589,      -4.634899779,      -3.804374228,             0.448,     0.01212284532,    -0.03454461087,                 0,                 0,                 0,    -0.03981813245,     0.01287354712,    -0.03427193171,                 0,      -2.849546453
          0,           0,          43,      -4.384485525,      -4.637831554,      -4.672650698,      -3.825297623,             0.448,     0.01184148404,    -0.03535026038,                 0,                 0,                 0,    -0.04024785817,     0.01260982795,    -0.03508352737,                 0,      -2.985289704
          0,           0,          44,      -4.401583646,      -4.675149235,      -4.705019548,       -3.84389243,             0.448,     0.01146632858,    -0.03622713213,                 0,                 0,                 0,     -0.0405676823,     0.01225389063,    -0.03596837442,                 0,      -3.159436071
          0,           0,          45,      -4.417052577,      -4.710052865,      -4.732607112,      -3.860505823,             0.448,     0.01103423221,    -0.03709898011,                 0,                 0,                 0,    -0.04076570764,     0.01184091634,    -0.03684944105,                 0,      -3.362171415
          0,           0,          46,      -4.431652418,      -4.742114894,      -4.757531515,      -3.875818441,             0.448,     0.01057662869,    -0.03791255958,                 0,                 0,                 0,    -0.04084232484,     0.01140116987,    -0.03767280947,                 0,      -3.584559947
          0,           0,          47,      -4.446214504,      -4.772591232,      -4.781532509,      -3.890710037,             0.448,     0.01011662653,    -0.03866666572,                 0,                 0,                 0,    -0.04081554411,     0.01095772791,    -0.03843677105,                 0,      -3.822090854
          0,           0,          48,       -4.46095074,      -4.804348476,      -4.805761315,      -3.905430564,             0.448,    0.009678232594,    -0.03935843985,                 0,                 0,                 0,    -0.04070510032,     0.01053452928,    -0.03913794408,                 0,      -4.066697041
          0,           0,          49,      -4.475294717,      -4.836728573,      -4.830767397,      -3.919513583,             0.448,    0.009286193863,    -0.03997108388,                 0,                 0,                 0,    -0.04052555069,      0.0101559486,    -0.03975899459,                 0,      -4.304355957
          0,           0,          50,       -4.49057487,      -4.867510739,      -4.856171671,      -3.934516526,             0.448,     0.00896095626,     -0.0404660315,                 0,                 0,                 0,     -0.0402860111,     0.00984158562,    -0.04026091944,                 0,      -4.515816205
          0,           0,          51,      -4.507034846,      -4.894633205,      -4.881216091,      -3.950790193,             0.448,    0.008716889307,    -0.04079156076,                 0,                 0,                 0,    -0.03999440928,    0.009604678132,    -0.04059169553,                 0,      -4.679600637
          0,           0,          52,      -4.524280207,      -4.917490259,      -4.904652761,      -3.968025322,             0.448,    0.008546020639,    -0.04104156779,                 0,                 0,                 0,    -0.03970581704,       0.009439304,    -0.04084537055,                 0,       -4.80241852
          0,           0,          53,      -4.544036951,      -4.938641867,      -4.926046136,      -3.987807705,             0.448,    0.008450512301,    -0.04121545153,                 0,                 0,                 0,    -0.03942824315,    0.009347611644,    -0.04102129642,                 0,      -4.877272533
          0,           0,          54,      -4.566850126,      -4.960382094,      -4.946268056,      -4.010622637,             0.448,    0.008421786446,     -0.0413444834,                 0,                 0,                 0,    -0.03918262541,    0.009321707441,    -0.04115092423,                 0,      -4.909229612
          0,           0,          55,      -4.592309541,      -4.983647346,      -4.966253448,      -4.035992154,             0.448,    0.008443719636,    -0.04147688518,                 0,                 0,                 0,    -0.03898886321,    0.009346523741,    -0.04128281603,                 0,      -4.912158026
          0,           0,          56,      -4.619828865,      -5.009743289,      -4.987839577,      -4.063456035,             0.448,    0.008505730357,     -0.0416203306,                 0,                 0,                 0,    -0.03884910036,    0.009411648951,    -0.04142487456,                 0,      -4.893210677
          0,           0,          57,      -4.647521866,       -5.03740971,      -5.011575767,      -4.091230096,             0.448,     0.00859968811,    -0.04175727282,                 0,                 0,                 0,    -0.03875399467,    0.009508571724,    -0.04155973452,                 0,      -4.855672937
          0,           0,          58,      -4.673511611,      -5.065494498,      -5.037796033,      -4.117519657,             0.448,    0.008712867605,    -0.04190585956,                 0,                 0,                 0,    -0.03870475866,    0.009624965687,     -0.0417058169,                 0,      -4.809651823
          0,           0,          59,      -4.696897753,      -5.092072396,      -5.066929891,      -4.141445124,             0.448,    0.008834437236,    -0.04206129983,                 0,                 0,                 0,    -0.03869119979,      0.0097498973,    -0.04185856815,                 0,      -4.761061594
          0,           0,          60,      -4.717761607,      -5.115776448,      -5.098748351,      -4.163003665,             0.448,    0.008955568361,    -0.04221487237,                 0,                 0,                 0,    -0.03869887145,    0.009874349766,    -0.04200946168,                 0,      -4.713812755
          0,           0,          61,      -4.737252219,      -5.137255285,      -5.131535989,      -4.183253721,             0.448,    0.009068175403,    -0.04236306719,                 0,                 0,                 0,    -0.03871823936,    0.009990162864,    -0.04215516472,                 0,      -4.671619736
          0,           0,          62,      -4.756910716,      -5.158156424,      -5.162773999,      -4.203640021,             0.448,     0.00916678906,    -0.04250432544,                 0,                 0,                 0,    -0.03874251768,     0.01009183459,    -0.04229423812,                 0,      -4.636773593
          0,           0,          63,      -4.777975935,      -5.179819587,         -5.190592,      -4.225295868,             0.448,    0.009247542609,    -0.04264613194,                 0,                 0,                 0,    -0.03876989728,     0.01017566241,    -0.04243424923,                 0,      -4.611617782
          0,           0,          64,      -4.801132019,      -5.203057081,      -5.215100713,      -4.248821664,             0.448,    0.009306227503,    -0.04280922381,                 0,                 0,                 0,    -0.03880455766,     0.01023789117,    -0.04259602209,                 0,      -4.600062033
          0,           0,          65,      -4.826641562,      -5.228123799,      -5.237807007,      -4.274483894,             0.448,    0.009341608137,    -0.04300902531,                 0,                 0,                 0,     -0.0388487399,     0.01027762203,    -0.04279500422,                 0,      -4.604027987
          0,           0,          66,      -4.853967848,      -5.255013015,      -5.260787792,       -4.30176959,             0.448,    0.009358383318,    -0.04322274687,                 0,                 0,                 0,    -0.03889383175,     0.01029905553,    -0.04300830897,                 0,      -4.618612575
          0,           0,          67,      -4.882295646,      -5.283780266,      -5.284601983,      -4.329991379,             0.448,    0.009356838977,    -0.04345999289,                 0,                 0,                 0,    -0.03894327331,     0.01030268705,    -0.04324553222,                 0,      -4.644730234
          0,           0,          68,      -4.911179738,      -5.313996675,      -5.309338913,      -4.358773877,             0.448,    0.009337905523,    -0.04372502604,                 0,                 0,                 0,    -0.03899723211,     0.01028953977,    -0.04351091533,                 0,      -4.682530352
          0,           0,          69,      -4.940298123,      -5.345123685,      -5.334847327,      -4.387806034,             0.448,    0.009305533823,    -0.04401216742,                 0,                 0,                 0,    -0.03905284227,     0.01026343973,    -0.04379869456,                 0,      -4.729676798
          0,           0,          70,      -4.969290726,      -5.376802843,      -5.360863386,      -4.416748589,             0.448,    0.009262716864,    -0.04432069483,                 0,                 0,                 0,    -0.03911035757,     0.01022736345,     -0.0441080826,                 0,      -4.784848277
          0,           0,          71,      -4.997909163,      -5.408665234,      -5.387358738,      -4.445323924,             0.448,    0.009212238847,    -0.04464979234,                 0,                 0,                 0,    -0.03916964146,     0.01018407667,    -0.04443820296,                 0,      -4.846790566
          0,           0,          72,      -5.025840273,      -5.440143732,      -5.414415817,      -4.473164034,             0.448,     0.00915696465,    -0.04500037073,                 0,                 0,                 0,    -0.03923073946,     0.01013646345,    -0.04478990373,                 0,      -4.914332691
          0,           0,          73,      -5.052794167,      -5.470571458,      -5.441962828,       -4.49993781,             0.448,    0.009099659587,    -0.04536515783,                 0,                 0,                 0,    -0.03929060258,     0.01008712982,    -0.04515585412,                 0,      -4.985368672
          0,           0,          74,      -5.078584015,      -5.499531342,       -5.46974924,      -4.525419259,             0.448,    0.009042769931,     -0.0457393337,                 0,                 0,                 0,     -0.0393477553,      0.0100384163,    -0.04553118199,                 0,       -5.05811096
          0,           0,          75,       -5.10319608,       -5.52678015,      -5.497374321,      -4.549593224,             0.448,    0.008988591888,    -0.04612159664,                 0,                 0,                 0,    -0.03940241877,    0.009992590174,    -0.04591453585,                 0,        -5.1311259
          0,           0,          76,      -5.126916137,      -5.552326554,      -5.524503033,      -4.572821534,             0.448,    0.008939133661,    -0.04650959145,                 0,                 0,                 0,    -0.03945427498,     0.00995160778,    -0.04630351726,                 0,      -5.202919345
          0,           0,          77,      -5.150106862,      -5.576599206,      -5.550792788,      -4.595545039,             0.448,    0.008895732493,    -0.04689909152,                 0,                 0,                 0,     -0.0395024719,    0.009916713839,    -0.04669387142,                 0,      -5.272088786
          0,           0,          78,      -5.173151721,       -5.60018475,      -5.575642247,      -4.618215181,             0.448,    0.008859040788,    -0.04728717753,                 0,                 0,                 0,     -0.0395469549,    0.009888496918,     -0.0470826655,                 0,      -5.337731099
          0,           0,          79,       -5.19626294,      -5.623571643,      -5.599183349,      -4.641093869,             0.448,    0.008829288001,    -0.04766873273,                 0,                 0,                 0,    -0.03958680337,    0.009867074794,    -0.04746477896,                 0,      -5.398932816
          0,           0,          80,      -5.219296684,      -5.647086263,      -5.621606778,      -4.664089523,             0.448,    0.008806367618,    -0.04804149577,                 0,                 0,                 0,    -0.03962255373,    0.009852291648,     -0.0478379533,                 0,      -5.455313456
          0,           0,          81,      -5.241801423,      -5.671092102,      -5.643290407,      -4.686802766,             0.448,    0.008789698776,    -0.04840448565,                 0,                 0,                 0,    -0.03965515521,    0.009843545355,    -0.04820122042,                 0,      -5.506956141
          0,           0,          82,      -5.263063996,      -5.695843219,      -5.664598159,      -4.708557718,             0.448,    0.008778233294,    -0.04875588617,                 0,                 0,                 0,    -0.03968479793,    0.009839748364,    -0.04855278744,                 0,      -5.554179815
          0,           0,          83,      -5.282261043,      -5.721338806,      -5.685739105,      -4.728519016,             0.448,     0.00877059463,    -0.04909307591,                 0,                 0,                 0,     -0.0397109986,    0.009839467272,    -0.04889006357,                 0,      -5.597462656
          0,           0,          84,      -5.298629216,      -5.747396836,      -5.706904036,      -4.745854738,             0.448,    0.008765631095,    -0.04941560799,                 0,                 0,                 0,    -0.03973430673,     0.00984154092,    -0.04921262718,                 0,      -5.637427295
          0,           0,          85,      -5.311681882,      -5.773650571,      -5.727907066,      -4.759973022,             0.448,    0.008762308501,    -0.04972389977,                 0,                 0,                 0,     -0.0397554268,    0.009844944466,    -0.04952091808,                 0,      -5.674748814
          0,           0,          86,      -5.321366875,      -5.799631767,      -5.748394857,      -4.770697185,             0.448,    0.008759570562,    -0.05001772575,                 0,                 0,                 0,    -0.03977450935,    0.009848616958,    -0.04981473386,                 0,      -5.710065967
          0,           0,          87,      -5.328075473,      -5.824745964,      -5.767721948,       -4.77829915,             0.448,    0.008756658963,    -0.05029729718,                 0,                 0,                 0,    -0.03979196085,     0.00985180487,    -0.05009430227,                 0,      -5.743891293
          0,           0,          88,      -5.332465534,      -5.848198575,      -5.785473116,      -4.783343711,             0.448,    0.008753008316,    -0.05056192674,                 0,                 0,                 0,     -0.0398077181,    0.009853927956,     -0.0503589485,                 0,      -5.776519902
          0,           0,          89,      -5.335203723,      -5.869299135,      -5.801462933,      -4.786476096,             0.448,    0.008748097216,    -0.05081149244,                 0,                 0,                 0,    -0.03982145675,    0.009854462271,    -0.05060856194,                 0,      -5.808290784
          0,           0,          90,      -5.337178348,      -5.887794623,      -5.816005346,      -4.788630433,             0.448,    0.008741527607,    -0.05104624312,                 0,                 0,                 0,    -0.03983275256,    0.009853015285,    -0.05084340007,                 0,        -5.8395106
          0,           0,          91,      -5.339207848,      -5.903935742,      -5.829567709,      -4.790667379,             0.448,     0.00873370381,    -0.05126264423,                 0,                 0,                 0,    -0.03983992643,    0.009849914116,    -0.05105992037,                 0,      -5.869519433
          0,           0,          92,      -5.341447401,      -5.917768598,      -5.842820942,      -4.792779879,             0.448,    0.008724418858,    -0.05146097625,                 0,                 0,                 0,    -0.03984355713,    0.009844957963,    -0.05125840773,                 0,      -5.898499039
          0,           0,          93,      -5.344002657,      -5.929445771,       -5.85582031,      -4.795146686,             0.448,    0.008713261163,     -0.0516435784,                 0,                 0,                 0,    -0.03984487573,    0.009837786369,    -0.05144120984,                 0,      -5.927009123
          0,           0,          94,      -5.346921932,      -5.939193714,      -5.868881747,      -4.797848087,             0.448,    0.008700315413,     -0.0518109634,                 0,                 0,                 0,     -0.0398438882,    0.009828495184,    -0.05160883741,                 0,      -5.955067252
          0,           0,          95,      -5.349802657,      -5.947190724,      -5.882597819,      -4.800479653,             0.448,    0.008686141413,    -0.05196180981,                 0,                 0,                 0,    -0.03983999545,    0.009817615253,    -0.05175995713,                 0,      -5.982151032
          0,           0,          96,      -5.352854711,      -5.953933592,        -5.8973686,      -4.803337747,             0.448,    0.008670916602,    -0.05209655829,                 0,                 0,                 0,    -0.03983349072,    0.009805333589,    -0.05189500567,                 0,      -6.008195059
          0,           0,          97,      -5.356310059,      -5.960417729,       -5.91325404,      -4.806637048,             0.448,    0.008654991211,    -0.05221603587,                 0,                 0,                 0,    -0.03982471587,    0.009792018377,    -0.05201480223,                 0,      -6.033054754
          0,           0,          98,      -5.360083583,      -5.967197501,      -5.929911597,      -4.810233396,             0.448,     0.00863884574,    -0.05232083059,                 0,                 0,                 0,    -0.03981403159,    0.009778162833,    -0.05211992423,                 0,      -6.056460801
          0,           0,          99,      -5.364235244,      -5.974462416,      -5.947169315,      -4.814201353,             0.448,    0.008622834966,     -0.0524120364,                 0,                 0,                 0,    -0.03980191591,    0.009764145513,     -0.0522114576,                 0,      -6.078283604
          0,           0,         100,      -5.368866857,      -5.982749525,      -5.965241756,      -4.818645904,             0.448,    0.008607281421,    -0.05249057059,                 0,                 0,                 0,    -0.03978872572,    0.009750308884,     -0.0522903124,                 0,      -6.098391353
          0,           0,         101,      -5.374035733,      -5.992402932,      -5.984146314,      -4.823630595,             0.448,    0.008592436695,    -0.05255692641,                 0,                 0,                 0,    -0.03977454954,    0.009736915235,    -0.05235697626,                 0,      -6.116649825
          0,           0,         102,      -5.379770921,      -6.003455172,      -6.003715014,      -4.829182754,             0.448,    0.008578567463,    -0.05261214045,                 0,                 0,                 0,    -0.03975980824,    0.009724253792,    -0.05241247972,                 0,      -6.132975077
          0,           0,         103,      -5.386149455,      -6.015839368,      -6.023752127,      -4.835374814,             0.448,    0.008565884868,    -0.05265721583,                 0,                 0,                 0,    -0.03974495045,    0.009712557529,    -0.05245782104,                 0,      -6.147317719
          0,           0,         104,      -5.393284892,      -6.029504371,      -6.043846764,      -4.842314514,             0.448,    0.008554515179,    -0.05269292286,                 0,                 0,                 0,    -0.03973031376,     0.00970196949,     -0.0524937676,                 0,      -6.159662091
          0,           0,         105,      -5.401232198,      -6.044460099,      -6.063687327,      -4.850049586,             0.448,     0.00854454298,    -0.05271943523,                 0,                 0,                 0,     -0.0397162322,    0.009692578029,    -0.05252049121,                 0,      -6.169953777
          0,           0,         106,      -5.410058546,       -6.06067126,      -6.082822415,      -4.858657793,             0.448,    0.008535908963,    -0.05273613706,                 0,                 0,                 0,    -0.03970256426,    0.009684310414,    -0.05253737741,                 0,        -6.1781513
          0,           0,         107,      -5.419915842,      -6.078007866,      -6.101415712,      -4.868301296,             0.448,    0.008528557547,    -0.05274605022,                 0,                 0,                 0,    -0.03968999871,    0.009677177003,    -0.05254744858,                 0,       -6.18463907
          0,           0,         108,      -5.430813834,      -6.096946023,      -6.120129258,      -4.878920947,             0.448,    0.008522397325,    -0.05274951239,                 0,                 0,                 0,    -0.03967867794,    0.009671093774,    -0.05255104432,                 0,      -6.189515741
          0,           0,         109,      -5.442709412,      -6.116648061,      -6.139157381,      -4.890542787,             0.448,    0.008517322382,    -0.05274787201,                 0,                 0,                 0,    -0.03966897122,    0.009665984254,    -0.05254951503,                 0,      -6.193011094
          0,           0,         110,      -5.455685131,      -6.136476825,      -6.158146123,      -4.903196396,             0.448,    0.008513186578,    -0.05274250703,                 0,                 0,                 0,    -0.03966112831,    0.009661732397,    -0.05254424155,                 0,      -6.195389535
          0,           0,         111,       -5.46994266,      -6.156915157,      -6.177092711,      -4.917069327,             0.448,    0.008509801872,    -0.05273380139,                 0,                 0,                 0,    -0.03965509505,    0.009658158584,    -0.05253561183,                 0,      -6.196830688
          0,           0,         112,      -5.485351678,       -6.17891499,      -6.196234917,      -4.932049131,             0.448,     0.00850698533,    -0.05272192784,                 0,                 0,                 0,    -0.03965071637,    0.009655083692,    -0.05252380254,                 0,      -6.197486629
          0,           0,         113,      -5.501922787,       -6.20190489,      -6.215433982,      -4.948209488,             0.448,    0.008504592282,    -0.05270725243,                 0,                 0,                 0,    -0.03964791602,    0.009652371071,    -0.05250918283,                 0,      -6.197504911
          0,           0,         114,      -5.519726356,      -6.225443909,      -6.234690971,      -4.965547645,             0.448,    0.008502486112,     -0.0526901005,                 0,                 0,                 0,    -0.03964658507,    0.009649891236,    -0.05249208092,                 0,      -6.197022824
          0,           0,         115,      -5.538838042,      -6.249372774,      -6.253917626,      -4.984145969,             0.448,     0.00850053535,    -0.05267072872,                 0,                 0,                 0,    -0.03964657975,    0.009647518344,    -0.05247275631,                 0,      -6.196166072
          0,           0,         116,      -5.559258299,      -6.273862737,      -6.273214605,      -5.004029788,             0.448,      0.0084986419,    -0.05264967323,                 0,                 0,                 0,    -0.03964784991,    0.009645166022,    -0.05245174713,                 0,      -6.195069029
          0,           0,         117,      -5.580995284,      -6.299069589,      -6.292798724,      -5.025216737,             0.448,    0.008496737401,    -0.05262736764,                 0,                 0,                 0,    -0.03965044888,    0.009642775382,     -0.0524294884,                 0,      -6.193832427
          0,           0,         118,      -5.604131604,      -6.324784923,      -6.312841492,      -5.047825105,             0.448,    0.008494756114,    -0.05260333082,                 0,                 0,                 0,    -0.03965417755,    0.009640270206,    -0.05240550053,                 0,      -6.192447449
          0,           0,         119,      -5.628676558,      -6.350984891,      -6.332929036,      -5.071850892,             0.448,    0.008492634451,    -0.05257842208,                 0,                 0,                 0,    -0.03965884342,    0.009637605667,      -0.052380644,                 0,      -6.191061488
          0,           0,         120,      -5.654718437,      -6.378131656,      -6.352263273,      -5.097326886,             0.448,    0.008490345513,    -0.05255294527,                 0,                 0,                 0,    -0.03966432169,      0.0096347615,    -0.05235522318,                 0,      -6.189729875
          0,           0,         121,      -5.682171549,      -6.405108332,      -6.370660745,      -5.124198833,             0.448,    0.008487922795,     -0.0525274515,                 0,                 0,                 0,    -0.03967067629,    0.009631783215,    -0.05232978833,                 0,      -6.188493083
          0,           0,         122,      -5.711084776,      -6.430623947,      -6.388488515,      -5.152580661,             0.448,    0.008485396533,    -0.05250245346,                 0,                 0,                 0,    -0.03967793844,    0.009628712224,    -0.05230485134,                 0,      -6.187389505
          0,           0,         123,      -5.741269152,      -6.454395289,      -6.406679516,        -5.1822803,             0.448,      0.0084827411,    -0.05247821566,                 0,                 0,                 0,    -0.03968594151,    0.009625528679,    -0.05228067724,                 0,      -6.186469095
          0,           0,         124,      -5.772750884,      -6.477267885,      -6.425499606,      -5.213316431,             0.448,    0.008479958922,    -0.05245493566,                 0,                 0,                 0,    -0.03969460891,    0.009622239312,    -0.05225746348,                 0,      -6.185753509
          0,           0,         125,      -5.806081418,      -6.500127026,      -6.444889961,      -5.246309052,             0.448,    0.008477053003,    -0.05243298347,                 0,                 0,                 0,    -0.03970382148,      0.0096188552,     -0.0522355799,                 0,      -6.185284373
          0,           0,         126,      -5.840345317,      -6.522500798,      -6.464218066,      -5.280282419,             0.448,    0.008474066366,    -0.05241233973,                 0,                 0,                 0,    -0.03971351431,    0.009615418933,    -0.05221500623,                 0,      -6.185028234
          0,           0,         127,      -5.875477773,      -6.544528399,       -6.48363199,      -5.315129308,             0.448,    0.008471064639,    -0.05239316105,                 0,                 0,                 0,    -0.03972374594,     0.00961199954,     -0.0521958976,                 0,       -6.18495588
          0,           0,         128,      -5.911315351,      -6.566681369,      -6.503311283,      -5.350741197,             0.448,    0.008468083927,    -0.05237563231,                 0,                 0,                 0,    -0.03973451693,    0.009608637149,    -0.05217843805,                 0,      -6.185062969
          0,           0,         129,      -5.947589391,       -6.58873778,      -6.523076164,      -5.386913597,             0.448,    0.008465148621,    -0.05235989623,                 0,                 0,                 0,    -0.03974580208,    0.009605359262,    -0.05216276974,                 0,      -6.185348724
          0,           0,         130,      -5.983928181,      -6.610042843,      -6.542559071,      -5.423313986,             0.448,    0.008462278374,    -0.05234605233,                 0,                 0,                 0,    -0.03975756908,    0.009602187694,    -0.05214899176,                 0,      -6.185810726
          0,           0,         131,      -6.019875434,      -6.629911042,      -6.561406596,      -5.459513432,             0.448,    0.008459483853,    -0.05233419527,                 0,                 0,                 0,    -0.03976977063,    0.009599135178,    -0.05213719848,                 0,      -6.186452528
          0,           0,         132,       -6.05488189,      -6.647743815,      -6.579496859,      -5.494975537,             0.448,    0.008456774017,    -0.05232444562,                 0,                 0,                 0,    -0.03978237719,    0.009596213299,    -0.05212751027,                 0,      -6.187281997
          0,           0,         133,      -6.088317015,      -6.663169768,      -6.597041422,      -5.529068428,             0.448,    0.008454151855,    -0.05231686882,                 0,                 0,                 0,    -0.03979534944,    0.009593426475,    -0.05211999247,                 0,      -6.188304837
          0,           0,         134,      -6.119500102,      -6.676151045,      -6.614268477,      -5.561102094,             0.448,    0.008451619933,    -0.05231160734,                 0,                 0,                 0,     -0.0398086742,    0.009590780376,    -0.05211478747,                 0,      -6.189536178
          0,           0,         135,      -6.147750387,      -6.686878373,      -6.631350432,       -5.59037401,             0.448,    0.008449178466,    -0.05230876408,                 0,                 0,                 0,    -0.03982233002,    0.009588277465,    -0.05211199816,                 0,      -6.190988188
          0,           0,         136,      -6.172519092,      -6.695662737,      -6.648373916,      -5.616286854,             0.448,    0.008446819144,    -0.05230834897,                 0,                 0,                 0,    -0.03983625167,    0.009585909648,    -0.05211163461,                 0,      -6.192668279
          0,           0,         137,      -6.193472699,      -6.702865402,      -6.665281282,      -5.638430199,             0.448,    0.008444540463,    -0.05231047021,                 0,                 0,                 0,     -0.0398504341,    0.009583677785,    -0.05211380506,                 0,       -6.19459051
          0,           0,         138,      -6.210549158,      -6.708849851,      -6.681958335,      -5.656657025,             0.448,    0.008442333984,    -0.05231514528,                 0,                 0,                 0,    -0.03986483794,    0.009581573817,    -0.05211852715,                 0,      -6.196763286
          0,           0,         139,      -6.223936055,      -6.713940169,      -6.698362306,      -5.671062844,             0.448,    0.008440187995,     -0.0523223433,                 0,                 0,                 0,    -0.03987940136,    0.009579585363,    -0.05212577027,                 0,      -6.199191692
          0,           0,         140,      -6.234119167,      -6.718473335,      -6.714529366,      -5.682073968,             0.448,    0.008438092896,      -0.052332025,                 0,                 0,                 0,    -0.03989406601,    0.009577701967,    -0.05213549537,                 0,      -6.201878273
          0,           0,         141,      -6.241740989,      -6.722754635,       -6.73048543,      -5.690306743,             0.448,    0.008436036363,    -0.05234407909,                 0,                 0,                 0,    -0.03990875201,    0.009575908882,    -0.05214759146,                 0,      -6.204819046
          0,           0,         142,      -6.247521586,      -6.727037266,      -6.746204987,      -5.696482603,             0.448,    0.008434013369,    -0.05235842171,                 0,                 0,                 0,    -0.03992340454,    0.009574199252,     -0.0521619748,                 0,      -6.208007911
          0,           0,         143,      -6.252155152,      -6.731547562,      -6.761718916,      -5.701312267,             0.448,    0.008432023615,    -0.05237500368,                 0,                 0,                 0,    -0.03993798706,    0.009572571706,    -0.05217859622,                 0,      -6.211439396
          0,           0,         144,      -6.256279042,      -6.736467564,      -6.777138934,       -5.70546389,             0.448,    0.008430064102,    -0.05239372905,                 0,                 0,                 0,     -0.0399524412,    0.009571021151,    -0.05219735989,                 0,      -6.215104467
          0,           0,         145,      -6.260378165,      -6.741912465,      -6.792547606,      -5.709455066,             0.448,    0.008428132577,      -0.052414467,                 0,                 0,                 0,     -0.0399667009,    0.009569542481,    -0.05221813503,                 0,      -6.218989382
          0,           0,         146,      -6.264929851,       -6.74796692,      -6.807884767,      -5.713803976,             0.448,     0.00842622831,     -0.0524370729,                 0,                 0,                 0,    -0.03998069945,    0.009568131812,    -0.05224077709,                 0,       -6.22307763
          0,           0,         147,      -6.270222802,      -6.754660292,      -6.823228971,      -5.718818443,             0.448,    0.008424351217,    -0.05246138709,                 0,                 0,                 0,    -0.03999437044,    0.009566785578,    -0.05226512645,                 0,      -6.227350421
          0,           0,         148,      -6.276485737,      -6.761999089,      -6.838686449,      -5.724747434,             0.448,    0.008422508327,    -0.05248733296,                 0,                 0,                 0,    -0.04000768482,    0.009565509132,    -0.05229110634,                 0,      -6.231793537
          0,           0,         149,      -6.283892978,       -6.76999403,      -6.854270487,      -5.731781721,             0.448,    0.008420706737,    -0.05251479545,                 0,                 0,                 0,    -0.04002060374,    0.009564307062,     -0.0523186016,                 0,       -6.23638812
          0,           0,         150,      -6.292556212,      -6.778661877,      -6.869983126,      -5.740040251,             0.448,     0.00841895111,    -0.05254360736,                 0,                 0,                 0,    -0.04003307144,    0.009563180381,    -0.05234744496,                 0,       -6.24111088
          0,           0,         151,      -6.302614058,      -6.788004303,      -6.885848567,      -5.749674261,             0.448,    0.008417249422,    -0.05257361335,                 0,                 0,                 0,    -0.04004504499,    0.009562133675,    -0.05237748092,                 0,      -6.245937445
          0,           0,         152,      -6.314151745,      -6.798017937,      -6.901792349,      -5.760780731,             0.448,    0.008415610876,    -0.05260463097,                 0,                 0,                 0,    -0.04005646147,    0.009561172166,    -0.05240852691,                 0,      -6.250839273
          0,           0,         153,      -6.327232577,      -6.808674319,      -6.917806474,      -5.773422789,             0.448,    0.008414048401,    -0.05263639929,                 0,                 0,                 0,    -0.04006726802,    0.009560303085,    -0.05244032176,                 0,      -6.255775672
          0,           0,         154,       -6.34181809,      -6.820024064,      -6.933709045,      -5.787561394,             0.448,    0.008412562316,    -0.05266872966,                 0,                 0,                 0,    -0.04007742895,    0.009559522636,    -0.05247267685,                 0,      -6.260723866
          0,           0,         155,      -6.357933763,      -6.832048746,      -6.949361074,      -5.803231026,             0.448,     0.00841114693,     -0.0527015071,                 0,                 0,                 0,    -0.04008695016,    0.009558822624,    -0.05250547737,                 0,      -6.265674294
          0,           0,         156,      -6.375617086,      -6.844736195,      -6.964762397,      -5.820470118,             0.448,    0.008409812208,    -0.05273453656,                 0,                 0,                 0,    -0.04009581168,    0.009558208753,    -0.05253852808,                 0,       -6.27059621
          0,           0,         157,      -6.394843898,      -6.858052882,      -6.979904558,      -5.839255387,             0.448,    0.008408567902,     -0.0527676243,                 0,                 0,                 0,    -0.04010399146,    0.009557686549,    -0.05257163509,                 0,      -6.275459141
          0,           0,         158,      -6.415580402,      -6.871972254,      -6.994720266,      -5.859558164,             0.448,     0.00840741652,    -0.05280052765,                 0,                 0,                 0,    -0.04011145261,    0.009557253223,    -0.05260455573,                 0,      -6.280232165
          0,           0,         159,      -6.437792992,      -6.886485921,      -7.009256212,      -5.881349272,             0.448,    0.008406360307,    -0.05283304687,                 0,                 0,                 0,    -0.04011817713,    0.009556906664,    -0.05263709025,                 0,      -6.284889648
          0,           0,         160,      -6.461384897,      -6.901564029,      -7.023474414,      -5.904537354,             0.448,    0.008405401175,    -0.05286500557,                 0,                 0,                 0,    -0.04012416059,    0.009556644936,    -0.05266906227,                 0,      -6.289408973
          0,           0,         161,      -6.486217264,      -6.917152837,      -7.037276146,      -5.928996465,             0.448,     0.00840454134,    -0.05289626874,                 0,                 0,                 0,    -0.04012941398,    0.009556467308,    -0.05270033675,                 0,      -6.293772212
          0,           0,         162,      -6.512114686,      -6.933199258,      -7.050591057,      -5.954567537,             0.448,    0.008403782973,    -0.05292671417,                 0,                 0,                 0,    -0.04013395359,    0.009556373285,    -0.05273079149,                 0,      -6.297962994
          0,           0,         163,      -6.538813268,      -6.949651525,      -7.063356908,      -5.981005415,             0.448,    0.008403126599,    -0.05295622423,                 0,                 0,                 0,    -0.04013779439,    0.009556360826,    -0.05276030884,                 0,      -6.301966726
          0,           0,         164,       -6.56595725,      -6.966442955,      -7.075555635,      -6.007980692,             0.448,    0.008402571895,     -0.0529846949,                 0,                 0,                 0,    -0.04014095508,    0.009556427338,    -0.05278878484,                 0,      -6.305771086
          0,           0,         165,      -6.593072625,      -6.983508587,      -7.087164127,      -6.035053153,             0.448,    0.008402118966,    -0.05301204513,                 0,                 0,                 0,    -0.04014346389,    0.009556571159,    -0.05281613844,                 0,      -6.309366167
          0,           0,         166,      -6.619548903,      -7.000786923,      -7.098177547,      -6.061648576,             0.448,    0.008401767347,    -0.05303821832,                 0,                 0,                 0,    -0.04014535449,    0.009556790589,    -0.05284231307,                 0,      -6.312745417
          0,           0,         167,      -6.644659359,      -7.018221172,       -7.10864761,      -6.087076548,             0.448,    0.008401515485,    -0.05306316486,                 0,                 0,                 0,    -0.04014665997,    0.009557082992,    -0.05286725917,                 0,      -6.315903953
          0,           0,         168,      -6.667573421,       -7.03575456,      -7.118636915,      -6.110533855,             0.448,     0.00840136159,     -0.0530868487,                 0,                 0,                 0,    -0.04014741576,    0.009557445795,    -0.05289094073,                 0,      -6.318838694
          0,           0,         169,      -6.687436393,      -7.053328008,      -7.128203469,      -6.131173734,             0.448,    0.008401303567,    -0.05310924842,                 0,                 0,                 0,     -0.0401476596,    0.009557876433,    -0.05291333638,                 0,      -6.321548554
          0,           0,         170,      -6.703471736,      -7.070877455,      -7.137391647,      -6.148196049,             0.448,    0.008401337196,    -0.05313033363,                 0,                 0,                 0,    -0.04014742162,    0.009558370026,    -0.05293441585,                 0,      -6.324032995
          0,           0,         171,      -6.715125475,      -7.088334006,      -7.146277934,      -6.160986232,             0.448,    0.008401462021,    -0.05315013234,                 0,                 0,                 0,    -0.04014675333,    0.009558926727,    -0.05295420712,                 0,      -6.326295614
          0,           0,         172,      -6.722223085,      -7.105630242,        -7.1548572,      -6.169276364,             0.448,    0.008401674431,    -0.05316865012,                 0,                 0,                 0,    -0.04014569196,     0.00955954305,    -0.05297271586,                 0,      -6.328339733
          0,           0,         173,      -6.724957077,      -7.122693071,      -7.163209402,      -6.173155563,             0.448,    0.008401972296,     -0.0531859322,                 0,                 0,                 0,    -0.04014428643,     0.00956021785,    -0.05298998733,                 0,      -6.330172289
          0,           0,         174,      -6.723857411,      -7.139439116,      -7.171351899,        -6.1730603,             0.448,    0.008402351503,    -0.05320201601,                 0,                 0,                 0,    -0.04014257759,    0.009560947834,    -0.05300605904,                 0,      -6.331800805
          0,           0,         175,      -6.719683489,      -7.155775918,      -7.179266094,      -6.169689451,             0.448,    0.008402807026,      -0.053216936,                 0,                 0,                 0,    -0.04014060153,    0.009561728726,    -0.05302096554,                 0,      -6.333233148
          0,           0,         176,      -6.713295877,      -7.171620682,      -7.186985962,      -6.163882905,             0.448,    0.008403334738,    -0.05323074065,                 0,                 0,                 0,    -0.04013839741,    0.009562557459,     -0.0530347554,                 0,      -6.334478194
          0,           0,         177,      -6.705529971,      -7.186921128,      -7.194587057,      -6.156484341,             0.448,    0.008403930112,    -0.05324348043,                 0,                 0,                 0,    -0.04013600118,    0.009563430609,    -0.05304747915,                 0,       -6.33554536
          0,           0,         178,      -6.697117662,      -7.201646949,      -7.202149431,      -6.148250478,             0.448,    0.008404588412,    -0.05325520627,                 0,                 0,                 0,    -0.04013344608,     0.00956434455,    -0.05305918784,                 0,      -6.336444292
          0,           0,         179,      -6.688653657,      -7.215781101,      -7.209731225,      -6.139807868,             0.448,    0.008405304848,    -0.05326597258,                 0,                 0,                 0,     -0.0401307639,    0.009565295681,    -0.05306993597,                 0,      -6.337185093
          0,           0,         180,      -6.680602402,       -7.22930669,      -7.217372831,      -6.131653721,             0.448,    0.008406074271,    -0.05327583312,                 0,                 0,                 0,    -0.04012798344,    0.009566280027,    -0.05307977737,                 0,      -6.337778064
          0,           0,         181,      -6.673310314,      -7.242204816,      -7.225138358,      -6.124163898,             0.448,     0.00840689137,    -0.05328483232,                 0,                 0,                 0,    -0.04012512897,    0.009567293249,    -0.05308875661,                 0,      -6.338232526
          0,           0,         182,      -6.667011396,      -7.254465764,      -7.233071859,      -6.117596992,             0.448,    0.008407752061,    -0.05329303948,                 0,                 0,                 0,    -0.04012223126,    0.009568332773,    -0.05309694303,                 0,       -6.33855983
          0,           0,         183,      -6.661872605,       -7.26608636,      -7.241219897,      -6.112139551,             0.448,    0.008408651241,    -0.05330051052,                 0,                 0,                 0,    -0.04011931354,    0.009569394719,    -0.05310439268,                 0,      -6.338770511
          0,           0,         184,      -6.658012224,      -7.277059248,      -7.249672102,      -6.107923757,             0.448,     0.00840958314,    -0.05330729137,                 0,                 0,                 0,     -0.0401163934,     0.00957047432,    -0.05311115159,                 0,       -6.33887441
          0,           0,         185,      -6.655500422,      -7.287396702,      -7.258504758,      -6.105030909,             0.448,    0.008410542653,    -0.05331343221,                 0,                 0,                 0,    -0.04011348943,    0.009571567566,    -0.05311727004,                 0,      -6.338881379
          0,           0,         186,      -6.654371046,       -7.29712944,      -7.267754659,      -6.103503665,             0.448,    0.008411524309,    -0.05331897725,                 0,                 0,                 0,    -0.04011061615,    0.009572669952,    -0.05312279234,                 0,      -6.338800827
          0,           0,         187,      -6.654643395,       -7.30628497,      -7.277433486,      -6.103368486,             0.448,    0.008412523231,    -0.05332397727,                 0,                 0,                 0,    -0.04010778924,    0.009573777712,    -0.05312776938,                 0,      -6.338642499
          0,           0,         188,      -6.656311867,       -7.31488653,      -7.287575251,       -6.10462275,             0.448,    0.008413535392,    -0.05332848979,                 0,                 0,                 0,    -0.04010502625,    0.009574888072,    -0.05313225874,                 0,       -6.33841629
          0,           0,         189,      -6.659367386,       -7.32295893,      -7.298208889,      -6.107260508,             0.448,    0.008414556104,    -0.05333256121,                 0,                 0,                 0,    -0.04010233914,    0.009575997359,    -0.05313630693,                 0,      -6.338131275
          0,           0,         190,      -6.663794014,      -7.330532169,      -7.309364851,      -6.111268285,             0.448,    0.008415581063,    -0.05333623659,                 0,                 0,                 0,    -0.04009973915,    0.009577102252,    -0.05313995908,                 0,       -6.33779607
          0,           0,         191,      -6.669572528,      -7.337648312,      -7.321073222,      -6.116628578,             0.448,    0.008416608643,    -0.05333957829,                 0,                 0,                 0,    -0.04009723268,    0.009578202486,    -0.05314327757,                 0,      -6.337419328
          0,           0,         192,      -6.676620117,      -7.344249106,      -7.332986568,      -6.123272763,             0.448,    0.008417638181,    -0.05334258258,                 0,                 0,                 0,    -0.04009481626,    0.009579297318,    -0.05314625868,                 0,       -6.33700112
          0,           0,         193,      -6.684964469,      -7.350542005,      -7.345598193,      -6.131223605,             0.448,    0.008418664848,    -0.05334527904,                 0,                 0,                 0,    -0.04009249614,    0.009580382563,     -0.0531489321,                 0,       -6.33654861
          0,           0,         194,       -6.69460351,      -7.356734641,      -7.359197636,      -6.140468162,             0.448,    0.008419675574,    -0.05334775865,                 0,                 0,                 0,    -0.04009030296,    0.009581447141,    -0.05315138907,                 0,      -6.336082452
          0,           0,         195,      -6.705505135,      -7.362774149,      -7.373622255,       -6.15097611,             0.448,    0.008420665953,    -0.05335006627,                 0,                 0,                 0,    -0.04008824467,    0.009582487625,    -0.05315367454,                 0,      -6.335611289
          0,           0,         196,      -6.717658634,      -7.368626539,      -7.388781988,      -6.162739483,             0.448,    0.008421635598,    -0.05335222233,                 0,                 0,                 0,    -0.04008631762,    0.009583504073,    -0.05315580893,                 0,      -6.335137837
          0,           0,         197,      -6.731052777,      -7.374315797,      -7.404623367,      -6.175747714,             0.448,    0.008422583045,    -0.05335424951,                 0,                 0,                 0,    -0.04008452018,    0.009584495517,    -0.05315781497,                 0,      -6.334665889
          0,           0,         198,      -6.745672446,      -7.379920215,      -7.421080622,      -6.189985395,             0.448,    0.008423506434,    -0.05335617252,                 0,                 0,                 0,    -0.04008285124,    0.009585460637,    -0.05315971737,                 0,       -6.33419977
          0,           0,         199,      -6.761503131,      -7.385547774,      -7.438077309,      -6.205437553,             0.448,    0.008424403639,    -0.05335801562,                 0,                 0,                 0,    -0.04008130987,    0.009586397835,    -0.05316154046,                 0,      -6.333743955
          0,           0,         200,      -6.778530386,      -7.391295196,      -7.455572888,      -6.222089674,             0.448,    0.008425272436,    -0.05335980382,                 0,                 0,                 0,    -0.04007989606,    0.009587305435,    -0.05316330928,                 0,      -6.333303074
          0,           0,         201,      -6.796735884,      -7.397229454,      -7.473524773,      -6.239923634,             0.448,    0.008426110706,    -0.05336155995,                 0,                 0,                 0,    -0.04007860867,    0.009588181816,     -0.0531650467,                 0,      -6.332881422
          0,           0,         202,      -6.816101164,      -7.403402157,      -7.491894637,      -6.258921437,             0.448,    0.008426916553,    -0.05336330313,                 0,                 0,                 0,     -0.0400774446,    0.009589025498,    -0.05316677189,                 0,      -6.332482681
          0,           0,         203,      -6.836608756,       -7.40986604,      -7.510655298,      -6.279066329,             0.448,    0.008427688459,    -0.05336505078,                 0,                 0,                 0,    -0.04007640016,    0.009589835345,    -0.05316850229,                 0,      -6.332110049
          0,           0,         204,      -6.858241479,      -7.416681175,         -7.529796,      -6.300342033,             0.448,    0.008428425237,    -0.05336681969,                 0,                 0,                 0,    -0.04007547193,    0.009590610536,     -0.0531702547,                 0,      -6.331766397
          0,           0,         205,      -6.880981175,      -7.423912513,      -7.549317606,       -6.32273148,             0.448,    0.008429125834,    -0.05336862484,                 0,                 0,                 0,    -0.04007465639,    0.009591350346,    -0.05317204414,                 0,      -6.331454281
          0,           0,         206,      -6.904807882,       -7.43162466,      -7.569220581,      -6.346216152,             0.448,    0.008429789304,      -0.053370479,                 0,                 0,                 0,    -0.04007394955,    0.009592054106,    -0.05317388339,                 0,      -6.331175914
          0,           0,         207,      -6.929698976,      -7.439877671,      -7.589496118,       -6.37077531,             0.448,    0.008430414894,    -0.05337239298,                 0,                 0,                 0,    -0.04007334703,      0.0095927213,    -0.05317578326,                 0,      -6.330933133
          0,           0,         208,       -6.95562799,      -7.448726688,      -7.610124426,      -6.396384826,             0.448,    0.008431002086,    -0.05337437575,                 0,                 0,                 0,    -0.04007284419,    0.009593351606,    -0.05317775275,                 0,       -6.33072738
          0,           0,         209,      -6.982563224,      -7.458222955,      -7.631077257,      -6.423015861,             0.448,    0.008431550579,    -0.05337643449,                 0,                 0,                 0,    -0.04007243617,     0.00959394488,    -0.05317979904,                 0,      -6.330559722
          0,           0,         210,      -7.010466233,      -7.468413906,      -7.652317727,      -6.450633434,             0.448,    0.008432060329,    -0.05337857533,                 0,                 0,                 0,    -0.04007211821,    0.009594501212,    -0.05318192825,                 0,      -6.330430909
          0,           0,         211,      -7.039288669,      -7.479341595,      -7.673810314,      -6.479193166,             0.448,    0.008432531379,    -0.05338080206,                 0,                 0,                 0,    -0.04007188505,    0.009595020725,    -0.05318414418,                 0,      -6.330341348
          0,           0,         212,       -7.06897428,      -7.491043897,      -7.695510514,      -6.508643759,             0.448,    0.008432963874,    -0.05338311656,                 0,                 0,                 0,    -0.04007173109,    0.009595503608,    -0.05318644868,                 0,      -6.330291147
          0,           0,         213,      -7.099453893,      -7.503555514,      -7.717368516,      -6.538921122,             0.448,    0.008433358179,    -0.05338551986,                 0,                 0,                 0,    -0.04007165098,    0.009595950247,    -0.05318884281,                 0,      -6.330280148
          0,           0,         214,      -7.130643556,      -7.516910899,      -7.739331735,      -6.569946848,             0.448,    0.008433714848,    -0.05338801219,                 0,                 0,                 0,    -0.04007163958,    0.009596361201,    -0.05319132677,                 0,      -6.330307955
          0,           0,         215,      -7.162441458,      -7.531145304,      -7.761346452,      -6.601625278,             0.448,    0.008434034468,     -0.0533905917,                 0,                 0,                 0,    -0.04007169128,    0.009596737016,    -0.05319389869,                 0,      -6.330373904
          0,           0,         216,      -7.194725494,      -7.546294428,      -7.783351744,      -6.633840688,             0.448,    0.008434317758,    -0.05339325529,                 0,                 0,                 0,     -0.0400718005,    0.009597078345,    -0.05319655547,                 0,      -6.330477084
          0,           0,         217,      -7.227351012,      -7.562394423,      -7.805278404,      -6.666454514,             0.448,    0.008434565578,    -0.05339599883,                 0,                 0,                 0,    -0.04007196177,    0.009597385956,    -0.05319929295,                 0,      -6.330616359
          0,           0,         218,      -7.260149196,      -7.579483101,      -7.827047338,      -6.699303311,             0.448,    0.008434778869,    -0.05339881697,                 0,                 0,                 0,     -0.0400721696,    0.009597660674,    -0.05320210577,                 0,      -6.330790386
          0,           0,         219,      -7.292925251,      -7.597598894,      -7.848570611,      -6.732196471,             0.448,    0.008434958661,    -0.05340170325,                 0,                 0,                 0,    -0.04007241853,    0.009597903386,    -0.05320498744,                 0,      -6.330997625
          0,           0,         220,      -7.325455502,      -7.616779653,      -7.869755659,      -6.764912463,             0.448,     0.00843510607,    -0.05340465004,                 0,                 0,                 0,    -0.04007270314,    0.009598115044,    -0.05320793031,                 0,      -6.331236335
          0,           0,         221,      -7.357480162,      -7.637061416,      -7.890519183,      -6.797190213,             0.448,    0.008435222256,    -0.05340764661,                 0,                 0,                 0,    -0.04007301749,    0.009598296572,    -0.05321092364,                 0,      -6.331504375
          0,           0,         222,      -7.388764549,       -7.65847741,      -7.910756612,      -6.828790939,             0.448,    0.008435308693,    -0.05341068798,                 0,                 0,                 0,    -0.04007335788,    0.009598449336,    -0.05321396239,                 0,      -6.331800047
          0,           0,         223,      -7.419036037,      -7.681053173,      -7.930351879,      -6.859432863,             0.448,    0.008435366692,    -0.05341376477,                 0,                 0,                 0,     -0.0400737194,    0.009598574441,    -0.05321703719,                 0,       -6.33212126
          0,           0,         224,      -7.447999327,      -7.704807941,      -7.949147194,      -6.888807681,             0.448,    0.008435397578,    -0.05341686521,                 0,                 0,                 0,    -0.04007409677,    0.009598672956,    -0.05322013622,                 0,      -6.332465627
          0,           0,         225,      -7.475367277,      -7.729747726,      -7.967002859,      -6.916609364,             0.448,    0.008435402935,    -0.05341997958,                 0,                 0,                 0,    -0.04007448599,    0.009598746251,    -0.05322324973,                 0,      -6.332830808
          0,           0,         226,      -7.500889808,      -7.755859976,      -7.983784526,      -6.942568147,             0.448,    0.008435384343,    -0.05342309796,                 0,                 0,                 0,    -0.04007488319,     0.00959879569,    -0.05322636777,                 0,      -6.333214444
          0,           0,         227,      -7.524337752,      -7.783111838,       -7.99938128,       -6.96643556,             0.448,    0.008435343341,     -0.0534262093,                 0,                 0,                 0,    -0.04007528436,    0.009598822572,    -0.05322947926,                 0,      -6.333614073
          0,           0,         228,      -7.545529456,      -7.811450979,      -8.013704137,      -6.988010663,             0.448,    0.008435281559,    -0.05342930302,                 0,                 0,                 0,     -0.0400756861,    0.009598828293,     -0.0532325736,                 0,      -6.334027222
          0,           0,         229,      -7.564329052,      -7.840793858,      -8.026682365,      -7.007142519,             0.448,    0.008435200606,    -0.05343236867,                 0,                 0,                 0,    -0.04007608531,    0.009598814236,    -0.05323564028,                 0,      -6.334451445
          0,           0,         230,      -7.580647314,      -7.871007726,      -8.038272467,      -7.023734614,             0.448,    0.008435102062,    -0.05343539587,                 0,                 0,                 0,    -0.04007647905,    0.009598781754,    -0.05323866891,                 0,       -6.33488433
          0,           0,         231,      -7.594445741,      -7.901899324,      -8.048470123,      -7.037749354,             0.448,    0.008434987502,    -0.05343837466,                 0,                 0,                 0,    -0.04007686474,    0.009598732203,     -0.0532416495,                 0,      -6.335323514
          0,           0,         232,      -7.605735407,      -7.933203983,      -8.057311965,      -7.049205881,             0.448,     0.00843485848,    -0.05344129564,                 0,                 0,                 0,     -0.0400772402,    0.009598666933,    -0.05324457259,                 0,      -6.335766719
          0,           0,         233,      -7.614572117,      -7.964566695,      -8.064871037,       -7.05817352,             0.448,     0.00843471651,    -0.05344415005,                 0,                 0,                 0,    -0.04007760354,    0.009598587265,    -0.05324742942,                 0,      -6.336211772
          0,           0,         234,      -7.621051909,      -7.995526038,      -8.071251202,      -7.064764727,             0.448,    0.008434563062,    -0.05344692983,                 0,                 0,                 0,    -0.04007795321,    0.009598494494,    -0.05325021189,                 0,      -6.336656616
          0,           0,         235,      -7.625307328,      -8.025510093,      -8.076580395,      -7.069128477,             0.448,    0.008434399562,    -0.05344962762,                 0,                 0,                 0,    -0.04007828797,    0.009598389885,     -0.0532529126,                 0,      -6.337099308
          0,           0,         236,      -7.627503657,      -8.053847865,      -8.081010508,      -7.071443916,             0.448,    0.008434227404,    -0.05345223703,                 0,                 0,                 0,    -0.04007860693,    0.009598274692,    -0.05325552514,                 0,      -6.337538043
          0,           0,         237,      -7.627829323,      -8.079808191,      -8.084699493,      -7.071908648,             0.448,     0.00843404791,    -0.05345475251,                 0,                 0,                 0,    -0.04007890947,    0.009598150116,    -0.05325804394,                 0,      -6.337971171
          0,           0,         238,      -7.626497926,       -8.10267306,       -8.08779056,      -7.070740758,             0.448,    0.008433862302,     -0.0534571689,                 0,                 0,                 0,    -0.04007919501,    0.009598017265,     -0.0532604638,                 0,      -6.338397164
          0,           0,         239,      -7.623748562,      -8.121832145,      -8.090431054,      -7.068180031,             0.448,    0.008433671748,    -0.05345948197,                 0,                 0,                 0,     -0.0400794633,    0.009597877215,    -0.05326278048,                 0,      -6.338814644
          0,           0,         240,      -7.619822168,      -8.136887165,       -8.09276626,       -7.06446301,             0.448,    0.008433477339,    -0.05346168822,                 0,                 0,                 0,    -0.04007971424,    0.009597730982,    -0.05326499044,                 0,      -6.339222372
          0,           0,         241,      -7.614962483,      -8.147726625,       -8.09493733,      -7.059826023,             0.448,    0.008433280104,    -0.05346378496,                 0,                 0,                 0,    -0.04007994798,    0.009597579534,    -0.05326709099,                 0,      -6.339619259
          0,           0,         242,      -7.609407827,      -8.154547147,      -8.097072079,       -7.05449908,             0.448,       0.008433081,     -0.0534657703,                 0,                 0,                 0,    -0.04008016487,    0.009597423788,     -0.0532690802,                 0,      -6.340004359
          0,           0,         243,      -7.603385992,      -8.157812342,      -8.099281524,      -7.048701676,             0.448,    0.008432880908,      -0.053467643,                 0,                 0,                 0,    -0.04008036536,    0.009597264596,    -0.05327095682,                 0,      -6.340376863
          0,           0,         244,      -7.597110352,      -8.158163134,      -8.101661781,      -7.042639456,             0.448,    0.008432680635,     -0.0534694025,                 0,                 0,                 0,    -0.04008055008,    0.009597102753,    -0.05327272027,                 0,      -6.340736097
          0,           0,         245,      -7.590777143,      -8.156315002,      -8.104294164,      -7.036502145,             0.448,    0.008432480918,    -0.05347104889,                 0,                 0,                 0,    -0.04008071979,       0.009596939,    -0.05327437063,                 0,      -6.341081517
          0,           0,         246,      -7.584563069,      -8.152969692,      -8.107246765,      -7.030461434,             0.448,    0.008432282426,    -0.05347258284,                 0,                 0,                 0,    -0.04008087533,    0.009596774018,    -0.05327590854,                 0,      -6.341412696
          0,           0,         247,      -7.578624545,      -8.148755944,      -8.110576522,      -7.024670189,             0.448,    0.008432085757,    -0.05347400551,                 0,                 0,                 0,    -0.04008101763,    0.009596608432,    -0.05327733517,                 0,      -6.341729324
          0,           0,         248,      -7.573098017,      -8.144200797,      -8.114330354,      -7.019262649,             0.448,    0.008431891449,    -0.05347531856,                 0,                 0,                 0,    -0.04008114769,    0.009596442814,    -0.05327865214,                 0,      -6.342031189
          0,           0,         249,      -7.568102201,      -8.139724699,      -8.118544398,      -7.014356627,             0.448,    0.008431699983,    -0.05347652413,                 0,                 0,                 0,    -0.04008126658,    0.009596277693,     -0.0532798616,                 0,      -6.342318185
          0,           0,         250,      -7.563735989,      -8.135647303,      -8.123256603,      -7.010050686,             0.448,    0.008431511772,    -0.05347762476,                 0,                 0,                 0,    -0.04008137536,    0.009596113536,    -0.05328096607,                 0,      -6.342590298
          0,           0,         251,      -7.560082773,      -8.132205352,      -8.128503308,      -7.006428696,             0.448,    0.008431327167,    -0.05347862324,                 0,                 0,                 0,    -0.04008147509,    0.009595950757,    -0.05328196835,                 0,      -6.342847595
          0,           0,         252,      -7.557212631,       -8.12956817,      -8.134312356,      -7.003561878,             0.448,    0.008431146468,    -0.05347952269,                 0,                 0,                 0,    -0.04008156683,    0.009595789723,    -0.05328287152,                 0,      -6.343090219
          0,           0,         253,      -7.555183358,      -8.127850616,      -8.140702689,      -7.001509409,             0.448,    0.008430969938,    -0.05348032653,                 0,                 0,                 0,    -0.04008165165,     0.00959563077,    -0.05328367902,                 0,      -6.343318376
          0,           0,         254,       -7.55404251,      -8.127127725,      -8.147688147,      -7.000320353,             0.448,    0.008430797797,    -0.05348103845,                 0,                 0,                 0,    -0.04008173065,    0.009595474201,    -0.05328439453,                 0,      -6.343532337
          0,           0,         255,      -7.553829053,      -8.127444158,       -8.15528026,      -7.000035272,             0.448,    0.008430630226,    -0.05348166234,                 0,                 0,                 0,    -0.04008180488,    0.009595320279,    -0.05328502192,                 0,      -6.343732427
          0,           0,         256,      -7.554574777,      -8.128821254,      -8.163489209,      -7.000687555,             0.448,    0.008430467363,    -0.05348220224,                 0,                 0,                 0,    -0.04008187537,    0.009595169234,    -0.05328556525,                 0,      -6.343919018
          0,           0,         257,      -7.556305567,      -8.131264239,      -8.172323561,      -7.002304641,             0.448,    0.008430309314,    -0.05348266232,                 0,                 0,                 0,    -0.04008194308,    0.009595021259,    -0.05328602867,                 0,      -6.344092527
          0,           0,         258,      -7.559042546,      -8.134767333,      -8.181789676,      -7.004909141,             0.448,    0.008430156152,    -0.05348304687,                 0,                 0,                 0,    -0.04008200897,    0.009594876522,    -0.05328641647,                 0,      -6.344253405
          0,           0,         259,      -7.562803118,      -8.139316461,      -8.191891498,      -7.008519849,             0.448,    0.008430007921,    -0.05348336025,                 0,                 0,                 0,     -0.0400820739,    0.009594735163,    -0.05328673301,                 0,      -6.344402135
          0,           0,         260,      -7.567601863,      -8.144891149,      -8.202630822,      -7.013152613,             0.448,    0.008429864642,    -0.05348360687,                 0,                 0,                 0,    -0.04008213872,    0.009594597297,    -0.05328698269,                 0,      -6.344539224
          0,           0,         261,       -7.57345173,      -8.151466379,      -8.214005586,      -7.018821556,             0.448,    0.008429726309,    -0.05348379116,                 0,                 0,                 0,     -0.0400822042,    0.009594463018,    -0.05328716995,                 0,        -6.3446652
          0,           0,         262,      -7.580363623,      -8.159013873,      -8.226014303,        -7.0255385,             0.448,    0.008429592901,    -0.05348391753,                 0,                 0,                 0,    -0.04008227105,    0.009594332398,    -0.05328729921,                 0,      -6.344780603
          0,           0,         263,      -7.588347343,      -8.167502701,      -8.238653742,      -7.033314114,             0.448,    0.008429464379,     -0.0534839904,                 0,                 0,                 0,    -0.04008233994,    0.009594205496,    -0.05328737486,                 0,      -6.344885985
          0,           0,         264,      -7.597412396,      -8.176900082,      -8.251918485,      -7.042158776,             0.448,    0.008429340686,    -0.05348401415,                 0,                 0,                 0,    -0.04008241146,    0.009594082351,    -0.05328740131,                 0,      -6.344981908
          0,           0,         265,      -7.607568032,      -8.187171748,      -8.265801431,      -7.052082451,             0.448,    0.008429221746,    -0.05348399307,                 0,                 0,                 0,    -0.04008248611,     0.00959396298,    -0.05328738283,                 0,      -6.345068938
          0,           0,         266,      -7.618823705,      -8.198281614,      -8.280289664,      -7.063095166,             0.448,    0.008429107468,    -0.05348393135,                 0,                 0,                 0,    -0.04008256434,    0.009593847382,    -0.05328732361,                 0,      -6.345147639
          0,           0,         267,      -7.631189186,      -8.210191095,      -8.295366208,      -7.075207176,             0.448,    0.008428997755,     -0.0534838331,                 0,                 0,                 0,    -0.04008264652,    0.009593735552,    -0.05328722778,                 0,      -6.345218572
          0,           0,         268,      -7.644674705,      -8.222859064,      -8.311011282,      -7.088429149,             0.448,    0.008428892505,    -0.05348370236,                 0,                 0,                 0,    -0.04008273299,    0.009593627475,    -0.05328709936,                 0,      -6.345282292
          0,           0,         269,      -7.659291016,      -8.236242026,      -8.327202006,      -7.102772255,             0.448,    0.008428791609,    -0.05348354305,                 0,                 0,                 0,    -0.04008282403,    0.009593523128,     -0.0532869423,                 0,      -6.345339348
          0,           0,         270,      -7.675049329,      -8.250292826,      -8.343911351,      -7.118248125,             0.448,    0.008428694953,    -0.05348335901,                 0,                 0,                 0,    -0.04008291985,     0.00959342248,    -0.05328676041,                 0,      -6.345390278
          0,           0,         271,      -7.691961159,      -8.264959866,      -8.361107247,      -7.134868716,             0.448,    0.008428602418,    -0.05348315395,                 0,                 0,                 0,     -0.0400830206,    0.009593325494,    -0.05328655741,                 0,      -6.345435612
          0,           0,         272,      -7.710038057,      -8.280187384,      -8.378751971,      -7.152646084,             0.448,    0.008428513886,    -0.05348293146,                 0,                 0,                 0,    -0.04008312639,    0.009593232129,    -0.05328633691,                 0,      -6.345475868
          0,           0,         273,      -7.729291141,      -8.295915191,      -8.396801772,       -7.17159198,             0.448,    0.008428429235,    -0.05348269506,                 0,                 0,                 0,    -0.04008323726,    0.009593142341,    -0.05328610241,                 0,       -6.34551155
          0,           0,         274,      -7.749730371,      -8.312077853,      -8.415206662,      -7.191717205,             0.448,    0.008428348345,    -0.05348244812,                 0,                 0,                 0,     -0.0400833532,    0.009593056083,     -0.0532858573,                 0,      -6.345543152
          0,           0,         275,      -7.771363508,      -8.328604315,      -8.433910267,      -7.213030683,             0.448,    0.008428271095,    -0.05348219393,                 0,                 0,                 0,    -0.04008347414,    0.009592973307,    -0.05328560485,                 0,      -6.345571153
          0,           0,         276,      -7.794194699,      -8.345418202,      -8.452849707,      -7.235538176,             0.448,    0.008428197365,    -0.05348193563,                 0,                 0,                 0,    -0.04008359996,     0.00959289396,    -0.05328534822,                 0,      -6.345596017
          0,           0,         277,      -7.818222559,      -8.362438456,      -8.471955703,      -7.259240545,             0.448,    0.008428127035,    -0.05348167622,                 0,                 0,                 0,     -0.0400837305,    0.009592817988,    -0.05328509041,                 0,      -6.345618189
          0,           0,         278,      -7.843437596,      -8.379580152,      -8.491153111,      -7.284131409,             0.448,    0.008428059987,    -0.05348141856,                 0,                 0,                 0,    -0.04008386553,    0.009592745334,    -0.05328483427,                 0,        -6.3456381
          0,           0,         279,       -7.86981879,      -8.396755531,      -8.510361969,      -7.310194027,             0.448,      0.0084279961,    -0.05348116535,                 0,                 0,                 0,    -0.04008400477,    0.009592675939,    -0.05328458252,                 0,      -6.345656158
          0,           0,         280,       -7.89732914,       -8.41387542,      -8.529499028,      -7.337397208,             0.448,     0.00842793526,    -0.05348091909,                 0,                 0,                 0,    -0.04008414793,    0.009592609741,    -0.05328433764,                 0,      -6.345672747
          0,           0,         281,      -7.925909946,      -8.430851029,      -8.548479728,      -7.365690035,             0.448,    0.008427877352,     -0.0534806821,                 0,                 0,                 0,    -0.04008429464,    0.009592546677,    -0.05328410197,                 0,      -6.345688228
          0,           0,         282,      -7.955473633,      -8.447596194,       -8.56722072,      -7.394995181,             0.448,    0.008427822265,    -0.05348045648,                 0,                 0,                 0,    -0.04008444451,    0.009592486681,     -0.0532838776,                 0,      -6.345702934
          0,           0,         283,      -7.985894991,      -8.464030035,       -8.58564304,      -7.425200658,             0.448,    0.008427769891,    -0.05348024411,                 0,                 0,                 0,    -0.04008459711,    0.009592429687,    -0.05328366643,                 0,      -6.345717171
          0,           0,         284,      -8.017000897,      -8.480079993,      -8.603676016,      -7.456149986,             0.448,    0.008427720125,    -0.05348004663,                 0,                 0,                 0,    -0.04008475198,    0.009592375624,    -0.05328347008,                 0,      -6.345731211
          0,           0,         285,      -8.048558999,      -8.495685204,      -8.621261836,      -7.487631085,             0.448,    0.008427672865,    -0.05347986544,                 0,                 0,                 0,    -0.04008490864,    0.009592324423,    -0.05328328997,                 0,      -6.345745296
          0,           0,         286,      -8.080266446,      -8.510800143,      -8.638360458,      -7.519364741,             0.448,    0.008427628014,    -0.05347970167,                 0,                 0,                 0,    -0.04008506658,     0.00959227601,    -0.05328312721,                 0,      -6.345759635
          0,           0,         287,      -8.111740758,      -8.525398366,      -8.654954143,      -7.550994374,             0.448,    0.008427585479,    -0.05347955619,                 0,                 0,                 0,    -0.04008522528,    0.009592230311,     -0.0532829827,                 0,      -6.345774401
          0,           0,         288,      -8.142516199,      -8.539475829,      -8.671050302,      -7.582080094,             0.448,    0.008427545172,    -0.05347942962,                 0,                 0,                 0,    -0.04008538419,    0.009592187253,    -0.05328285704,                 0,      -6.345789733
          0,           0,         289,      -8.172050554,      -8.553052636,      -8.686680691,      -7.612101554,             0.448,    0.008427507013,    -0.05347932236,                 0,                 0,                 0,    -0.04008554277,    0.009592146764,    -0.05328275063,                 0,      -6.345805738
          0,           0,         290,      -8.199748314,      -8.566171577,      -8.701895222,      -7.640475511,             0.448,     0.00842747093,    -0.05347923458,                 0,                 0,                 0,    -0.04008570049,    0.009592108774,    -0.05328266366,                 0,      -6.345822492
          0,           0,         291,      -8.225005685,      -8.578892332,      -8.716750682,      -7.666594073,             0.448,    0.008427436855,     -0.0534791663,                 0,                 0,                 0,    -0.04008585683,    0.009592073218,    -0.05328259614,                 0,      -6.345840049
          0,           0,         292,      -8.247278165,      -8.591282276,      -8.731298218,      -7.689886204,             0.448,    0.008427404724,     -0.0534791174,                 0,                 0,                 0,    -0.04008601129,    0.009592040028,    -0.05328254796,                 0,      -6.345858441
          0,           0,         293,      -8.266161476,      -8.603407356,      -8.745575521,      -7.709896398,             0.448,    0.008427374477,    -0.05347908764,                 0,                 0,                 0,    -0.04008616342,    0.009592009139,    -0.05328251886,                 0,      -6.345877686
          0,           0,         294,      -8.281464825,      -8.615327028,      -8.759607471,      -7.726362592,             0.448,    0.008427346054,    -0.05347907667,                 0,                 0,                 0,    -0.04008631279,    0.009591980483,    -0.05328250851,                 0,      -6.345897786
          0,           0,         295,      -8.293250791,      -8.627094813,      -8.773413549,      -7.739268023,             0.448,    0.008427319396,    -0.05347908402,                 0,                 0,                 0,    -0.04008645904,    0.009591953992,    -0.05328251645,                 0,      -6.345918733
          0,           0,         296,      -8.301825712,      -8.638762667,       -8.78701646,      -7.748847068,             0.448,    0.008427294447,    -0.05347910916,                 0,                 0,                 0,    -0.04008660178,    0.009591929598,    -0.05328254212,                 0,      -6.345940502
          0,           0,         297,      -8.307684368,      -8.650385653,      -8.800447219,      -7.755542647,             0.448,    0.008427271156,    -0.05347915144,                 0,                 0,                 0,    -0.04008674071,    0.009591907234,     -0.0532825849,                 0,      -6.345963059
          0,           0,         298,       -8.31142986,      -8.662024386,      -8.813745642,      -7.759931587,             0.448,    0.008427249471,    -0.05347921017,                 0,                 0,                 0,    -0.04008687553,    0.009591886836,    -0.05328264408,                 0,      -6.345986356
          0,           0,         299,      -8.313693876,      -8.673744629,      -8.826957982,      -7.762642866,             0.448,    0.008427229348,    -0.05347928456,                 0,                 0,                 0,    -0.04008700595,     0.00959186834,     -0.0532827189,                 0,      -6.346010338
          0,           0,         300,      -8.315074987,      -8.685614947,       -8.84013373,      -7.764289302,             0.448,    0.008427210743,    -0.05347937382,                 0,                 0,                 0,    -0.04008713174,    0.009591851687,    -0.05328280854,                 0,      -6.346034939
          0,           0,         301,      -8.316101061,      -8.697703625,      -8.853322568,       -7.76542241,             0.448,    0.008427193618,    -0.05347947708,                 0,                 0,                 0,    -0.04008725269,    0.009591836818,    -0.05328291215,                 0,      -6.346060089
          0,           0,         302,      -8.317213305,      -8.710075977,      -8.866571539,      -7.766510236,             0.448,    0.008427177937,    -0.05347959349,                 0,                 0,                 0,     -0.0400873686,     0.00959182368,    -0.05328302887,                 0,      -6.346085711
          0,           0,         303,      -8.318765575,       -8.72279248,      -8.879922353,      -7.767932633,             0.448,    0.008427163667,    -0.05347972214,                 0,                 0,                 0,    -0.04008747931,     0.00959181222,    -0.05328315781,                 0,      -6.346111723
          0,           0,         304,      -8.321032493,      -8.735907882,      -8.893408959,      -7.769987278,             0.448,    0.008427150778,    -0.05347986213,                 0,                 0,                 0,    -0.04008758467,    0.009591802388,    -0.05328329805,                 0,      -6.346138042
          0,           0,         305,      -8.324221401,      -8.749471043,      -8.907055663,      -7.772900867,             0.448,    0.008427139241,    -0.05348001256,                 0,                 0,                 0,    -0.04008768458,    0.009591794136,    -0.05328344869,                 0,      -6.346164579
          0,           0,         306,      -8.328484968,      -8.763525193,      -8.920875971,       -7.77684175,             0.448,    0.008427129032,     -0.0534801725,                 0,                 0,                 0,    -0.04008777893,    0.009591787418,    -0.05328360881,                 0,      -6.346191247
          0,           0,         307,      -8.333932745,      -8.778108369,      -8.934872092,      -7.781931877,             0.448,    0.008427120124,    -0.05348034103,                 0,                 0,                 0,    -0.04008786765,    0.009591782189,     -0.0532837775,                 0,      -6.346217954
          0,           0,         308,      -8.340640902,      -8.793253848,        -8.9490349,      -7.788257072,             0.448,    0.008427112493,    -0.05348051722,                 0,                 0,                 0,    -0.04008795069,    0.009591778403,    -0.05328395382,                 0,      -6.346244608
          0,           0,         309,      -8.348659979,      -8.808990517,      -8.963344115,       -7.79587533,             0.448,    0.008427106116,    -0.05348070016,                 0,                 0,                 0,    -0.04008802802,    0.009591776019,    -0.05328413685,                 0,      -6.346271118
          0,           0,         310,      -8.358020765,      -8.825343154,      -8.977768568,        -7.8048232,             0.448,    0.008427100969,    -0.05348088891,                 0,                 0,                 0,    -0.04008809962,     0.00959177499,    -0.05328432566,                 0,      -6.346297393
          0,           0,         311,      -8.368738501,      -8.842332588,      -8.992266548,      -7.815120436,             0.448,    0.008427097027,    -0.05348108255,                 0,                 0,                 0,    -0.04008816551,    0.009591775273,    -0.05328451934,                 0,       -6.34632334
          0,           0,         312,      -8.380815646,      -8.859975705,      -9.006786369,      -7.826773154,             0.448,    0.008427094265,    -0.05348128015,                 0,                 0,                 0,    -0.04008822569,    0.009591776823,    -0.05328471696,                 0,      -6.346348869
          0,           0,         313,      -8.394243386,      -8.878285222,      -9.021267277,      -7.839775685,             0.448,    0.008427092658,    -0.05348148081,                 0,                 0,                 0,    -0.04008828023,    0.009591779593,    -0.05328491761,                 0,       -6.34637389
          0,           0,         314,      -8.409002014,       -8.89726919,      -9.035640802,      -7.854111271,             0.448,    0.008427092177,    -0.05348168361,                 0,                 0,                 0,    -0.04008832918,    0.009591783537,    -0.05328512037,                 0,      -6.346398316
          0,           0,         315,       -8.42506027,      -8.916930156,        -9.0498326,      -7.869751717,             0.448,    0.008427092795,    -0.05348188765,                 0,                 0,                 0,    -0.04008837262,    0.009591788606,    -0.05328532435,                 0,      -6.346422063
          0,           0,         316,      -8.442373672,      -8.937263931,      -9.063764754,      -7.886656025,             0.448,    0.008427094481,    -0.05348209206,                 0,                 0,                 0,    -0.04008841065,    0.009591794751,    -0.05328552868,                 0,      -6.346445051
          0,           0,         317,      -8.460881833,      -8.958257924,       -9.07735851,      -7.904768032,             0.448,    0.008427097203,    -0.05348229601,                 0,                 0,                 0,    -0.04008844339,    0.009591801921,    -0.05328573251,                 0,      -6.346467202
          0,           0,         318,      -8.480504749,      -8.979888983,      -9.090537355,      -7.924013028,             0.448,    0.008427100926,    -0.05348249867,                 0,                 0,                 0,    -0.04008847098,    0.009591810064,    -0.05328593504,                 0,      -6.346488447
          0,           0,         319,      -8.501138066,      -9.002120682,      -9.103230413,      -7.944293353,             0.448,    0.008427105615,    -0.05348269928,                 0,                 0,                 0,    -0.04008849357,    0.009591819128,    -0.05328613551,                 0,      -6.346508721
          0,           0,         320,      -8.522647405,      -9.024900073,      -9.115375919,       -7.96548304,             0.448,    0.008427111233,    -0.05348289713,                 0,                 0,                 0,    -0.04008851133,    0.009591829061,    -0.05328633318,                 0,      -6.346527968
          0,           0,         321,       -8.54486202,      -9.048153837,       -9.12692472,      -7.987421696,             0.448,    0.008427117739,    -0.05348309155,                 0,                 0,                 0,    -0.04008852445,    0.009591839807,    -0.05328652742,                 0,      -6.346546139
          0,           0,         322,      -8.567568321,      -9.071783958,       -9.13784351,      -8.009908093,             0.448,    0.008427125095,    -0.05348328194,                 0,                 0,                 0,    -0.04008853314,    0.009591851314,     -0.0532867176,                 0,      -6.346563192
          0,           0,         323,      -8.590504248,      -9.095663046,      -9.148117658,      -8.032694298,             0.448,    0.008427133256,    -0.05348346778,                 0,                 0,                 0,    -0.04008853761,    0.009591863528,    -0.05328690322,                 0,      -6.346579098
          0,           0,         324,      -8.613356012,      -9.119629699,      -9.157753458,      -8.055481701,             0.448,    0.008427142181,    -0.05348364859,                 0,                 0,                 0,     -0.0400885381,    0.009591876395,    -0.05328708379,                 0,      -6.346593832
          0,           0,         325,      -8.635759301,      -9.143484756,      -9.166779492,      -8.077920857,             0.448,    0.008427151826,    -0.05348382398,                 0,                 0,                 0,    -0.04008853483,    0.009591889863,    -0.05328725893,                 0,      -6.346607381
          0,           0,         326,      -8.657307417,       -9.16698928,      -9.175246672,      -8.099617528,             0.448,    0.008427162145,    -0.05348399362,                 0,                 0,                 0,    -0.04008852807,    0.009591903881,    -0.05328742831,                 0,       -6.34661974
          0,           0,         327,       -8.67756861,      -9.189866192,      -9.183226097,      -8.120147264,             0.448,    0.008427173092,    -0.05348415726,                 0,                 0,                 0,    -0.04008851806,    0.009591918395,    -0.05328759166,                 0,      -6.346630913
          0,           0,         328,      -8.696113748,      -9.211806509,       -9.19080394,      -8.139080099,             0.448,     0.00842718462,    -0.05348431469,                 0,                 0,                 0,    -0.04008850506,    0.009591933354,    -0.05328774881,                 0,      -6.346640913
          0,           0,         329,      -8.712553113,      -9.232481385,      -9.198073152,      -8.156014889,             0.448,    0.008427196679,    -0.05348446577,                 0,                 0,                 0,    -0.04008848933,    0.009591948706,    -0.05328789959,                 0,      -6.346649759
          0,           0,         330,      -8.726577945,      -9.251559489,      -9.205123619,      -8.170619874,             0.448,    0.008427209217,    -0.05348461042,                 0,                 0,                 0,    -0.04008847114,    0.009591964397,    -0.05328804393,                 0,      -6.346657481
          0,           0,         331,      -8.737999202,      -9.268728874,      -9.212034001,      -8.182672752,             0.448,    0.008427222183,    -0.05348474859,                 0,                 0,                 0,    -0.04008845073,    0.009591980374,    -0.05328818178,                 0,      -6.346664111
          0,           0,         332,      -8.746774339,      -9.283722237,      -9.218868559,      -8.192091272,             0.448,    0.008427235524,    -0.05348488028,                 0,                 0,                 0,    -0.04008842837,    0.009591996585,    -0.05328831316,                 0,      -6.346669691
          0,           0,         333,       -8.75301428,      -9.296343275,      -9.225679782,      -8.198945877,             0.448,    0.008427249188,    -0.05348500556,                 0,                 0,                 0,    -0.04008840428,    0.009592012979,     -0.0532884381,                 0,      -6.346674266
          0,           0,         334,      -8.756967703,      -9.306490468,      -9.232514236,      -8.203449965,             0.448,    0.008427263125,    -0.05348512449,                 0,                 0,                 0,    -0.04008837872,    0.009592029506,     -0.0532885567,                 0,      -6.346677883
          0,           0,         335,      -8.758986598,      -9.314171839,      -9.239417798,      -8.205929976,             0.448,    0.008427277283,    -0.05348523719,                 0,                 0,                 0,     -0.0400883519,     0.00959204612,    -0.05328866907,                 0,      -6.346680594
          0,           0,         336,      -8.759482412,      -9.319505973,      -9.246437936,      -8.206783426,             0.448,    0.008427291617,    -0.05348534382,                 0,                 0,                 0,    -0.04008832404,    0.009592062776,    -0.05328877536,                 0,      -6.346682452
          0,           0,         337,      -8.758883196,      -9.322707714,      -9.253623204,      -8.206435283,             0.448,    0.008427306079,    -0.05348544454,                 0,                 0,                 0,    -0.04008829535,    0.009592079432,    -0.05328887574,                 0,      -6.346683512
          0,           0,         338,      -8.757599337,      -9.324062526,      -9.261021664,      -8.205301165,             0.448,    0.008427320627,    -0.05348553955,                 0,                 0,                 0,    -0.04008826601,    0.009592096049,    -0.05328897041,                 0,       -6.34668383
          0,           0,         339,      -8.756000982,      -9.323895915,      -9.268679543,       -8.20376164,             0.448,    0.008427335216,    -0.05348562905,                 0,                 0,                 0,    -0.04008823621,    0.009592112587,    -0.05328905957,                 0,      -6.346683463
          0,           0,         340,      -8.754406565,      -9.322544221,      -9.276640548,      -8.202147963,             0.448,    0.008427349807,    -0.05348571327,                 0,                 0,                 0,    -0.04008820611,    0.009592129012,    -0.05328914345,                 0,      -6.346682468
          0,           0,         341,      -8.753079875,      -9.320331579,      -9.284945519,      -8.200737104,             0.448,    0.008427364359,    -0.05348579244,                 0,                 0,                 0,    -0.04008817588,    0.009592145287,    -0.05328922228,                 0,      -6.346680903
          0,           0,         342,      -8.752232724,      -9.317554222,      -9.293632116,      -8.199753165,             0.448,    0.008427378835,    -0.05348586679,                 0,                 0,                 0,    -0.04008814565,    0.009592161382,     -0.0532892963,                 0,      -6.346678823
          0,           0,         343,      -8.752030625,      -9.314472087,      -9.302734391,      -8.199372468,             0.448,    0.008427393199,    -0.05348593657,                 0,                 0,                 0,    -0.04008811556,    0.009592177264,    -0.05328936575,                 0,      -6.346676286
          0,           0,         344,      -8.752599689,      -9.311306083,      -9.312282402,      -8.199730265,             0.448,    0.008427407415,    -0.05348600202,                 0,                 0,                 0,    -0.04008808574,    0.009592192905,    -0.05328943088,                 0,      -6.346673347
          0,           0,         345,      -8.754033566,      -9.308239306,      -9.322302017,      -8.200927748,             0.448,    0.008427421451,     -0.0534860634,                 0,                 0,                 0,    -0.04008805631,    0.009592208277,    -0.05328949194,                 0,      -6.346670059
          0,           0,         346,      -8.756399812,      -9.305420314,      -9.332814946,      -8.203038585,             0.448,    0.008427435275,    -0.05348612095,                 0,                 0,                 0,    -0.04008802736,    0.009592223353,    -0.05328954917,                 0,      -6.346666477
          0,           0,         347,      -8.759745398,      -9.302967667,      -9.343839014,      -8.206114646,             0.448,    0.008427448857,    -0.05348617491,                 0,                 0,                 0,    -0.04008799898,    0.009592238109,    -0.05328960282,                 0,      -6.346662652
          0,           0,         348,      -8.764101286,      -9.300974634,      -9.355388502,      -8.210190792,             0.448,     0.00842746217,    -0.05348622553,                 0,                 0,                 0,    -0.04008797128,    0.009592252523,    -0.05328965314,                 0,      -6.346658633
          0,           0,         349,      -8.769486144,      -9.299513671,      -9.367474483,      -8.215288777,             0.448,    0.008427475187,    -0.05348627305,                 0,                 0,                 0,    -0.04008794432,    0.009592266573,    -0.05328970036,                 0,      -6.346654468
          0,           0,         350,      -8.775909294,      -9.298640579,      -9.380105139,      -8.221420359,             0.448,    0.008427487884,    -0.05348631769,                 0,                 0,                 0,    -0.04008791816,    0.009592280241,    -0.05328974472,                 0,      -6.346650204
          0,           0,         351,       -8.78337301,      -9.298398017,      -9.393286005,       -8.22858974,             0.448,    0.008427500238,    -0.05348635969,                 0,                 0,                 0,    -0.04008789288,    0.009592293509,    -0.05328978644,                 0,      -6.346645883
          0,           0,         352,      -8.791874297,      -9.298818356,      -9.407020187,      -8.236795449,             0.448,    0.008427512229,    -0.05348639927,                 0,                 0,                 0,    -0.04008786851,     0.00959230636,    -0.05328982574,                 0,      -6.346641549
          0,           0,         353,      -8.801406235,      -9.299926267,      -9.421308579,      -8.246031774,             0.448,    0.008427523837,    -0.05348643663,                 0,                 0,                 0,    -0.04008784511,    0.009592318781,    -0.05328986284,                 0,       -6.34663724
          0,           0,         354,      -8.811958982,      -9.301740465,          -9.43615,      -8.256289848,             0.448,    0.008427535046,    -0.05348647198,                 0,                 0,                 0,     -0.0400878227,    0.009592330758,    -0.05328989794,                 0,      -6.346632994
          0,           0,         355,      -8.823520493,       -9.30427541,      -9.451541342,      -8.267558421,             0.448,     0.00842754584,    -0.05348650552,                 0,                 0,                 0,    -0.04008780131,    0.009592342282,    -0.05328993124,                 0,      -6.346628845
          0,           0,         356,      -8.836077023,       -9.30754244,      -9.467477613,      -8.279824415,             0.448,    0.008427556206,    -0.05348653743,                 0,                 0,                 0,    -0.04008778097,    0.009592353341,    -0.05328996291,                 0,      -6.346624824
          0,           0,         357,      -8.849613443,      -9.311550741,       -9.48395189,      -8.293073285,             0.448,    0.008427566132,    -0.05348656787,                 0,                 0,                 0,     -0.0400877617,    0.009592363929,    -0.05328999313,                 0,      -6.346620962
          0,           0,         358,      -8.864113393,      -9.316308122,      -9.500955283,      -8.307289205,             0.448,    0.008427575608,    -0.05348659703,                 0,                 0,                 0,    -0.04008774349,    0.009592374038,    -0.05329002207,                 0,      -6.346617286
          0,           0,         359,      -8.879559312,      -9.321821524,      -9.518476698,      -8.322455135,             0.448,    0.008427584625,    -0.05348662504,                 0,                 0,                 0,    -0.04008772635,    0.009592383664,    -0.05329004989,                 0,      -6.346613819
          0,           0,         360,      -8.895932334,      -9.328097565,      -9.536502665,      -8.338552742,             0.448,    0.008427593177,    -0.05348665206,                 0,                 0,                 0,    -0.04008771028,    0.009592392804,    -0.05329007671,                 0,      -6.346610585
          0,           0,         361,      -8.913212072,      -9.335142764,      -9.555016978,      -8.355562216,             0.448,     0.00842760126,    -0.05348667821,                 0,                 0,                 0,    -0.04008769527,    0.009592401455,    -0.05329010268,                 0,        -6.3466076
          0,           0,         362,      -8.931376288,      -9.342963849,       -9.57400033,      -8.373461958,             0.448,     0.00842760887,    -0.05348670361,                 0,                 0,                 0,    -0.04008768131,    0.009592409618,     -0.0532901279,                 0,      -6.346604883
          0,           0,         363,      -8.950400429,      -9.351567898,      -9.593429853,      -8.392228152,             0.448,    0.008427616006,    -0.05348672837,                 0,                 0,                 0,    -0.04008766838,    0.009592417292,     -0.0532901525,                 0,      -6.346602447
          0,           0,         364,      -8.970257051,      -9.360962511,      -9.613278485,      -8.411834208,             0.448,    0.008427622668,    -0.05348675258,                 0,                 0,                 0,    -0.04008765647,     0.00959242448,    -0.05329017656,                 0,      -6.346600304
          0,           0,         365,      -8.990915086,      -9.371155891,      -9.633514283,      -8.432250063,             0.448,    0.008427628857,    -0.05348677634,                 0,                 0,                 0,    -0.04008764553,    0.009592431186,    -0.05329020018,                 0,      -6.346598461
          0,           0,         366,       -9.01233895,      -9.382156861,      -9.654099608,      -8.453441313,             0.448,    0.008427634577,    -0.05348679971,                 0,                 0,                 0,    -0.04008763556,    0.009592437415,    -0.05329022342,                 0,      -6.346596927
          0,           0,         367,      -9.034487482,      -9.393975007,      -9.674990186,       -8.47536819,             0.448,    0.008427639833,    -0.05348682275,                 0,                 0,                 0,    -0.04008762652,    0.009592443172,    -0.05329024634,                 0,      -6.346595704
          0,           0,         368,      -9.057312682,      -9.406620653,      -9.696134057,      -8.497984328,             0.448,    0.008427644629,    -0.05348684553,                 0,                 0,                 0,    -0.04008761838,    0.009592448464,    -0.05329026901,                 0,      -6.346594795
          0,           0,         369,      -9.080758251,      -9.420104985,      -9.717470466,      -8.521235335,             0.448,    0.008427648973,    -0.05348686809,                 0,                 0,                 0,     -0.0400876111,    0.009592453299,    -0.05329029147,                 0,      -6.346594199
          0,           0,         370,      -9.104757905,      -9.434440053,      -9.738928827,      -8.545057142,             0.448,    0.008427652873,    -0.05348689045,                 0,                 0,                 0,    -0.04008760465,    0.009592457686,    -0.05329031374,                 0,      -6.346593915
          0,           0,         371,      -9.129233516,      -9.449638886,      -9.760427657,      -8.569374161,             0.448,    0.008427656338,    -0.05348691264,                 0,                 0,                 0,    -0.04008759899,    0.009592461634,    -0.05329033584,                 0,      -6.346593939
          0,           0,         372,      -9.154093076,       -9.46571548,      -9.781873809,      -8.594097266,             0.448,    0.008427659379,    -0.05348693467,                 0,                 0,                 0,    -0.04008759408,    0.009592465155,    -0.05329035781,                 0,      -6.346594264
          0,           0,         373,      -9.179228627,      -9.482684778,      -9.803161987,      -8.619121703,             0.448,    0.008427662006,    -0.05348695655,                 0,                 0,                 0,    -0.04008758989,    0.009592468259,    -0.05329037963,                 0,      -6.346594882
          0,           0,         374,      -9.204514254,      -9.500562462,       -9.82417485,      -8.644325044,             0.448,    0.008427664232,    -0.05348697828,                 0,                 0,                 0,    -0.04008758637,    0.009592470958,    -0.05329040131,                 0,      -6.346595784
          0,           0,         375,      -9.229804448,      -9.519364632,      -9.844783882,      -8.669565443,             0.448,     0.00842766607,    -0.05348699985,                 0,                 0,                 0,    -0.04008758349,    0.009592473266,    -0.05329042282,                 0,      -6.346596959
          0,           0,         376,      -9.254933131,      -9.539107241,      -9.864851235,       -8.69468049,             0.448,    0.008427667533,    -0.05348702123,                 0,                 0,                 0,     -0.0400875812,    0.009592475196,    -0.05329044417,                 0,      -6.346598393
          0,           0,         377,      -9.279713841,      -9.559805057,      -9.884232769,      -8.719487136,             0.448,    0.008427668638,     -0.0534870424,                 0,                 0,                 0,    -0.04008757947,    0.009592476762,    -0.05329046531,                 0,      -6.346600073
          0,           0,         378,      -9.303941573,      -9.581470429,      -9.902782576,      -8.743783171,             0.448,      0.0084276694,    -0.05348706333,                 0,                 0,                 0,    -0.04008757825,     0.00959247798,    -0.05329048622,                 0,      -6.346601984
          0,           0,         379,      -9.327396856,      -9.604111514,       -9.92035878,      -8.767350857,             0.448,    0.008427669834,    -0.05348708398,                 0,                 0,                 0,     -0.0400875775,    0.009592478865,    -0.05329050686,                 0,      -6.346604107
          0,           0,         380,      -9.349852472,      -9.627730272,      -9.936830652,      -8.789963145,             0.448,    0.008427669959,    -0.05348710433,                 0,                 0,                 0,    -0.04008757719,    0.009592479434,     -0.0532905272,                 0,      -6.346606428
          0,           0,         381,      -9.371082971,      -9.652319803,      -9.952086247,      -8.811392728,             0.448,    0.008427669791,    -0.05348712433,                 0,                 0,                 0,    -0.04008757727,    0.009592479702,     -0.0532905472,                 0,      -6.346608927
          0,           0,         382,      -9.390876633,      -9.677861298,      -9.966040052,      -8.831423665,             0.448,    0.008427669348,    -0.05348714394,                 0,                 0,                 0,     -0.0400875777,    0.009592479687,    -0.05329056682,                 0,      -6.346611588
          0,           0,         383,       -9.40904894,      -9.704320377,      -9.978639133,       -8.84986479,             0.448,    0.008427668648,    -0.05348716313,                 0,                 0,                 0,    -0.04008757845,    0.009592479405,    -0.05329058601,                 0,      -6.346614392
          0,           0,         384,      -9.425455967,       -9.73164264,      -9.989867336,      -8.866563356,             0.448,    0.008427667707,    -0.05348718186,                 0,                 0,                 0,     -0.0400875795,    0.009592478873,    -0.05329060476,                 0,      -6.346617323
          0,           0,         385,      -9.440005754,      -9.759748135,      -9.999746253,      -8.881417049,             0.448,    0.008427666543,    -0.05348720009,                 0,                 0,                 0,    -0.04008758079,    0.009592478107,    -0.05329062301,                 0,      -6.346620363
          0,           0,         386,      -9.452665679,      -9.788524722,      -10.00833353,      -8.894382268,             0.448,    0.008427665173,    -0.05348721778,                 0,                 0,                 0,    -0.04008758231,    0.009592477123,    -0.05329064073,                 0,      -6.346623494
          0,           0,         387,      -9.463464527,      -9.817819942,       -10.0157184,      -8.905477215,             0.448,    0.008427663613,    -0.05348723491,                 0,                 0,                 0,    -0.04008758403,    0.009592475938,    -0.05329065789,                 0,      -6.346626701
          0,           0,         388,       -9.47248882,       -9.84743226,      -10.02201559,      -8.914779205,             0.448,     0.00842766188,    -0.05348725144,                 0,                 0,                 0,    -0.04008758592,    0.009592474565,    -0.05329067445,                 0,      -6.346629967
          0,           0,         389,       -9.47987418,      -9.877102067,      -10.02735835,      -8.922416727,             0.448,    0.008427659989,    -0.05348726734,                 0,                 0,                 0,    -0.04008758796,    0.009592473022,    -0.05329069039,                 0,      -6.346633278
          0,           0,         390,      -9.485793344,      -9.906504184,      -10.03189133,      -8.928557813,             0.448,    0.008427657956,    -0.05348728259,                 0,                 0,                 0,    -0.04008759012,    0.009592471322,    -0.05329070568,                 0,      -6.346636619
          0,           0,         391,      -9.490442787,      -9.935244625,      -10.03576415,      -8.933396649,             0.448,    0.008427655795,    -0.05348729716,                 0,                 0,                 0,    -0.04008759239,     0.00959246948,    -0.05329072029,                 0,      -6.346639974
          0,           0,         392,      -9.494029848,      -9.962865242,      -10.03912547,      -8.937140394,             0.448,    0.008427653522,    -0.05348731103,                 0,                 0,                 0,    -0.04008759475,    0.009592467509,    -0.05329073421,                 0,      -6.346643332
          0,           0,         393,      -9.496761719,      -9.988860112,      -10.04211846,      -8.939997693,             0.448,    0.008427651149,    -0.05348732418,                 0,                 0,                 0,    -0.04008759719,    0.009592465424,    -0.05329074741,                 0,       -6.34664668
          0,           0,         394,      -9.498837014,      -10.01270711,      -10.04487728,      -8.942169691,             0.448,     0.00842764869,     -0.0534873366,                 0,                 0,                 0,    -0.04008759968,    0.009592463237,    -0.05329075988,                 0,      -6.346650005
          0,           0,         395,      -9.500440041,      -10.03391459,      -10.04752471,      -8.943843812,             0.448,    0.008427646158,    -0.05348734828,                 0,                 0,                 0,    -0.04008760222,     0.00959246096,    -0.05329077161,                 0,      -6.346653298
          0,           0,         396,      -9.501737588,      -10.05207788,      -10.05017099,      -8.945190132,             0.448,    0.008427643565,    -0.05348735921,                 0,                 0,                 0,    -0.04008760479,    0.009592458606,    -0.05329078259,                 0,      -6.346656547
          0,           0,         397,      -9.502877658,      -10.06693505,       -10.0529133,      -8.946359817,             0.448,    0.008427640922,    -0.05348736937,                 0,                 0,                 0,    -0.04008760739,    0.009592456185,    -0.05329079281,                 0,      -6.346659744
          0,           0,         398,      -9.503989669,      -10.07840689,      -10.05583617,      -8.947485124,             0.448,     0.00842763824,    -0.05348737878,                 0,                 0,                 0,       -0.04008761,    0.009592453709,    -0.05329080227,                 0,      -6.346662879
          0,           0,         399,      -9.505185598,      -10.08660783,      -10.05901215,      -8.948680456,             0.448,     0.00842763553,    -0.05348738742,                 0,                 0,                 0,    -0.04008761263,    0.009592451188,    -0.05329081097,                 0,      -6.346665946
          0,           0,         400,      -9.506561668,      -10.09182654,      -10.06250283,      -8.950044006,             0.448,      0.0084276328,    -0.05348739532,                 0,                 0,                 0,    -0.04008761525,    0.009592448631,    -0.05329081892,                 0,      -6.346668938
          0,           0,         401,      -9.508200258,      -10.09448002,      -10.06636004,      -8.951659687,             0.448,     0.00842763006,    -0.05348740246,                 0,                 0,                 0,    -0.04008761788,    0.009592446048,    -0.05329082612,                 0,      -6.346671849
          0,           0,         402,      -9.510171852,      -10.09505681,      -10.07062694,       -8.95359911,             0.448,    0.008427627319,    -0.05348740886,                 0,                 0,                 0,    -0.04008762049,    0.009592443447,    -0.05329083259,                 0,      -6.346674673
          0,           0,         403,      -9.512536869,      -10.09406214,      -10.07533922,      -8.955923484,             0.448,    0.008427624584,    -0.05348741454,                 0,                 0,                 0,     -0.0400876231,    0.009592440836,    -0.05329083832,                 0,      -6.346677407
          0,           0,         404,      -9.515347337,      -10.09197558,      -10.08052609,      -8.958685335,             0.448,    0.008427621862,     -0.0534874195,                 0,                 0,                 0,     -0.0400876257,    0.009592438223,    -0.05329084334,                 0,      -6.346680046
          0,           0,         405,      -9.518648336,      -10.08922387,      -10.08621125,       -8.96193001,             0.448,     0.00842761916,    -0.05348742377,                 0,                 0,                 0,    -0.04008762827,    0.009592435615,    -0.05329084767,                 0,      -6.346682587
          0,           0,         406,      -9.522479265,      -10.08616851,      -10.09241372,      -8.965697003,             0.448,    0.008427616484,    -0.05348742737,                 0,                 0,                 0,    -0.04008763084,    0.009592433018,    -0.05329085132,                 0,      -6.346685029
          0,           0,         407,       -9.52687487,      -10.08310343,      -10.09914851,      -8.970021025,             0.448,     0.00842761384,    -0.05348743031,                 0,                 0,                 0,    -0.04008763338,    0.009592430439,    -0.05329085432,                 0,      -6.346687368
          0,           0,         408,      -9.531866137,      -10.08025988,      -10.10642722,      -8.974932928,             0.448,    0.008427611233,    -0.05348743261,                 0,                 0,                 0,    -0.04008763591,    0.009592427883,    -0.05329085668,                 0,      -6.346689606
          0,           0,         409,      -9.537481008,      -10.07781425,      -10.11425858,      -8.980460465,             0.448,    0.008427608667,    -0.05348743431,                 0,                 0,                 0,    -0.04008763843,    0.009592425355,    -0.05329085844,                 0,       -6.34669174
          0,           0,         410,      -9.543744963,      -10.07589683,       -10.1226488,      -8.986628885,             0.448,    0.008427606147,    -0.05348743543,                 0,                 0,                 0,    -0.04008764092,    0.009592422859,    -0.05329085961,                 0,      -6.346693771
          0,           0,         411,      -9.550681509,      -10.07460065,      -10.13160191,      -8.993461444,             0.448,    0.008427603676,      -0.053487436,                 0,                 0,                 0,     -0.0400876434,    0.009592420401,    -0.05329086024,                 0,      -6.346695699
          0,           0,         412,      -9.558312564,      -10.07398921,         -10.14112,       -9.00097981,             0.448,    0.008427601257,    -0.05348743604,                 0,                 0,                 0,    -0.04008764587,    0.009592417984,    -0.05329086033,                 0,      -6.346697526
          0,           0,         413,      -9.566658762,      -10.07410285,      -10.15120334,      -9.009204363,             0.448,    0.008427598894,    -0.05348743559,                 0,                 0,                 0,    -0.04008764832,    0.009592415612,    -0.05329085993,                 0,      -6.346699252
          0,           0,         414,      -9.575739716,      -10.07496425,       -10.1618506,      -9.018154479,             0.448,    0.008427596589,    -0.05348743468,                 0,                 0,                 0,    -0.04008765076,    0.009592413287,    -0.05329085907,                 0,      -6.346700879
          0,           0,         415,      -9.585574193,      -10.07658235,      -10.17305884,      -9.027848696,             0.448,    0.008427594344,    -0.05348743333,                 0,                 0,                 0,    -0.04008765318,    0.009592411013,    -0.05329085777,                 0,       -6.34670241
          0,           0,         416,      -9.596180258,      -10.07895571,      -10.18482353,       -9.03830488,             0.448,     0.00842759216,    -0.05348743158,                 0,                 0,                 0,     -0.0400876556,    0.009592408792,    -0.05329085606,                 0,      -6.346703846
          0,           0,         417,      -9.607575365,      -10.08207526,      -10.19713856,      -9.049540302,             0.448,     0.00842759004,    -0.05348742945,                 0,                 0,                 0,      -0.040087658,    0.009592406626,    -0.05329085399,                 0,      -6.346705191
          0,           0,         418,      -9.619776395,      -10.08592606,      -10.20999615,      -9.061571697,             0.448,    0.008427587985,    -0.05348742699,                 0,                 0,                 0,     -0.0400876604,    0.009592404518,    -0.05329085157,                 0,      -6.346706447
          0,           0,         419,      -9.632799651,      -10.09048888,      -10.22338673,      -9.074415258,             0.448,    0.008427585995,    -0.05348742423,                 0,                 0,                 0,    -0.04008766279,    0.009592402468,    -0.05329084885,                 0,      -6.346707617
          0,           0,         420,      -9.646660761,      -10.09574124,      -10.23729879,      -9.088086551,             0.448,    0.008427584071,    -0.05348742119,                 0,                 0,                 0,    -0.04008766517,    0.009592400478,    -0.05329084585,                 0,      -6.346708706
          0,           0,         421,      -9.661374557,      -10.10165844,      -10.25171883,      -9.102600405,             0.448,    0.008427582213,     -0.0534874179,                 0,                 0,                 0,    -0.04008766754,    0.009592398549,    -0.05329084261,                 0,      -6.346709715
          0,           0,         422,      -9.676954824,      -10.10821394,        -10.266631,      -9.117970696,             0.448,    0.008427580423,    -0.05348741441,                 0,                 0,                 0,    -0.04008766991,    0.009592396683,    -0.05329083916,                 0,      -6.346710649
          0,           0,         423,      -9.693413959,       -10.1153803,      -10.28201697,      -9.134210016,             0.448,    0.008427578699,    -0.05348741074,                 0,                 0,                 0,    -0.04008767227,    0.009592394879,    -0.05329083552,                 0,      -6.346711511
          0,           0,         424,      -9.710762477,      -10.12312926,      -10.29785565,      -9.151329232,             0.448,    0.008427577041,    -0.05348740691,                 0,                 0,                 0,    -0.04008767463,    0.009592393139,    -0.05329083173,                 0,      -6.346712305
          0,           0,         425,      -9.729008365,      -10.13143204,        -10.314123,       -9.16933688,             0.448,    0.008427575451,    -0.05348740297,                 0,                 0,                 0,    -0.04008767698,    0.009592391462,    -0.05329082782,                 0,      -6.346713035
          0,           0,         426,      -9.748156209,      -10.14025985,      -10.33079165,      -9.188238367,             0.448,    0.008427573925,    -0.05348739893,                 0,                 0,                 0,    -0.04008767933,     0.00959238985,    -0.05329082382,                 0,      -6.346713705
          0,           0,         427,      -9.768206027,      -10.14958402,      -10.34783093,      -9.208034905,             0.448,    0.008427572466,    -0.05348739484,                 0,                 0,                 0,    -0.04008768166,    0.009592388301,    -0.05329081976,                 0,      -6.346714318
          0,           0,         428,      -9.789151807,        -10.159376,      -10.36520632,       -9.22872213,             0.448,     0.00842757107,     -0.0534873907,                 0,                 0,                 0,    -0.04008768399,    0.009592386816,    -0.05329081566,                 0,      -6.346714879
          0,           0,         429,      -9.810979582,       -10.1696081,      -10.38287951,      -9.250288347,             0.448,    0.008427569739,    -0.05348738657,                 0,                 0,                 0,    -0.04008768631,    0.009592385394,    -0.05329081155,                 0,      -6.346715391
          0,           0,         430,      -9.833665055,      -10.18025335,      -10.40080825,      -9.272712348,             0.448,     0.00842756847,    -0.05348738245,                 0,                 0,                 0,    -0.04008768862,    0.009592384036,    -0.05329080746,                 0,      -6.346715857
          0,           0,         431,      -9.857170559,      -10.19128553,      -10.41894661,      -9.295960563,             0.448,    0.008427567263,    -0.05348737837,                 0,                 0,                 0,    -0.04008769091,     0.00959238274,    -0.05329080341,                 0,      -6.346716282
          0,           0,         432,      -9.881441416,      -10.20267971,      -10.43724473,      -9.319983694,             0.448,    0.008427566116,    -0.05348737436,                 0,                 0,                 0,    -0.04008769319,    0.009592381506,    -0.05329079942,                 0,       -6.34671667
          0,           0,         433,      -9.906401571,      -10.21441254,      -10.45564964,      -9.344712677,             0.448,    0.008427565029,    -0.05348737043,                 0,                 0,                 0,    -0.04008769545,    0.009592380334,    -0.05329079553,                 0,      -6.346717023
          0,           0,         434,      -9.931948419,      -10.22646224,      -10.47410558,       -9.37005378,             0.448,    0.008427564001,    -0.05348736662,                 0,                 0,                 0,     -0.0400876977,    0.009592379222,    -0.05329079173,                 0,      -6.346717345
          0,           0,         435,      -9.957947245,      -10.23880962,      -10.49255508,      -9.395883368,             0.448,    0.008427563029,    -0.05348736293,                 0,                 0,                 0,    -0.04008769992,     0.00959237817,    -0.05329078807,                 0,      -6.346717639
          0,           0,         436,      -9.984225252,      -10.25143788,      -10.51094028,      -9.422042138,             0.448,    0.008427562113,    -0.05348735939,                 0,                 0,                 0,    -0.04008770212,    0.009592377177,    -0.05329078455,                 0,      -6.346717909
          0,           0,         437,      -10.01056608,      -10.26433351,      -10.52920386,      -9.448329594,             0.448,     0.00842756125,      -0.053487356,                 0,                 0,                 0,    -0.04008770429,    0.009592376241,    -0.05329078118,                 0,      -6.346718157
          0,           0,         438,      -10.03670583,      -10.27748644,      -10.54729132,      -9.474499723,             0.448,    0.008427560441,     -0.0534873528,                 0,                 0,                 0,    -0.04008770643,    0.009592375362,    -0.05329077799,                 0,      -6.346718385
          0,           0,         439,      -10.06233206,       -10.2908901,      -10.56515198,      -9.500258985,             0.448,    0.008427559683,    -0.05348734977,                 0,                 0,                 0,    -0.04008770853,    0.009592374538,    -0.05329077498,                 0,      -6.346718597
          0,           0,         440,      -10.08708805,      -10.30454169,      -10.58273991,      -9.525268764,             0.448,    0.008427558975,    -0.05348734694,                 0,                 0,                 0,     -0.0400877106,    0.009592373769,    -0.05329077217,                 0,      -6.346718794
          0,           0,         441,      -10.11058461,      -10.31844036,      -10.60001456,      -9.549154456,             0.448,    0.008427558316,    -0.05348734431,                 0,                 0,                 0,    -0.04008771263,    0.009592373052,    -0.05329076955,                 0,      -6.346718979
          0,           0,         442,      -10.13242162,      -10.33258629,      -10.61694012,      -9.571523369,             0.448,    0.008427557704,    -0.05348734189,                 0,                 0,                 0,    -0.04008771461,    0.009592372387,    -0.05329076715,                 0,      -6.346719153
          0,           0,         443,      -10.15221968,      -10.34697896,      -10.63348441,      -9.591992818,             0.448,    0.008427557137,    -0.05348733968,                 0,                 0,                 0,    -0.04008771655,    0.009592371772,    -0.05329076495,                 0,      -6.346719317
          0,           0,         444,      -10.16965903,       -10.3616159,      -10.64961825,      -9.610226128,             0.448,    0.008427556614,    -0.05348733768,                 0,                 0,                 0,    -0.04008771844,    0.009592371206,    -0.05329076296,                 0,      -6.346719474
          0,           0,         445,      -10.18451953,      -10.37649239,      -10.66531551,      -9.625972316,             0.448,    0.008427556134,     -0.0534873359,                 0,                 0,                 0,    -0.04008772027,    0.009592370687,    -0.05329076119,                 0,      -6.346719624
          0,           0,         446,      -10.19671178,      -10.39160244,      -10.68055429,      -9.639099972,             0.448,    0.008427555695,    -0.05348733433,                 0,                 0,                 0,    -0.04008772206,    0.009592370214,    -0.05329075964,                 0,      -6.346719769
          0,           0,         447,      -10.20629116,      -10.40693986,      -10.69531889,      -9.649616883,             0.448,    0.008427555295,    -0.05348733298,                 0,                 0,                 0,    -0.04008772378,    0.009592369785,    -0.05329075829,                 0,      -6.346719909
          0,           0,         448,      -10.21345024,       -10.4225013,      -10.70960177,      -9.657669669,             0.448,    0.008427554933,    -0.05348733183,                 0,                 0,                 0,    -0.04008772544,    0.009592369398,    -0.05329075715,                 0,      -6.346720046
          0,           0,         449,      -10.21849194,      -10.43828685,      -10.72340546,      -9.663522981,             0.448,    0.008427554607,    -0.05348733089,                 0,                 0,                 0,    -0.04008772705,    0.009592369052,    -0.05329075622,                 0,      -6.346720179
          0,           0,         450,      -10.22179159,      -10.45430078,      -10.73674271,      -9.667525418,             0.448,    0.008427554317,    -0.05348733015,                 0,                 0,                 0,    -0.04008772859,    0.009592368745,    -0.05329075549,                 0,      -6.346720311
          0,           0,         451,      -10.22375622,      -10.47055263,      -10.74963658,      -9.670069722,             0.448,    0.008427554059,    -0.05348732961,                 0,                 0,                 0,    -0.04008773006,    0.009592368476,    -0.05329075495,                 0,       -6.34672044
          0,           0,         452,      -10.22478979,      -10.48705539,       -10.7621187,      -9.671556458,             0.448,    0.008427553834,    -0.05348732925,                 0,                 0,                 0,    -0.04008773148,    0.009592368242,     -0.0532907546,                 0,      -6.346720567
          0,           0,         453,      -10.22526777,       -10.5038257,      -10.77422723,      -9.672365972,             0.448,    0.008427553639,    -0.05348732907,                 0,                 0,                 0,    -0.04008773282,    0.009592368044,    -0.05329075443,                 0,      -6.346720694
          0,           0,         454,      -10.22552197,        -10.520882,      -10.78600406,      -9.672840218,             0.448,    0.008427553473,    -0.05348732907,                 0,                 0,                 0,     -0.0400877341,    0.009592367878,    -0.05329075443,                 0,      -6.346720818
          0,           0,         455,      -10.22583415,      -10.53824452,      -10.79749256,      -9.673273834,             0.448,    0.008427553335,    -0.05348732924,                 0,                 0,                 0,    -0.04008773532,    0.009592367744,     -0.0532907546,                 0,      -6.346720942
          0,           0,         456,      -10.22643577,      -10.55593449,       -10.8087344,      -9.673911987,             0.448,    0.008427553224,    -0.05348732957,                 0,                 0,                 0,    -0.04008773647,     0.00959236764,    -0.05329075493,                 0,      -6.346721064
          0,           0,         457,      -10.22751165,      -10.57397289,      -10.81976855,      -9.674952864,             0.448,    0.008427553138,    -0.05348733004,                 0,                 0,                 0,    -0.04008773754,    0.009592367564,     -0.0532907554,                 0,      -6.346721185
          0,           0,         458,      -10.22920567,      -10.59238159,      -10.83062933,      -9.676552567,             0.448,    0.008427553076,    -0.05348733066,                 0,                 0,                 0,    -0.04008773856,    0.009592367516,    -0.05329075602,                 0,      -6.346721305
          0,           0,         459,       -10.2316269,      -10.61118123,       -10.8413462,      -9.678830969,             0.448,    0.008427553038,    -0.05348733141,                 0,                 0,                 0,     -0.0400877395,    0.009592367494,    -0.05329075677,                 0,      -6.346721423
          0,           0,         460,      -10.23485558,      -10.63039258,      -10.85194318,      -9.681877617,             0.448,    0.008427553022,    -0.05348733229,                 0,                 0,                 0,    -0.04008774038,    0.009592367497,    -0.05329075765,                 0,      -6.346721539
          0,           0,         461,      -10.23894855,      -10.65003477,      -10.86243861,      -9.685757201,             0.448,    0.008427553027,    -0.05348733328,                 0,                 0,                 0,    -0.04008774119,    0.009592367524,    -0.05329075864,                 0,      -6.346721653
          0,           0,         462,      -10.24394372,      -10.67012533,       -10.8728457,      -9.690514181,             0.448,    0.008427553052,    -0.05348733438,                 0,                 0,                 0,    -0.04008774193,    0.009592367573,    -0.05329075974,                 0,      -6.346721764
          0,           0,         463,      -10.24986385,      -10.69067927,      -10.88317222,      -9.696176725,             0.448,    0.008427553097,    -0.05348733558,                 0,                 0,                 0,    -0.04008774262,    0.009592367643,    -0.05329076094,                 0,      -6.346721873
          0,           0,         464,      -10.25671945,      -10.71170839,      -10.89342149,      -9.702759805,             0.448,    0.008427553159,    -0.05348733686,                 0,                 0,                 0,    -0.04008774323,    0.009592367734,    -0.05329076222,                 0,      -6.346721979
          0,           0,         465,      -10.26451097,      -10.73321993,      -10.90359218,      -9.710267571,             0.448,    0.008427553239,    -0.05348733823,                 0,                 0,                 0,    -0.04008774378,    0.009592367844,    -0.05329076359,                 0,      -6.346722081
          0,           0,         466,      -10.27323051,      -10.75521516,      -10.91367958,      -9.718695227,             0.448,    0.008427553335,    -0.05348733968,                 0,                 0,                 0,    -0.04008774428,    0.009592367971,    -0.05329076503,                 0,       -6.34672218
          0,           0,         467,      -10.28286291,      -10.77768779,      -10.92367576,      -9.728030239,             0.448,    0.008427553446,    -0.05348734118,                 0,                 0,                 0,    -0.04008774471,    0.009592368116,    -0.05329076653,                 0,      -6.346722275
          0,           0,         468,      -10.29338644,      -10.80062074,      -10.93357055,      -9.738253181,             0.448,    0.008427553572,    -0.05348734274,                 0,                 0,                 0,    -0.04008774508,    0.009592368276,    -0.05329076809,                 0,      -6.346722365
          0,           0,         469,      -10.30477317,      -10.82398465,      -10.94335183,      -9.749338235,             0.448,    0.008427553712,    -0.05348734436,                 0,                 0,                 0,    -0.04008774539,    0.009592368451,     -0.0532907697,                 0,      -6.346722451
          0,           0,         470,        -10.316989,      -10.84773484,      -10.95300696,      -9.761253286,             0.448,    0.008427553865,    -0.05348734601,                 0,                 0,                 0,    -0.04008774565,    0.009592368639,    -0.05329077135,                 0,      -6.346722532
          0,           0,         471,      -10.32999342,       -10.8718056,      -10.96252324,      -9.773959818,             0.448,     0.00842755403,    -0.05348734769,                 0,                 0,                 0,    -0.04008774585,    0.009592368841,    -0.05329077303,                 0,      -6.346722608
          0,           0,         472,      -10.34373913,      -10.89610785,      -10.97188915,      -9.787412615,             0.448,    0.008427554206,     -0.0534873494,                 0,                 0,                 0,    -0.04008774601,    0.009592369054,    -0.05329077473,                 0,      -6.346722678
          0,           0,         473,      -10.35817141,      -10.92052387,      -10.98109452,      -9.801559165,             0.448,    0.008427554392,    -0.05348735112,                 0,                 0,                 0,    -0.04008774611,    0.009592369278,    -0.05329077645,                 0,      -6.346722742
          0,           0,         474,      -10.37322757,      -10.94490161,      -10.99013154,      -9.816339199,             0.448,    0.008427554588,    -0.05348735286,                 0,                 0,                 0,    -0.04008774616,    0.009592369511,    -0.05329077818,                 0,      -6.346722801
          0,           0,         475,      -10.38883609,      -10.96905285,      -10.99899589,      -9.831683895,             0.448,    0.008427554792,     -0.0534873546,                 0,                 0,                 0,    -0.04008774617,    0.009592369754,    -0.05329077992,                 0,      -6.346722853
          0,           0,         476,      -10.40491615,      -10.99274832,      -11.00768694,      -9.847515397,             0.448,    0.008427555005,    -0.05348735634,                 0,                 0,                 0,    -0.04008774613,    0.009592370004,    -0.05329078165,                 0,        -6.3467229
          0,           0,         477,      -10.42137702,      -11.01572015,      -11.01620803,      -9.863746195,             0.448,    0.008427555224,    -0.05348735807,                 0,                 0,                 0,    -0.04008774605,    0.009592370261,    -0.05329078337,                 0,       -6.34672294
          0,           0,         478,      -10.43811799,      -11.03766504,      -11.02456726,      -9.880279026,             0.448,     0.00842755545,    -0.05348735978,                 0,                 0,                 0,    -0.04008774593,    0.009592370525,    -0.05329078509,                 0,      -6.346722973
          0,           0,         479,      -10.45502861,      -11.05825599,      -11.03277746,      -9.897007046,             0.448,    0.008427555682,    -0.05348736148,                 0,                 0,                 0,    -0.04008774577,    0.009592370793,    -0.05329078678,                 0,         -6.346723
          0,           0,         480,      -10.47198964,      -11.07715972,      -11.04085633,      -9.913814575,             0.448,    0.008427555919,    -0.05348736316,                 0,                 0,                 0,    -0.04008774558,    0.009592371067,    -0.05329078845,                 0,      -6.346723021
          0,           0,         481,      -10.48887471,      -11.09405889,      -11.04882628,      -9.930578598,             0.448,    0.008427556159,     -0.0534873648,                 0,                 0,                 0,    -0.04008774536,    0.009592371343,    -0.05329079009,                 0,      -6.346723035
          0,           0,         482,      -10.50555286,      -11.10868618,      -11.05671359,      -9.947171042,             0.448,    0.008427556404,    -0.05348736642,                 0,                 0,                 0,    -0.04008774511,    0.009592371623,     -0.0532907917,                 0,      -6.346723043
          0,           0,         483,       -10.5218922,      -11.12084722,      -11.06454941,      -9.963462119,             0.448,    0.008427556651,      -0.053487368,                 0,                 0,                 0,    -0.04008774483,    0.009592371905,    -0.05329079328,                 0,      -6.346723044
          0,           0,         484,      -10.53776392,      -11.13044997,      -11.07236707,      -9.979324098,             0.448,    0.008427556901,    -0.05348736955,                 0,                 0,                 0,    -0.04008774452,    0.009592372188,    -0.05329079482,                 0,       -6.34672304
          0,           0,         485,      -10.55304757,      -11.13751437,      -11.08020246,      -9.994636337,             0.448,    0.008427557152,    -0.05348737105,                 0,                 0,                 0,     -0.0400877442,    0.009592372472,    -0.05329079632,                 0,      -6.346723029
          0,           0,         486,      -10.56763618,      -11.14217107,      -11.08809239,      -10.00929019,             0.448,    0.008427557403,    -0.05348737252,                 0,                 0,                 0,    -0.04008774385,    0.009592372755,    -0.05329079778,                 0,      -6.346723013
          0,           0,         487,      -10.58144112,      -11.14464812,      -11.09607311,      -10.02319383,             0.448,    0.008427557656,    -0.05348737394,                 0,                 0,                 0,    -0.04008774348,    0.009592373038,    -0.05329079919,                 0,      -6.346722992
          0,           0,         488,      -10.59439696,      -11.14524029,      -11.10417943,      -10.03627733,             0.448,    0.008427557907,    -0.05348737531,                 0,                 0,                 0,     -0.0400877431,     0.00959237332,    -0.05329080056,                 0,      -6.346722965
          0,           0,         489,      -10.60646442,      -11.14428438,      -11.11244339,      -10.04849563,             0.448,    0.008427558158,    -0.05348737664,                 0,                 0,                 0,    -0.04008774271,      0.0095923736,    -0.05329080188,                 0,      -6.346722934
          0,           0,         490,        -10.617633,        -11.142125,      -11.12089423,      -10.05983166,             0.448,    0.008427558408,    -0.05348737792,                 0,                 0,                 0,     -0.0400877423,    0.009592373877,    -0.05329080315,                 0,      -6.346722898
          0,           0,         491,      -10.62792099,      -11.13909566,      -11.12955834,       -10.0702967,             0.448,    0.008427558655,    -0.05348737915,                 0,                 0,                 0,    -0.04008774189,    0.009592374151,    -0.05329080438,                 0,      -6.346722858
          0,           0,         492,       -10.6373746,      -11.13549757,      -11.13845927,       -10.0799299,             0.448,      0.0084275589,    -0.05348738034,                 0,                 0,                 0,    -0.04008774147,    0.009592374422,    -0.05329080556,                 0,      -6.346722815
          0,           0,         493,      -10.64606491,      -11.13159747,      -11.14761836,      -10.08879578,             0.448,    0.008427559141,    -0.05348738148,                 0,                 0,                 0,    -0.04008774104,    0.009592374688,    -0.05329080669,                 0,      -6.346722768
          0,           0,         494,      -10.65408361,      -11.12761937,      -11.15705558,      -10.09698024,             0.448,    0.008427559379,    -0.05348738257,                 0,                 0,                 0,    -0.04008774062,     0.00959237495,    -0.05329080778,                 0,      -6.346722718
          0,           0,         495,      -10.66153779,      -11.12374698,      -11.16678944,      -10.10458553,             0.448,    0.008427559614,    -0.05348738361,                 0,                 0,                 0,    -0.04008774019,    0.009592375207,    -0.05329080882,                 0,      -6.346722665
          0,           0,         496,      -10.66854437,      -11.12013214,      -11.17683687,      -10.11172497,             0.448,    0.008427559844,    -0.05348738461,                 0,                 0,                 0,    -0.04008773976,    0.009592375459,    -0.05329080981,                 0,       -6.34672261
          0,           0,         497,      -10.67522466,      -11.11689238,      -11.18721459,      -10.11851744,             0.448,    0.008427560069,    -0.05348738556,                 0,                 0,                 0,    -0.04008773933,    0.009592375705,    -0.05329081076,                 0,      -6.346722554
          0,           0,         498,      -10.68169946,      -11.11412146,      -11.19793844,       -10.1250824,             0.448,     0.00842756029,    -0.05348738647,                 0,                 0,                 0,     -0.0400877389,    0.009592375945,    -0.05329081167,                 0,      -6.346722496
          0,           0,         499,      -10.68808518,      -11.11188974,      -11.20902344,      -10.13153585,             0.448,    0.008427560505,    -0.05348738734,                 0,                 0,                 0,    -0.04008773848,    0.009592376179,    -0.05329081253,                 0,      -6.346722436
          0,           0,         500,      -10.69449092,      -11.11025155,      -11.22048334,      -10.13798715,             0.448,    0.008427560714,    -0.05348738817,                 0,                 0,                 0,    -0.04008773807,    0.009592376407,    -0.05329081335,                 0,      -6.346722377
          0,           0,         501,      -10.70101656,      -11.10924749,       -11.2323315,      -10.14453708,             0.448,    0.008427560918,    -0.05348738895,                 0,                 0,                 0,    -0.04008773766,    0.009592376628,    -0.05329081413,                 0,      -6.346722316
          0,           0,         502,      -10.70775156,      -11.10890603,       -11.2445802,      -10.15127639,             0.448,    0.008427561116,     -0.0534873897,                 0,                 0,                 0,    -0.04008773726,    0.009592376842,    -0.05329081487,                 0,      -6.346722256
          0,           0,         503,      -10.71477458,      -11.10924885,      -11.25724009,      -10.15828525,             0.448,    0.008427561307,    -0.05348739041,                 0,                 0,                 0,    -0.04008773687,    0.009592377049,    -0.05329081558,                 0,      -6.346722196
          0,           0,         504,      -10.72215341,      -11.11028928,        -11.270321,      -10.16563311,             0.448,    0.008427561493,    -0.05348739108,                 0,                 0,                 0,    -0.04008773649,    0.009592377248,    -0.05329081625,                 0,      -6.346722137
          0,           0,         505,       -10.7299457,      -11.11203511,      -11.28383011,      -10.17337936,             0.448,    0.008427561671,    -0.05348739172,                 0,                 0,                 0,    -0.04008773612,    0.009592377441,    -0.05329081688,                 0,      -6.346722078
          0,           0,         506,      -10.73819935,      -11.11449368,      -11.29777348,      -10.18157368,             0.448,    0.008427561843,    -0.05348739233,                 0,                 0,                 0,    -0.04008773576,    0.009592377626,    -0.05329081749,                 0,      -6.346722021
          0,           0,         507,      -10.74695348,      -11.11766645,      -11.31215522,      -10.19025686,             0.448,    0.008427562008,    -0.05348739291,                 0,                 0,                 0,    -0.04008773541,    0.009592377803,    -0.05329081806,                 0,      -6.346721965
          0,           0,         508,      -10.75623889,      -11.12155409,      -11.32697757,      -10.19946137,             0.448,    0.008427562166,    -0.05348739345,                 0,                 0,                 0,    -0.04008773507,    0.009592377973,     -0.0532908186,                 0,      -6.346721911
          0,           0,         509,      -10.76607936,       -11.1261554,      -11.34223999,      -10.20921254,             0.448,    0.008427562317,    -0.05348739397,                 0,                 0,                 0,    -0.04008773474,    0.009592378136,    -0.05329081912,                 0,      -6.346721859
          0,           0,         510,      -10.77649163,      -11.13147082,      -11.35793982,      -10.21952863,             0.448,    0.008427562461,    -0.05348739446,                 0,                 0,                 0,    -0.04008773443,     0.00959237829,    -0.05329081961,                 0,      -6.346721809
          0,           0,         511,      -10.78748673,      -11.13749687,      -11.37407217,      -10.23042212,             0.448,    0.008427562598,    -0.05348739493,                 0,                 0,                 0,    -0.04008773413,    0.009592378437,    -0.05329082007,                 0,      -6.346721761
          0,           0,         512,      -10.79907001,      -11.14423412,      -11.39062872,      -10.24189973,             0.448,    0.008427562727,    -0.05348739537,                 0,                 0,                 0,    -0.04008773385,    0.009592378577,    -0.05329082051,                 0,      -6.346721716
          0,           0,         513,      -10.81124183,      -11.15167954,      -11.40759723,      -10.25396303,             0.448,     0.00842756285,    -0.05348739579,                 0,                 0,                 0,    -0.04008773357,    0.009592378708,    -0.05329082093,                 0,      -6.346721673
          0,           0,         514,      -10.82399768,      -11.15983367,      -11.42496445,      -10.26660885,             0.448,    0.008427562966,    -0.05348739619,                 0,                 0,                 0,    -0.04008773331,    0.009592378833,    -0.05329082133,                 0,      -6.346721634
          0,           0,         515,      -10.83732835,      -11.16869505,      -11.44271118,      -10.27982914,             0.448,    0.008427563074,    -0.05348739657,                 0,                 0,                 0,    -0.04008773307,    0.009592378949,     -0.0532908217,                 0,      -6.346721597
          0,           0,         516,      -10.85122032,      -11.17826543,      -11.46081381,      -10.29361158,             0.448,    0.008427563175,    -0.05348739694,                 0,                 0,                 0,    -0.04008773283,    0.009592379058,    -0.05329082206,                 0,      -6.346721564
          0,           0,         517,      -10.86565539,      -11.18854651,      -11.47924381,      -10.30793916,             0.448,     0.00842756327,    -0.05348739728,                 0,                 0,                 0,    -0.04008773261,     0.00959237916,     -0.0532908224,                 0,      -6.346721533
          0,           0,         518,      -10.88061083,      -11.19954075,       -11.4979685,      -10.32279026,             0.448,    0.008427563357,    -0.05348739761,                 0,                 0,                 0,    -0.04008773241,    0.009592379255,    -0.05329082273,                 0,      -6.346721506
          0,           0,         519,      -10.89605916,      -11.21125078,      -11.51694693,      -10.33813868,             0.448,    0.008427563438,    -0.05348739792,                 0,                 0,                 0,    -0.04008773221,    0.009592379343,    -0.05329082304,                 0,      -6.346721482
          0,           0,         520,      -10.91196787,       -11.2236823,       -11.5361329,      -10.35395295,             0.448,    0.008427563512,    -0.05348739821,                 0,                 0,                 0,    -0.04008773203,    0.009592379423,    -0.05329082333,                 0,      -6.346721462
          0,           0,         521,      -10.92829929,      -11.23683958,      -11.55547154,      -10.37019675,             0.448,     0.00842756358,    -0.05348739849,                 0,                 0,                 0,    -0.04008773187,    0.009592379497,    -0.05329082361,                 0,      -6.346721444
          0,           0,         522,      -10.94500985,      -11.25072999,      -11.57490153,      -10.38682766,             0.448,    0.008427563641,    -0.05348739876,                 0,                 0,                 0,    -0.04008773171,    0.009592379564,    -0.05329082388,                 0,       -6.34672143
          0,           0,         523,      -10.96205055,       -11.2653598,       -11.5943516,      -10.40379796,             0.448,    0.008427563696,    -0.05348739902,                 0,                 0,                 0,    -0.04008773157,    0.009592379624,    -0.05329082413,                 0,      -6.346721419
          0,           0,         524,      -10.97936585,      -11.28073769,       -11.6137424,      -10.42105336,             0.448,    0.008427563745,    -0.05348739926,                 0,                 0,                 0,    -0.04008773143,    0.009592379679,    -0.05329082438,                 0,      -6.346721411
          0,           0,         525,      -10.99689424,      -11.29687257,       -11.6329858,      -10.43853354,             0.448,    0.008427563788,     -0.0534873995,                 0,                 0,                 0,    -0.04008773131,    0.009592379726,    -0.05329082461,                 0,      -6.346721407
          0,           0,         526,      -11.01456773,      -11.31377479,       -11.6519868,      -10.45617166,             0.448,    0.008427563825,    -0.05348739972,                 0,                 0,                 0,     -0.0400877312,    0.009592379768,    -0.05329082483,                 0,      -6.346721405
          0,           0,         527,      -11.03231225,      -11.33145295,      -11.67064399,      -10.47389473,             0.448,    0.008427563856,    -0.05348739993,                 0,                 0,                 0,    -0.04008773111,    0.009592379804,    -0.05329082504,                 0,      -6.346721407
          0,           0,         528,      -11.05004776,      -11.34991907,      -11.68885075,      -10.49162359,             0.448,    0.008427563882,    -0.05348740014,                 0,                 0,                 0,    -0.04008773102,    0.009592379835,    -0.05329082525,                 0,      -6.346721411
          0,           0,         529,       -11.0676898,      -11.36918095,       -11.7064969,      -10.50927443,             0.448,    0.008427563903,    -0.05348740033,                 0,                 0,                 0,    -0.04008773094,     0.00959237986,    -0.05329082544,                 0,      -6.346721418
          0,           0,         530,      -11.08514962,      -11.38924936,      -11.72347795,      -10.52675879,             0.448,    0.008427563919,    -0.05348740051,                 0,                 0,                 0,    -0.04008773087,     0.00959237988,    -0.05329082562,                 0,      -6.346721428
          0,           0,         531,      -11.10233657,      -11.41012775,      -11.73969118,      -10.54398611,             0.448,     0.00842756393,    -0.05348740069,                 0,                 0,                 0,    -0.04008773081,    0.009592379895,    -0.05329082579,                 0,      -6.346721441
          0,           0,         532,      -11.11915979,      -11.43182226,      -11.75504505,      -10.56086485,             0.448,    0.008427563936,    -0.05348740085,                 0,                 0,                 0,    -0.04008773076,    0.009592379905,    -0.05329082596,                 0,      -6.346721455
          0,           0,         533,      -11.13553082,      -11.45433201,      -11.76946129,      -10.57730558,             0.448,    0.008427563939,    -0.05348740101,                 0,                 0,                 0,    -0.04008773071,     0.00959237991,    -0.05329082612,                 0,      -6.346721472
          0,           0,         534,       -11.1513663,      -11.47764839,      -11.78288096,      -10.59322318,             0.448,    0.008427563937,    -0.05348740116,                 0,                 0,                 0,    -0.04008773068,    0.009592379912,    -0.05329082627,                 0,      -6.346721491
          0,           0,         535,      -11.16659124,       -11.5017589,      -11.79526621,      -10.60854054,             0.448,    0.008427563931,     -0.0534874013,                 0,                 0,                 0,    -0.04008773065,    0.009592379909,    -0.05329082641,                 0,      -6.346721512
          0,           0,         536,      -11.18114119,      -11.52664273,      -11.80660387,      -10.62319026,             0.448,    0.008427563922,    -0.05348740143,                 0,                 0,                 0,    -0.04008773063,    0.009592379903,    -0.05329082654,                 0,      -6.346721535
          0,           0,         537,       -11.1949659,      -11.55226245,       -11.8169044,      -10.63711912,             0.448,    0.008427563909,    -0.05348740155,                 0,                 0,                 0,    -0.04008773061,    0.009592379893,    -0.05329082666,                 0,       -6.34672156
          0,           0,         538,      -11.20803099,      -11.57856576,       -11.8262037,      -10.65028917,             0.448,    0.008427563893,    -0.05348740167,                 0,                 0,                 0,     -0.0400877306,    0.009592379879,    -0.05329082678,                 0,      -6.346721585
          0,           0,         539,       -11.2203195,      -11.60547962,      -11.83456113,      -10.66267996,             0.448,    0.008427563874,    -0.05348740178,                 0,                 0,                 0,     -0.0400877306,    0.009592379862,    -0.05329082689,                 0,      -6.346721613
          0,           0,         540,      -11.23183222,      -11.63291234,       -11.8420512,      -10.67428894,             0.448,    0.008427563852,    -0.05348740188,                 0,                 0,                 0,     -0.0400877306,    0.009592379843,    -0.05329082699,                 0,      -6.346721641
          0,           0,         541,      -11.24258805,      -11.66073284,      -11.84876413,      -10.68513178,             0.448,    0.008427563828,    -0.05348740197,                 0,                 0,                 0,    -0.04008773061,    0.009592379821,    -0.05329082708,                 0,       -6.34672167
          0,           0,         542,      -11.25262256,      -11.68878472,      -11.85480279,      -10.69524142,             0.448,    0.008427563801,    -0.05348740206,                 0,                 0,                 0,    -0.04008773062,    0.009592379796,    -0.05329082717,                 0,      -6.346721701
          0,           0,         543,      -11.26198562,      -11.71686074,      -11.86027188,      -10.70466569,             0.448,    0.008427563772,    -0.05348740214,                 0,                 0,                 0,    -0.04008773063,    0.009592379769,    -0.05329082725,                 0,      -6.346721732
          0,           0,         544,      -11.27073927,      -11.74471043,      -11.86527995,      -10.71346499,             0.448,    0.008427563741,    -0.05348740221,                 0,                 0,                 0,    -0.04008773065,    0.009592379739,    -0.05329082732,                 0,      -6.346721763
          0,           0,         545,      -11.27895508,      -11.77202714,      -11.86993324,       -10.7217101,             0.448,    0.008427563709,    -0.05348740227,                 0,                 0,                 0,    -0.04008773067,    0.009592379708,    -0.05329082739,                 0,      -6.346721796
          0,           0,         546,      -11.28671073,      -11.79846712,      -11.87433386,      -10.72947848,             0.448,    0.008427563675,    -0.05348740233,                 0,                 0,                 0,     -0.0400877307,    0.009592379675,    -0.05329082744,                 0,      -6.346721828
          0,           0,         547,       -11.2940877,      -11.82363524,      -11.87857721,      -10.73685172,             0.448,    0.008427563639,    -0.05348740238,                 0,                 0,                 0,    -0.04008773073,    0.009592379641,    -0.05329082749,                 0,      -6.346721861
          0,           0,         548,      -11.30116856,      -11.84712338,      -11.88275184,      -10.74391292,             0.448,    0.008427563602,    -0.05348740242,                 0,                 0,                 0,    -0.04008773076,    0.009592379605,    -0.05329082754,                 0,      -6.346721893
          0,           0,         549,      -11.30803475,      -11.86852029,      -11.88693881,      -10.75074447,             0.448,    0.008427563564,    -0.05348740246,                 0,                 0,                 0,    -0.04008773079,    0.009592379568,    -0.05329082758,                 0,      -6.346721926
          0,           0,         550,      -11.31476515,      -11.88745991,      -11.89120934,      -10.75742642,             0.448,    0.008427563526,    -0.05348740249,                 0,                 0,                 0,    -0.04008773082,     0.00959237953,    -0.05329082761,                 0,      -6.346721959
          0,           0,         551,      -11.32143478,      -11.90365642,      -11.89562718,      -10.76403481,             0.448,    0.008427563486,    -0.05348740251,                 0,                 0,                 0,    -0.04008773086,    0.009592379491,    -0.05329082763,                 0,      -6.346721991
          0,           0,         552,       -11.3281137,      -11.91693928,      -11.90024874,      -10.77064107,             0.448,    0.008427563446,    -0.05348740253,                 0,                 0,                 0,     -0.0400877309,    0.009592379451,    -0.05329082765,                 0,      -6.346722023
          0,           0,         553,      -11.33486683,      -11.92727948,      -11.90512169,      -10.77731133,             0.448,    0.008427563405,    -0.05348740254,                 0,                 0,                 0,    -0.04008773094,    0.009592379411,    -0.05329082766,                 0,      -6.346722055
          0,           0,         554,      -11.34175379,      -11.93478538,      -11.91028868,       -10.7841063,             0.448,    0.008427563364,    -0.05348740254,                 0,                 0,                 0,    -0.04008773098,     0.00959237937,    -0.05329082766,                 0,      -6.346722087
          0,           0,         555,      -11.34882862,      -11.93969878,      -11.91578624,        -10.791081,             0.448,    0.008427563323,    -0.05348740254,                 0,                 0,                 0,    -0.04008773103,    0.009592379329,    -0.05329082766,                 0,      -6.346722117
          0,           0,         556,      -11.35614015,      -11.94235134,      -11.92164267,      -10.79828534,             0.448,    0.008427563282,    -0.05348740253,                 0,                 0,                 0,    -0.04008773107,    0.009592379287,    -0.05329082765,                 0,      -6.346722147
          0,           0,         557,      -11.36373236,      -11.94313242,      -11.92788506,      -10.80576391,             0.448,    0.008427563241,    -0.05348740252,                 0,                 0,                 0,    -0.04008773112,    0.009592379246,    -0.05329082764,                 0,      -6.346722177
          0,           0,         558,      -11.37164476,      -11.94244683,      -11.93453403,      -10.81355692,             0.448,      0.0084275632,     -0.0534874025,                 0,                 0,                 0,    -0.04008773116,    0.009592379204,    -0.05329082762,                 0,      -6.346722206
          0,           0,         559,      -11.37991254,      -11.94068978,      -11.94160715,      -10.82170019,             0.448,    0.008427563159,    -0.05348740248,                 0,                 0,                 0,    -0.04008773121,    0.009592379163,     -0.0532908276,                 0,      -6.346722234
          0,           0,         560,      -11.38856737,      -11.93821399,      -11.94911954,      -10.83022577,             0.448,    0.008427563118,    -0.05348740245,                 0,                 0,                 0,    -0.04008773126,    0.009592379122,    -0.05329082757,                 0,      -6.346722261
          0,           0,         561,      -11.39763754,      -11.93533183,      -11.95708213,       -10.8391624,             0.448,    0.008427563078,    -0.05348740242,                 0,                 0,                 0,     -0.0400877313,    0.009592379081,    -0.05329082754,                 0,      -6.346722287
          0,           0,         562,      -11.40714842,      -11.93230966,      -11.96550403,      -10.84853542,             0.448,    0.008427563038,    -0.05348740238,                 0,                 0,                 0,    -0.04008773135,     0.00959237904,    -0.05329082751,                 0,      -6.346722313
          0,           0,         563,      -11.41712275,      -11.92934919,      -11.97439327,      -10.85836793,             0.448,    0.008427562999,    -0.05348740234,                 0,                 0,                 0,     -0.0400877314,       0.009592379,    -0.05329082747,                 0,      -6.346722337
          0,           0,         564,      -11.42758095,      -11.92663188,      -11.98375524,      -10.86868048,             0.448,    0.008427562961,    -0.05348740229,                 0,                 0,                 0,    -0.04008773145,    0.009592378961,    -0.05329082742,                 0,      -6.346722361
          0,           0,         565,      -11.43854155,      -11.92427881,      -11.99359153,      -10.87949161,             0.448,    0.008427562923,    -0.05348740224,                 0,                 0,                 0,    -0.04008773149,    0.009592378922,    -0.05329082738,                 0,      -6.346722384
          0,           0,         566,      -11.45002122,      -11.92238982,      -12.00390665,       -10.8908181,             0.448,    0.008427562886,    -0.05348740219,                 0,                 0,                 0,    -0.04008773154,    0.009592378884,    -0.05329082732,                 0,      -6.346722406
          0,           0,         567,      -11.46203475,      -11.92103706,      -12.01470012,      -10.90267464,             0.448,     0.00842756285,    -0.05348740214,                 0,                 0,                 0,    -0.04008773159,    0.009592378846,    -0.05329082727,                 0,      -6.346722427
          0,           0,         568,       -11.4745956,      -11.92027211,      -12.02597383,      -10.91507473,             0.448,    0.008427562814,    -0.05348740208,                 0,                 0,                 0,    -0.04008773164,     0.00959237881,    -0.05329082721,                 0,      -6.346722447
          0,           0,         569,      -11.48771575,       -11.9201312,      -12.03772389,      -10.92803058,             0.448,     0.00842756278,    -0.05348740202,                 0,                 0,                 0,    -0.04008773168,    0.009592378774,    -0.05329082716,                 0,      -6.346722465
          0,           0,         570,      -11.50140515,      -11.92063981,      -12.04994923,      -10.94155199,             0.448,    0.008427562746,    -0.05348740196,                 0,                 0,                 0,    -0.04008773173,    0.009592378739,    -0.05329082709,                 0,      -6.346722484
          0,           0,         571,      -11.51567252,      -11.92180003,      -12.06264492,      -10.95564782,             0.448,    0.008427562713,     -0.0534874019,                 0,                 0,                 0,    -0.04008773178,    0.009592378705,    -0.05329082703,                 0,      -6.346722501
          0,           0,         572,      -11.53052496,      -11.92362027,      -12.07580709,       -10.9703253,             0.448,    0.008427562681,    -0.05348740183,                 0,                 0,                 0,    -0.04008773182,    0.009592378671,    -0.05329082697,                 0,      -6.346722517
          0,           0,         573,       -11.5459667,       -11.9261069,      -12.08943081,      -10.98558931,             0.448,    0.008427562651,    -0.05348740177,                 0,                 0,                 0,    -0.04008773187,    0.009592378639,     -0.0532908269,                 0,      -6.346722532
          0,           0,         574,      -11.56200088,      -11.92924477,      -12.10350617,      -11.00144318,             0.448,    0.008427562621,     -0.0534874017,                 0,                 0,                 0,    -0.04008773191,    0.009592378608,    -0.05329082684,                 0,      -6.346722547
          0,           0,         575,      -11.57862706,      -11.93303354,      -12.11802688,       -11.0178873,             0.448,    0.008427562592,    -0.05348740163,                 0,                 0,                 0,    -0.04008773196,    0.009592378578,    -0.05329082677,                 0,       -6.34672256
          0,           0,         576,      -11.59584121,      -11.93745533,      -12.13298209,      -11.03491787,             0.448,    0.008427562565,    -0.05348740156,                 0,                 0,                 0,      -0.040087732,    0.009592378549,     -0.0532908267,                 0,      -6.346722573
          0,           0,         577,      -11.61363677,      -11.94250197,      -12.14836122,      -11.05252998,             0.448,    0.008427562538,    -0.05348740149,                 0,                 0,                 0,    -0.04008773204,    0.009592378521,    -0.05329082663,                 0,      -6.346722585
          0,           0,         578,      -11.63200079,      -11.94816247,      -12.16414938,       -11.0707117,             0.448,    0.008427562512,    -0.05348740142,                 0,                 0,                 0,    -0.04008773209,    0.009592378494,    -0.05329082656,                 0,      -6.346722596
          0,           0,         579,      -11.65091591,      -11.95441884,      -12.18033065,      -11.08944758,             0.448,    0.008427562488,    -0.05348740136,                 0,                 0,                 0,    -0.04008773213,    0.009592378468,     -0.0532908265,                 0,      -6.346722606
          0,           0,         580,      -11.67035626,      -11.96126129,      -12.19688881,      -11.10871412,             0.448,    0.008427562464,    -0.05348740129,                 0,                 0,                 0,    -0.04008773217,    0.009592378443,    -0.05329082643,                 0,      -6.346722616
          0,           0,         581,       -11.6902894,      -11.96867241,      -12.21380258,      -11.12848121,             0.448,    0.008427562442,    -0.05348740122,                 0,                 0,                 0,    -0.04008773221,    0.009592378419,    -0.05329082636,                 0,      -6.346722625
          0,           0,         582,      -11.71067251,      -11.97664906,      -12.23104893,      -11.14870997,             0.448,    0.008427562421,    -0.05348740116,                 0,                 0,                 0,    -0.04008773225,    0.009592378396,     -0.0532908263,                 0,      -6.346722633
          0,           0,         583,       -11.7314518,      -11.98517593,      -12.24860761,      -11.16935032,             0.448,      0.0084275624,    -0.05348740109,                 0,                 0,                 0,    -0.04008773229,    0.009592378374,    -0.05329082623,                 0,      -6.346722641
          0,           0,         584,      -11.75255982,      -11.99424271,      -12.26644498,      -11.19033968,             0.448,    0.008427562381,    -0.05348740103,                 0,                 0,                 0,    -0.04008773233,    0.009592378354,    -0.05329082617,                 0,      -6.346722648
          0,           0,         585,      -11.77391339,      -12.00383224,      -12.28452968,      -11.21160101,             0.448,    0.008427562363,    -0.05348740097,                 0,                 0,                 0,    -0.04008773236,    0.009592378334,    -0.05329082611,                 0,      -6.346722654
          0,           0,         586,      -11.79541242,      -12.01394343,      -12.30282653,         -11.23304,             0.448,    0.008427562345,    -0.05348740091,                 0,                 0,                 0,     -0.0400877324,    0.009592378315,    -0.05329082605,                 0,       -6.34672266
          0,           0,         587,      -11.81694125,      -12.02456273,      -12.32129341,       -11.2545493,             0.448,    0.008427562329,    -0.05348740085,                 0,                 0,                 0,    -0.04008773244,    0.009592378298,    -0.05329082599,                 0,      -6.346722665
          0,           0,         588,      -11.83836251,       -12.0356821,      -12.33989702,      -11.27599853,             0.448,    0.008427562314,    -0.05348740079,                 0,                 0,                 0,    -0.04008773247,    0.009592378281,    -0.05329082594,                 0,       -6.34672267
          0,           0,         589,      -11.85951989,      -12.04730137,      -12.35857887,       -11.2972407,             0.448,      0.0084275623,    -0.05348740074,                 0,                 0,                 0,     -0.0400877325,    0.009592378266,    -0.05329082588,                 0,      -6.346722675
          0,           0,         590,      -11.88024027,       -12.0594103,      -12.37729714,      -11.31810892,             0.448,    0.008427562286,    -0.05348740069,                 0,                 0,                 0,    -0.04008773254,    0.009592378251,    -0.05329082583,                 0,      -6.346722679
          0,           0,         591,      -11.90033838,      -12.07199767,       -12.3959909,      -11.33842576,             0.448,    0.008427562274,    -0.05348740064,                 0,                 0,                 0,    -0.04008773257,    0.009592378238,    -0.05329082578,                 0,      -6.346722682
          0,           0,         592,      -11.91962059,      -12.08507003,      -12.41459635,      -11.35800202,             0.448,    0.008427562262,    -0.05348740059,                 0,                 0,                 0,     -0.0400877326,    0.009592378225,    -0.05329082574,                 0,      -6.346722685
          0,           0,         593,      -11.93789292,      -12.09861139,      -12.43306374,      -11.37664473,             0.448,    0.008427562251,    -0.05348740055,                 0,                 0,                 0,    -0.04008773263,    0.009592378213,    -0.05329082569,                 0,      -6.346722688
          0,           0,         594,      -11.95497576,      -12.11263263,      -12.45131875,      -11.39417312,             0.448,    0.008427562241,    -0.05348740051,                 0,                 0,                 0,    -0.04008773266,    0.009592378202,    -0.05329082565,                 0,      -6.346722691
          0,           0,         595,      -11.97071145,      -12.12710872,      -12.46929716,      -11.41042262,             0.448,    0.008427562232,    -0.05348740047,                 0,                 0,                 0,    -0.04008773268,    0.009592378193,    -0.05329082561,                 0,      -6.346722693
          0,           0,         596,      -11.98497659,      -12.14205215,      -12.48693632,      -11.42525936,             0.448,    0.008427562224,    -0.05348740043,                 0,                 0,                 0,    -0.04008773271,    0.009592378183,    -0.05329082558,                 0,      -6.346722695
          0,           0,         597,      -11.99769586,      -12.15744945,      -12.50417596,      -11.43859119,             0.448,    0.008427562216,     -0.0534874004,                 0,                 0,                 0,    -0.04008773274,    0.009592378175,    -0.05329082554,                 0,      -6.346722697
          0,           0,         598,      -12.00884407,      -12.17329273,      -12.52094358,      -11.45037587,             0.448,    0.008427562209,    -0.05348740037,                 0,                 0,                 0,    -0.04008773276,    0.009592378168,    -0.05329082551,                 0,      -6.346722698
          0,           0,         599,       -12.0184545,      -12.18959001,      -12.53718636,      -11.46062586,             0.448,    0.008427562203,    -0.05348740034,                 0,                 0,                 0,    -0.04008773278,    0.009592378161,    -0.05329082549,                 0,        -6.3467227
          0,           0,         600,      -12.02661061,      -12.20631856,      -12.55285116,      -11.46940477,             0.448,    0.008427562198,    -0.05348740032,                 0,                 0,                 0,    -0.04008773281,    0.009592378155,    -0.05329082546,                 0,      -6.346722701
          0,           0,         601,      -12.03344152,      -12.22350661,      -12.56790488,      -11.47682428,             0.448,    0.008427562193,    -0.05348740029,                 0,                 0,                 0,    -0.04008773283,     0.00959237815,    -0.05329082544,                 0,      -6.346722702
          0,           0,         602,      -12.03910859,      -12.24114042,      -12.58231203,      -11.48303182,             0.448,    0.008427562189,    -0.05348740027,                 0,                 0,                 0,    -0.04008773285,    0.009592378145,    -0.05329082542,                 0,      -6.346722703
          0,           0,         603,      -12.04380254,      -12.25920797,      -12.59605049,      -11.48820586,             0.448,    0.008427562186,    -0.05348740026,                 0,                 0,                 0,    -0.04008773287,    0.009592378141,     -0.0532908254,                 0,      -6.346722703
          0,           0,         604,       -12.0477149,      -12.27772818,      -12.60912238,      -11.49253259,             0.448,    0.008427562183,    -0.05348740024,                 0,                 0,                 0,    -0.04008773288,    0.009592378138,    -0.05329082539,                 0,      -6.346722704
          0,           0,         605,      -12.05104447,      -12.29667938,      -12.62152038,      -11.49620616,             0.448,     0.00842756218,    -0.05348740023,                 0,                 0,                 0,     -0.0400877329,    0.009592378135,    -0.05329082538,                 0,      -6.346722704
          0,           0,         606,      -12.05398079,      -12.31606762,      -12.63327261,      -11.49941681,             0.448,    0.008427562178,    -0.05348740022,                 0,                 0,                 0,    -0.04008773292,    0.009592378133,    -0.05329082537,                 0,      -6.346722705
          0,           0,         607,      -12.05669796,      -12.33590474,      -12.64439059,      -11.50234112,             0.448,    0.008427562177,    -0.05348740021,                 0,                 0,                 0,    -0.04008773293,    0.009592378132,    -0.05329082536,                 0,      -6.346722705
          0,           0,         608,      -12.05935247,      -12.35618333,      -12.65491697,      -11.50513991,             0.448,    0.008427562176,    -0.05348740021,                 0,                 0,                 0,    -0.04008773294,    0.009592378131,    -0.05329082535,                 0,      -6.346722705
          0,           0,         609,      -12.06208048,      -12.37689802,      -12.66489277,      -11.50795557,             0.448,    0.008427562175,     -0.0534874002,                 0,                 0,                 0,    -0.04008773296,     0.00959237813,    -0.05329082535,                 0,      -6.346722705
          0,           0,         610,      -12.06500243,      -12.39803964,      -12.67435209,      -11.51091222,             0.448,    0.008427562175,     -0.0534874002,                 0,                 0,                 0,    -0.04008773297,     0.00959237813,    -0.05329082535,                 0,      -6.346722705
          0,           0,         611,      -12.06821424,      -12.41960671,      -12.68334652,      -11.51411325,             0.448,    0.008427562176,     -0.0534874002,                 0,                 0,                 0,    -0.04008773298,     0.00959237813,    -0.05329082535,                 0,      -6.346722705
          0,           0,         612,      -12.07179867,      -12.44158626,      -12.69193017,      -11.51764669,             0.448,    0.008427562176,    -0.05348740021,                 0,                 0,                 0,    -0.04008773299,    0.009592378131,    -0.05329082535,                 0,      -6.346722704
          0,           0,         613,      -12.07582022,      -12.46397811,      -12.70014597,      -11.52158235,             0.448,    0.008427562177,    -0.05348740021,                 0,                 0,                 0,      -0.040087733,    0.009592378132,    -0.05329082536,                 0,      -6.346722704
          0,           0,         614,       -12.0803313,      -12.48675817,      -12.70803885,      -11.52597926,             0.448,    0.008427562179,    -0.05348740022,                 0,                 0,                 0,    -0.04008773301,    0.009592378134,    -0.05329082536,                 0,      -6.346722704
          0,           0,         615,         -12.08537,       -12.5098942,      -12.71566768,      -11.53087833,             0.448,     0.00842756218,    -0.05348740022,                 0,                 0,                 0,    -0.04008773301,    0.009592378136,    -0.05329082537,                 0,      -6.346722703
          0,           0,         616,       -12.0909665,      -12.53336676,      -12.72306937,      -11.53631384,             0.448,    0.008427562182,    -0.05348740023,                 0,                 0,                 0,    -0.04008773302,    0.009592378138,    -0.05329082538,                 0,      -6.346722703
          0,           0,         617,      -12.09713979,      -12.55712614,      -12.73029276,       -11.5423091,             0.448,    0.008427562185,    -0.05348740024,                 0,                 0,                 0,    -0.04008773303,     0.00959237814,    -0.05329082539,                 0,      -6.346722702
          0,           0,         618,      -12.10390284,      -12.58114715,      -12.73736723,       -11.5488796,             0.448,    0.008427562187,    -0.05348740026,                 0,                 0,                 0,    -0.04008773303,    0.009592378143,     -0.0532908254,                 0,      -6.346722702
          0,           0,         619,      -12.11126004,      -12.60532981,        -12.744335,      -11.55603341,             0.448,     0.00842756219,    -0.05348740027,                 0,                 0,                 0,    -0.04008773304,    0.009592378146,    -0.05329082542,                 0,      -6.346722701
          0,           0,         620,      -12.11921177,      -12.62962309,       -12.7512291,      -11.56377249,             0.448,    0.008427562193,    -0.05348740028,                 0,                 0,                 0,    -0.04008773304,    0.009592378149,    -0.05329082543,                 0,      -6.346722701
          0,           0,         621,      -12.12775298,      -12.65391461,      -12.75807049,      -11.57209396,             0.448,    0.008427562196,     -0.0534874003,                 0,                 0,                 0,    -0.04008773304,    0.009592378153,    -0.05329082544,                 0,        -6.3467227
          0,           0,         622,      -12.13687377,      -12.67806896,       -12.7649004,      -11.58099003,             0.448,    0.008427562199,    -0.05348740031,                 0,                 0,                 0,    -0.04008773304,    0.009592378156,    -0.05329082546,                 0,        -6.3467227
          0,           0,         623,      -12.14656099,       -12.7019675,      -12.77172934,      -11.59044849,             0.448,    0.008427562203,    -0.05348740033,                 0,                 0,                 0,    -0.04008773304,     0.00959237816,    -0.05329082548,                 0,      -6.346722699
          0,           0,         624,      -12.15679682,      -12.72540989,      -12.77858714,      -11.60045439,             0.448,    0.008427562207,    -0.05348740035,                 0,                 0,                 0,    -0.04008773304,    0.009592378164,    -0.05329082549,                 0,      -6.346722698
          0,           0,         625,      -12.16756073,      -12.74823036,      -12.78548329,       -11.6109881,             0.448,     0.00842756221,    -0.05348740036,                 0,                 0,                 0,    -0.04008773304,    0.009592378169,    -0.05329082551,                 0,      -6.346722697
          0,           0,         626,      -12.17882853,      -12.77018811,       -12.7924463,      -11.62202655,             0.448,    0.008427562214,    -0.05348740038,                 0,                 0,                 0,    -0.04008773304,    0.009592378173,    -0.05329082553,                 0,      -6.346722697
          0,           0,         627,      -12.19057364,      -12.79105761,      -12.79948413,      -11.63354377,             0.448,    0.008427562218,     -0.0534874004,                 0,                 0,                 0,    -0.04008773304,    0.009592378177,    -0.05329082555,                 0,      -6.346722696
          0,           0,         628,      -12.20276473,      -12.81058887,       -12.8066018,      -11.64551082,             0.448,    0.008427562222,    -0.05348740042,                 0,                 0,                 0,    -0.04008773304,    0.009592378182,    -0.05329082557,                 0,      -6.346722695
          0,           0,         629,      -12.21536948,      -12.82852827,       -12.8138261,      -11.65789689,             0.448,    0.008427562227,    -0.05348740044,                 0,                 0,                 0,    -0.04008773304,    0.009592378186,    -0.05329082559,                 0,      -6.346722694
          0,           0,         630,      -12.22835174,      -12.84469083,      -12.82117212,      -11.67066629,             0.448,    0.008427562231,    -0.05348740046,                 0,                 0,                 0,    -0.04008773304,    0.009592378191,    -0.05329082561,                 0,      -6.346722693
          0,           0,         631,      -12.24167165,      -12.85891134,      -12.82863858,      -11.68378102,             0.448,    0.008427562235,    -0.05348740048,                 0,                 0,                 0,    -0.04008773303,    0.009592378196,    -0.05329082563,                 0,      -6.346722692
          0,           0,         632,      -12.25528877,      -12.87100638,      -12.83623563,      -11.69720187,             0.448,     0.00842756224,     -0.0534874005,                 0,                 0,                 0,    -0.04008773303,    0.009592378201,    -0.05329082564,                 0,      -6.346722691
          0,           0,         633,       -12.2691584,      -12.88101116,      -12.84399467,       -11.7108848,             0.448,    0.008427562244,    -0.05348740052,                 0,                 0,                 0,    -0.04008773302,    0.009592378206,    -0.05329082566,                 0,       -6.34672269
          0,           0,         634,      -12.28323482,      -12.88887357,      -12.85190326,      -11.72478642,             0.448,    0.008427562248,    -0.05348740054,                 0,                 0,                 0,    -0.04008773302,     0.00959237821,    -0.05329082568,                 0,      -6.346722689
          0,           0,         635,      -12.29747013,      -12.89475925,      -12.85997575,      -11.73885961,             0.448,    0.008427562253,    -0.05348740056,                 0,                 0,                 0,    -0.04008773302,    0.009592378215,     -0.0532908257,                 0,      -6.346722688
          0,           0,         636,      -12.31181448,      -12.89876721,      -12.86821429,      -11.75305561,             0.448,    0.008427562257,    -0.05348740058,                 0,                 0,                 0,    -0.04008773301,     0.00959237822,    -0.05329082572,                 0,      -6.346722687
          0,           0,         637,      -12.32621907,      -12.90115713,      -12.87666921,       -11.7673276,             0.448,    0.008427562262,     -0.0534874006,                 0,                 0,                 0,    -0.04008773301,    0.009592378225,    -0.05329082574,                 0,      -6.346722686
          0,           0,         638,      -12.34063472,      -12.90210972,      -12.88530986,      -11.78162702,             0.448,    0.008427562266,    -0.05348740062,                 0,                 0,                 0,      -0.040087733,     0.00959237823,    -0.05329082576,                 0,      -6.346722685
          0,           0,         639,      -12.35500982,      -12.90198756,      -12.89417217,      -11.79590293,             0.448,    0.008427562271,    -0.05348740064,                 0,                 0,                 0,    -0.04008773299,    0.009592378235,    -0.05329082578,                 0,      -6.346722684
          0,           0,         640,      -12.36930114,      -12.90092123,      -12.90326469,      -11.81011335,             0.448,    0.008427562275,    -0.05348740065,                 0,                 0,                 0,    -0.04008773299,    0.009592378239,     -0.0532908258,                 0,      -6.346722683
          0,           0,         641,      -12.38346156,      -12.89924274,      -12.91258532,      -11.82420966,             0.448,    0.008427562279,    -0.05348740067,                 0,                 0,                 0,    -0.04008773298,    0.009592378244,    -0.05329082582,                 0,      -6.346722682
          0,           0,         642,      -12.39745174,      -12.89710835,      -12.92215081,      -11.83815537,             0.448,    0.008427562283,    -0.05348740069,                 0,                 0,                 0,    -0.04008773298,    0.009592378249,    -0.05329082583,                 0,      -6.346722681
          0,           0,         643,      -12.41123311,      -12.89474369,      -12.93198785,      -11.85191046,             0.448,    0.008427562288,    -0.05348740071,                 0,                 0,                 0,    -0.04008773297,    0.009592378253,    -0.05329082585,                 0,       -6.34672268
          0,           0,         644,      -12.42477552,      -12.89234548,      -12.94207651,      -11.86544445,             0.448,    0.008427562292,    -0.05348740072,                 0,                 0,                 0,    -0.04008773296,    0.009592378258,    -0.05329082587,                 0,      -6.346722679
          0,           0,         645,      -12.43805392,      -12.89003304,      -12.95246841,      -11.87873121,             0.448,    0.008427562296,    -0.05348740074,                 0,                 0,                 0,    -0.04008773296,    0.009592378262,    -0.05329082588,                 0,      -6.346722678
          0,           0,         646,      -12.45104858,      -12.88793359,       -12.9631328,      -11.89175106,             0.448,      0.0084275623,    -0.05348740076,                 0,                 0,                 0,    -0.04008773295,    0.009592378266,     -0.0532908259,                 0,      -6.346722677
          0,           0,         647,      -12.46375082,      -12.88615567,       -12.9741095,      -11.90449319,             0.448,    0.008427562304,    -0.05348740077,                 0,                 0,                 0,    -0.04008773294,    0.009592378271,    -0.05329082592,                 0,      -6.346722676
          0,           0,         648,      -12.47615153,      -12.88475721,      -12.98538014,      -11.91694755,             0.448,    0.008427562307,    -0.05348740079,                 0,                 0,                 0,    -0.04008773294,    0.009592378275,    -0.05329082593,                 0,      -6.346722674
          0,           0,         649,       -12.4882535,      -12.88382035,      -12.99694825,       -11.9291147,             0.448,    0.008427562311,     -0.0534874008,                 0,                 0,                 0,    -0.04008773293,    0.009592378279,    -0.05329082595,                 0,      -6.346722673
          0,           0,         650,      -12.50007078,      -12.88335649,      -13.00884673,      -11.94100663,             0.448,    0.008427562315,    -0.05348740082,                 0,                 0,                 0,    -0.04008773292,    0.009592378283,    -0.05329082596,                 0,      -6.346722672
          0,           0,         651,      -12.51162006,      -12.88343506,      -13.02107412,      -11.95264178,             0.448,    0.008427562318,    -0.05348740083,                 0,                 0,                 0,    -0.04008773292,    0.009592378286,    -0.05329082597,                 0,      -6.346722671
          0,           0,         652,      -12.52292095,       -12.8840874,      -13.03360826,       -11.9640317,             0.448,    0.008427562322,    -0.05348740084,                 0,                 0,                 0,    -0.04008773291,     0.00959237829,    -0.05329082599,                 0,       -6.34672267
          0,           0,         653,      -12.53400463,      -12.88531036,      -13.04650092,      -11.97521032,             0.448,    0.008427562325,    -0.05348740085,                 0,                 0,                 0,     -0.0400877329,    0.009592378294,      -0.053290826,                 0,      -6.346722669
          0,           0,         654,      -12.54489862,      -12.88716274,      -13.05968901,      -11.98620325,             0.448,    0.008427562328,    -0.05348740087,                 0,                 0,                 0,     -0.0400877329,    0.009592378297,    -0.05329082601,                 0,      -6.346722668
          0,           0,         655,      -12.55564981,      -12.88958177,      -13.07322686,      -11.99705195,             0.448,    0.008427562331,    -0.05348740088,                 0,                 0,                 0,    -0.04008773289,      0.0095923783,    -0.05329082602,                 0,      -6.346722667
          0,           0,         656,      -12.56628395,      -12.89261955,      -13.08710849,      -12.00778379,             0.448,    0.008427562334,    -0.05348740089,                 0,                 0,                 0,    -0.04008773289,    0.009592378303,    -0.05329082603,                 0,      -6.346722667
          0,           0,         657,      -12.57684252,      -12.89628883,      -13.10131335,      -12.01843831,             0.448,    0.008427562337,     -0.0534874009,                 0,                 0,                 0,    -0.04008773288,    0.009592378307,    -0.05329082604,                 0,      -6.346722666
          0,           0,         658,      -12.58736994,      -12.90055558,      -13.11585986,      -12.02905763,             0.448,    0.008427562339,    -0.05348740091,                 0,                 0,                 0,    -0.04008773287,    0.009592378309,    -0.05329082605,                 0,      -6.346722665
          0,           0,         659,      -12.59789856,      -12.90546794,      -13.13070732,      -12.03967844,             0.448,    0.008427562342,    -0.05348740092,                 0,                 0,                 0,    -0.04008773287,    0.009592378312,    -0.05329082606,                 0,      -6.346722664
          0,           0,         660,      -12.60846376,      -12.91101301,      -13.14590911,      -12.05032709,             0.448,    0.008427562344,    -0.05348740093,                 0,                 0,                 0,    -0.04008773286,    0.009592378315,    -0.05329082607,                 0,      -6.346722663
          0,           0,         661,      -12.61909863,      -12.91713516,      -13.16142593,      -12.06104326,             0.448,    0.008427562347,    -0.05348740094,                 0,                 0,                 0,    -0.04008773286,    0.009592378317,    -0.05329082608,                 0,      -6.346722662
          0,           0,         662,      -12.62983387,      -12.92395425,      -13.17729426,      -12.07185381,             0.448,    0.008427562349,    -0.05348740094,                 0,                 0,                 0,    -0.04008773285,     0.00959237832,    -0.05329082609,                 0,      -6.346722662
          0,           0,         663,      -12.64069494,      -12.93131767,      -13.19343285,      -12.08278252,             0.448,    0.008427562351,    -0.05348740095,                 0,                 0,                 0,    -0.04008773285,    0.009592378322,    -0.05329082609,                 0,      -6.346722661
          0,           0,         664,      -12.65170198,       -12.9393632,      -13.20988293,      -12.09385604,             0.448,    0.008427562353,    -0.05348740096,                 0,                 0,                 0,    -0.04008773284,    0.009592378324,     -0.0532908261,                 0,       -6.34672266
          0,           0,         665,      -12.66287835,       -12.9480235,      -13.22659412,      -12.10509297,             0.448,    0.008427562355,    -0.05348740097,                 0,                 0,                 0,    -0.04008773284,    0.009592378326,    -0.05329082611,                 0,       -6.34672266
          0,           0,         666,      -12.67423905,      -12.95726305,        -13.243594,      -12.11650734,             0.448,    0.008427562357,    -0.05348740097,                 0,                 0,                 0,    -0.04008773283,    0.009592378328,    -0.05329082612,                 0,      -6.346722659
          0,           0,         667,      -12.68579041,      -12.96720347,      -13.26082957,      -12.12811336,             0.448,    0.008427562358,    -0.05348740098,                 0,                 0,                 0,    -0.04008773283,     0.00959237833,    -0.05329082612,                 0,      -6.346722659
          0,           0,         668,      -12.69753554,      -12.97771368,      -13.27827869,      -12.13990303,             0.448,     0.00842756236,    -0.05348740098,                 0,                 0,                 0,    -0.04008773283,    0.009592378332,    -0.05329082613,                 0,      -6.346722658
          0,           0,         669,      -12.70948839,      -12.98884898,      -13.29590031,      -12.15189993,             0.448,    0.008427562361,    -0.05348740099,                 0,                 0,                 0,    -0.04008773282,    0.009592378333,    -0.05329082613,                 0,      -6.346722658
          0,           0,         670,      -12.72163389,      -13.00062644,      -13.31368785,      -12.16408568,             0.448,    0.008427562363,    -0.05348740099,                 0,                 0,                 0,    -0.04008773282,    0.009592378335,    -0.05329082614,                 0,      -6.346722657
          0,           0,         671,      -12.73397552,      -13.01306648,      -13.33162267,      -12.17646814,             0.448,    0.008427562364,      -0.053487401,                 0,                 0,                 0,    -0.04008773282,    0.009592378336,    -0.05329082614,                 0,      -6.346722657
          0,           0,         672,      -12.74650214,      -13.02619301,      -13.34958798,      -12.18903161,             0.448,    0.008427562365,      -0.053487401,                 0,                 0,                 0,    -0.04008773281,    0.009592378337,    -0.05329082615,                 0,      -6.346722657
          0,           0,         673,      -12.75919407,      -13.03988179,      -13.36754032,      -12.20176082,             0.448,    0.008427562366,    -0.05348740101,                 0,                 0,                 0,    -0.04008773281,    0.009592378338,    -0.05329082615,                 0,      -6.346722656
          0,           0,         674,      -12.77204422,      -13.05423953,       -13.3854774,      -12.21464352,             0.448,    0.008427562367,    -0.05348740101,                 0,                 0,                 0,    -0.04008773281,    0.009592378339,    -0.05329082615,                 0,      -6.346722656
          0,           0,         675,      -12.78503037,      -13.06927873,      -13.40335343,      -12.22766318,             0.448,    0.008427562368,    -0.05348740102,                 0,                 0,                 0,     -0.0400877328,     0.00959237834,    -0.05329082616,                 0,      -6.346722656
          0,           0,         676,      -12.79812546,      -13.08494667,      -13.42103442,       -12.2407938,             0.448,    0.008427562369,    -0.05348740102,                 0,                 0,                 0,     -0.0400877328,    0.009592378341,    -0.05329082616,                 0,      -6.346722656
          0,           0,         677,          -12.8113,        -13.101315,      -13.43845938,      -12.25399847,             0.448,    0.008427562369,    -0.05348740102,                 0,                 0,                 0,     -0.0400877328,    0.009592378342,    -0.05329082616,                 0,      -6.346722656
          0,           0,         678,      -12.82453557,      -13.11837362,      -13.45554745,      -12.26727172,             0.448,     0.00842756237,    -0.05348740102,                 0,                 0,                 0,     -0.0400877328,    0.009592378342,    -0.05329082617,                 0,      -6.346722656
          0,           0,         679,      -12.83780276,      -13.13612639,      -13.47227089,      -12.28057302,             0.448,     0.00842756237,    -0.05348740103,                 0,                 0,                 0,     -0.0400877328,    0.009592378343,    -0.05329082617,                 0,      -6.346722656
          0,           0,         680,      -12.85106269,      -13.15459281,      -13.48857338,      -12.29386641,             0.448,    0.008427562371,    -0.05348740103,                 0,                 0,                 0,    -0.04008773279,    0.009592378343,    -0.05329082617,                 0,      -6.346722656
          0,           0,         681,      -12.86428805,      -13.17373905,      -13.50425196,      -12.30712856,             0.448,    0.008427562371,    -0.05348740103,                 0,                 0,                 0,    -0.04008773279,    0.009592378344,    -0.05329082617,                 0,      -6.346722656
          0,           0,         682,      -12.87744067,      -13.19356315,      -13.51938557,      -12.32031371,             0.448,    0.008427562371,    -0.05348740103,                 0,                 0,                 0,    -0.04008773279,    0.009592378344,    -0.05329082618,                 0,      -6.346722656
          0,           0,         683,      -12.89049776,      -13.21410752,      -13.53376982,      -12.33339813,             0.448,    0.008427562371,    -0.05348740104,                 0,                 0,                 0,    -0.04008773279,    0.009592378344,    -0.05329082618,                 0,      -6.346722656
          0,           0,         684,      -12.90342149,      -13.23545299,      -13.54747875,      -12.34635222,             0.448,    0.008427562371,    -0.05348740104,                 0,                 0,                 0,    -0.04008773279,    0.009592378344,    -0.05329082618,                 0,      -6.346722656
          0,           0,         685,      -12.91618183,      -13.25748047,       -13.5603913,       -12.3591405,             0.448,    0.008427562371,    -0.05348740104,                 0,                 0,                 0,    -0.04008773279,    0.009592378344,    -0.05329082618,                 0,      -6.346722656
          0,           0,         686,      -12.92875018,      -13.28017946,      -13.57257926,      -12.37173204,             0.448,    0.008427562371,    -0.05348740104,                 0,                 0,                 0,    -0.04008773279,    0.009592378344,    -0.05329082618,                 0,      -6.346722656
          0,           0,         687,      -12.94111149,      -13.30352665,      -13.58390707,      -12.38411262,             0.448,    0.008427562371,    -0.05348740104,                 0,                 0,                 0,    -0.04008773279,    0.009592378344,    -0.05329082618,                 0,      -6.346722657
          0,           0,         688,      -12.95323914,      -13.32761337,      -13.59444715,      -12.39625407,             0.448,    0.008427562371,    -0.05348740104,                 0,                 0,                 0,    -0.04008773279,    0.009592378344,    -0.05329082619,                 0,      -6.346722657
          0,           0,         689,      -12.96511736,      -13.35236047,      -13.60417683,      -12.40814474,             0.448,    0.008427562371,    -0.05348740104,                 0,                 0,                 0,    -0.04008773279,    0.009592378344,    -0.05329082619,                 0,      -6.346722657
          0,           0,         690,      -12.97673679,      -13.37765576,      -13.61314891,       -12.4197637,             0.448,    0.008427562371,    -0.05348740104,                 0,                 0,                 0,    -0.04008773278,    0.009592378344,    -0.05329082619,                 0,      -6.346722657
          0,           0,         691,      -12.98808959,      -13.40349599,      -13.62146774,      -12.43111601,             0.448,     0.00842756237,    -0.05348740104,                 0,                 0,                 0,    -0.04008773278,    0.009592378343,    -0.05329082619,                 0,      -6.346722658
          0,           0,         692,      -12.99918199,       -13.4298961,      -13.62907768,      -12.44219674,             0.448,     0.00842756237,    -0.05348740105,                 0,                 0,                 0,    -0.04008773278,    0.009592378343,    -0.05329082619,                 0,      -6.346722658
          0,           0,         693,       -13.0100037,      -13.45664105,      -13.63621296,      -12.45300113,             0.448,     0.00842756237,    -0.05348740105,                 0,                 0,                 0,    -0.04008773278,    0.009592378343,    -0.05329082619,                 0,      -6.346722658
