"Time_Iter",    "Cur_Time"    ,     "rms[P]"     ,     "rms[U]"     ,     "rms[V]"     ,    "Avg_Press"   ,       "CD"       ,       "CL"       ,     "probe1"     
          0,                 0,      -6.710816058,      -7.570981371,      -7.839161878,                 0,       43.91584737,    -0.04626722323,      0.1198623112
          1,              0.01,      -6.798844723,      -7.674994054,       -8.08432473,                 0,      -8.774957874,     0.08020263727,      0.1196284648
          2,              0.02,      -6.808656555,       -7.66158174,      -8.125031226,                 0,        1.39293728,    -0.03593516447,      0.1195741806
          3,              0.03,      -6.715973182,      -7.490726409,      -8.126932358,                 0,       1.865433781,    0.008369863106,      0.1196144497
          4,              0.04,      -7.063267684,      -7.754270005,      -8.467939984,                 0,       1.834864209,    0.001006185049,      0.1196380035
          5,              0.05,      -7.026033299,      -7.758640516,      -8.460267235,                 0,       1.849126835,    -0.00305465582,       0.119615953
          6,              0.06,       -7.17756497,      -7.890894323,      -8.609124743,                 0,       1.879162982,   -0.003163517345,      0.1195784524
          7,              0.07,        -7.8189246,       -8.59282546,      -9.041664139,                 0,       1.895994697,    0.002108167909,      0.1195567174
          8,              0.08,      -7.646030107,      -8.357518043,      -9.044383551,                 0,       1.898296301,    0.004713864155,       0.119557467
          9,              0.09,      -7.787588193,      -8.525687761,      -9.153403843,                 0,       1.903592422,    0.003271191467,      0.1195699467
         10,               0.1,      -8.123116954,      -8.946563355,      -9.360427818,                 0,       1.923180694,   0.0006848825535,      0.1195792936
         11,              0.11,      -8.158405423,      -8.946378454,      -9.344542087,                 0,       1.953427827,  -0.0003920855908,      0.1195771231
         12,              0.12,      -8.111385255,      -8.889479675,      -9.283964271,                 0,        1.98560395,   1.960926784e-05,      0.1195629173
         13,              0.13,      -8.154560595,      -8.936227523,      -9.365225314,                 0,       2.010927255,   0.0003723598627,        0.11954169
         14,              0.14,      -8.390017196,      -9.159208116,      -9.626693866,                 0,       2.028189009,   0.0002280611955,      0.1195188777
         15,              0.15,      -8.752556153,      -9.527357964,      -9.890143863,                 0,       2.039170791,  -7.744670555e-05,      0.1194974481
         16,              0.16,      -8.384942306,      -9.180530227,      -9.599475847,                 0,       2.045981325,   0.0001278816521,      0.1194789063
         17,              0.17,       -8.25684435,      -9.046307763,      -9.505004023,                 0,       2.048015771,   0.0002180964588,      0.1194637962
         18,              0.18,      -8.277120794,      -9.064394321,      -9.539413074,                 0,       2.046930267,   0.0004918250153,      0.1194521221
         19,              0.19,      -8.414715091,      -9.204763439,      -9.682087115,                 0,       2.042896484,   0.0007685266538,      0.1194431537
         20,               0.2,      -8.732954129,      -9.532663816,      -9.985174376,                 0,       2.036114542,   0.0008430625285,       0.119435497
         21,              0.21,      -9.085231216,      -9.882941956,      -10.23224649,                 0,       2.026794407,   0.0007150039373,      0.1194277821
         22,              0.22,      -8.625109412,      -9.423225979,      -9.874585716,                 0,        2.01670107,   0.0008685708295,      0.1194188165
         23,              0.23,      -8.465500385,       -9.26047033,      -9.736640842,                 0,        2.00386395,   0.0005655065209,      0.1194078337
         24,              0.24,      -8.454929675,      -9.250063592,      -9.733094549,                 0,       1.990617132,   0.0003854130106,       0.119394748
         25,              0.25,      -8.572974689,      -9.367807151,      -9.850970704,                 0,       1.977028111,   0.0003282574933,      0.1193799998
         26,              0.26,      -8.900456697,      -9.696843913,      -10.15435017,                 0,       1.963188982,   0.0003384510175,       0.119364289
         27,              0.27,      -9.419277167,      -10.21733137,      -10.51497327,                 0,       1.949068826,   0.0004467533636,      0.1193483389
         28,              0.28,      -8.813852499,      -9.606227045,      -10.08084998,                 0,       1.936398069,   0.0005852169059,      0.1193328873
         29,              0.29,      -8.652942457,      -9.446591607,       -9.93020388,                 0,       1.921938314,   0.0006454988902,      0.1193184477
         30,               0.3,      -8.641959808,      -9.437243588,      -9.921921954,                 0,       1.908638068,   0.0006993190561,      0.1193053432
         31,              0.31,      -8.738395568,      -9.538982928,      -10.01532976,                 0,       1.895889693,   0.0007581099417,      0.1192935455
         32,              0.32,      -8.964605292,      -9.773841987,      -10.23319547,                 0,        1.88365525,   0.0007959565375,      0.1192827043
         33,              0.33,      -9.484204218,      -10.32787151,      -10.66074958,                 0,       1.871655895,   0.0008161474532,      0.1192723238
         34,              0.34,      -9.206134507,      -9.988941036,      -10.44041932,                 0,       1.861652727,   0.0006718188267,      0.1192619247
         35,              0.35,      -8.919599849,      -9.714467705,      -10.20110074,                 0,       1.850396345,   0.0006938894093,       0.119250979
         36,              0.36,      -8.828180271,      -9.627474158,      -10.12415498,                 0,       1.839802704,   0.0005752400574,      0.1192391833
         37,              0.37,      -8.851442411,       -9.65156646,      -10.15535831,                 0,       1.829745359,   0.0004494796665,       0.119226504
         38,              0.38,      -8.995584005,      -9.795494447,      -10.30104631,                 0,       1.820036507,   0.0003557995913,      0.1192131251
         39,              0.39,      -9.339341301,      -10.14829034,      -10.61581563,                 0,        1.81056734,   0.0002930275489,      0.1191993612
         40,               0.4,       -9.58152985,      -10.39271142,      -10.73586326,                 0,       1.801654614,   0.0002300670205,      0.1191855354
         41,              0.41,        -9.1816804,      -9.988693769,      -10.43078226,                 0,       1.793872128,   0.0001198955858,       0.119171956
         42,              0.42,      -9.025536243,       -9.82947342,      -10.29882209,                 0,        1.78499469,   0.0002158810073,      0.1191588269
         43,              0.43,      -8.997332179,      -9.799827833,      -10.27425453,                 0,       1.776786036,   0.0002091688555,      0.1191462673
         44,              0.44,      -9.063461093,      -9.867573557,      -10.33484786,                 0,       1.768969194,   0.0001500419781,      0.1191342516
         45,              0.45,      -9.224727963,      -10.03219624,      -10.47351205,                 0,       1.761367949,   8.964031353e-05,      0.1191226305
         46,              0.46,      -9.520553225,      -10.33318242,       -10.7012325,                 0,       1.753912603,   1.957559289e-05,      0.1191112011
         47,              0.47,      -9.622563597,       -10.4285668,      -10.84185292,                 0,       1.747107475,  -9.979132441e-05,      0.1190997787
         48,              0.48,      -9.352663786,      -10.15268982,      -10.62778792,                 0,       1.740698751,  -0.0001814038859,      0.1190881808
         49,              0.49,      -9.207565763,      -10.00782801,      -10.50347687,                 0,       1.733830595,  -0.0001816439437,      0.1190762467
         50,               0.5,      -9.171673639,      -9.972393639,      -10.47467023,                 0,       1.727318414,  -0.0002377001814,      0.1190639259
         51,              0.51,      -9.230806636,      -10.03116342,      -10.53387872,                 0,       1.721086555,  -0.0003289743532,      0.1190512523
         52,              0.52,      -9.403339573,      -10.20543374,      -10.68777004,                 0,       1.714981481,  -0.0004106119201,      0.1190383128
         53,              0.53,      -9.665325717,      -10.47471016,      -10.88891909,                 0,       1.709000415,  -0.0004771270731,      0.1190252156
         54,              0.54,      -9.605637646,      -10.41628879,      -10.78029193,                 0,       1.703629383,  -0.0005723179061,      0.1190120736
         55,              0.55,      -9.417685857,      -10.22398429,      -10.62499345,                 0,       1.698281116,  -0.0006072015652,      0.1189989622
         56,              0.56,      -9.325265737,      -10.12811924,      -10.55633411,                 0,       1.692697492,  -0.0005749521578,      0.1189859272
         57,              0.57,      -9.318730956,      -10.12133772,      -10.55016244,                 0,       1.687334413,  -0.0005715111662,       0.118972997
         58,              0.58,      -9.380623654,      -10.18748801,      -10.59747962,                 0,        1.68217675,   -0.000605421231,      0.1189601485
         59,              0.59,      -9.498177427,      -10.31162919,      -10.69077512,                 0,       1.677152961,  -0.0006522357599,      0.1189473075
         60,               0.6,      -9.646414466,      -10.46227498,      -10.82559084,                 0,         1.6722809,  -0.0007006888976,      0.1189343807
         61,              0.61,      -9.703186788,       -10.5077911,      -10.91258273,                 0,       1.667651435,  -0.0007436606876,      0.1189212801
         62,              0.62,      -9.610683112,      -10.41187496,      -10.85420684,                 0,       1.663140134,  -0.0007644836095,      0.1189079158
         63,              0.63,      -9.514310886,      -10.31873708,      -10.78403126,                 0,       1.658544019,  -0.0007602493261,      0.1188942059
         64,              0.64,      -9.474695154,      -10.28157053,      -10.75837717,                 0,       1.653985813,  -0.0007576223089,      0.1188801106
         65,              0.65,       -9.50033531,      -10.30829506,      -10.78305741,                 0,       1.649574265,  -0.0007740759744,      0.1188656381
         66,              0.66,      -9.587747073,      -10.39549457,      -10.85248651,                 0,       1.645355356,  -0.0007992845901,      0.1188508322
         67,              0.67,       -9.69594761,       -10.5020868,      -10.92742983,                 0,       1.641258124,  -0.0008213131486,      0.1188357645
         68,              0.68,      -9.717229976,      -10.52243875,       -10.9099033,                 0,       1.637332511,  -0.0008372078614,       0.118820525
         69,              0.69,      -9.648819531,      -10.45562172,      -10.82539918,                 0,       1.633477142,  -0.0008345214989,      0.1188052107
         70,               0.7,      -9.583643845,      -10.39043487,      -10.76352589,                 0,       1.629600445,  -0.0008060257207,      0.1187899197
         71,              0.71,      -9.557188803,      -10.36327949,      -10.73970233,                 0,        1.62576017,  -0.0007673048091,      0.1187747565
         72,              0.72,      -9.571080451,      -10.37779039,      -10.75036931,                 0,       1.622011339,  -0.0007369529268,      0.1187598299
         73,              0.73,      -9.616057163,      -10.42408745,      -10.79097978,                 0,        1.61835925,  -0.0007163890827,      0.1187452489
         74,              0.74,      -9.676325988,      -10.48390948,      -10.85336137,                 0,       1.614798912,  -0.0006974939845,      0.1187311249
         75,              0.75,      -9.723973877,      -10.52815793,        -10.916047,                 0,       1.611330865,  -0.0006726752727,      0.1187175804
         76,              0.76,      -9.730293817,      -10.53175502,      -10.94567785,                 0,       1.607943745,  -0.0006384551117,      0.1187047528
         77,              0.77,      -9.702734285,       -10.5049836,        -10.938452,                 0,       1.604604869,  -0.0005954323657,       0.118692796
         78,              0.78,      -9.674525281,      -10.47903757,      -10.92338869,                 0,       1.601342904,  -0.0005475557364,      0.1186818832
         79,              0.79,      -9.667403567,      -10.47314474,      -10.92110731,                 0,       1.598142811,  -0.0005000287369,      0.1186722139
         80,               0.8,      -9.686181232,      -10.49168279,      -10.93604089,                 0,       1.595004332,  -0.0004559947976,      0.1186640096
         81,              0.81,      -9.720142441,      -10.52415643,      -10.95814268,                 0,       1.591935117,  -0.0004138059436,       0.118657504
         82,              0.82,      -9.745706581,      -10.54809811,      -10.96561967,                 0,        1.58893668,  -0.0003693856215,      0.1186529348
         83,              0.83,      -9.744334616,      -10.54621957,      -10.94540195,                 0,       1.586000184,  -0.0003189351843,      0.1186505358
         84,              0.84,       -9.72280194,      -10.52524554,      -10.91110163,                 0,       1.583105858,  -0.0002602421131,      0.1186505277
         85,              0.85,      -9.700663594,      -10.50382231,      -10.88326962,                 0,       1.580243871,  -0.0001942965092,      0.1186531114
         86,              0.86,      -9.690920717,      -10.49458694,      -10.87198384,                 0,       1.577421072,  -0.0001253018323,      0.1186584617
         87,              0.87,       -9.69683795,      -10.50084278,      -10.87876881,                 0,       1.574648155,  -5.748289692e-05,      0.1186667232
         88,              0.88,      -9.714831929,      -10.51872736,      -10.90050909,                 0,       1.571929886,   8.155463448e-06,      0.1186780057
         89,              0.89,      -9.736900549,      -10.53987061,       -10.9302481,                 0,       1.569265835,   7.315594491e-05,      0.1186923804
         90,               0.9,      -9.753388813,      -10.55496232,      -10.95806929,                 0,       1.566652974,   0.0001393966706,        0.11870988
         91,              0.91,      -9.758379165,       -10.5590961,      -10.97572264,                 0,       1.564085899,   0.0002075202816,      0.1187304991
         92,              0.92,      -9.754517078,      -10.55537451,      -10.98298076,                 0,       1.561591744,   0.0002766713222,      0.1187541941
         93,              0.93,      -9.748939912,      -10.55044132,      -10.98475058,                 0,       1.559146941,   0.0003454559961,      0.1187808853
         94,              0.94,      -9.748264797,      -10.55023417,      -10.98680909,                 0,       1.556737576,   0.0004123608689,      0.1188104564
         95,              0.95,      -9.754203963,      -10.55606806,      -10.99085191,                 0,       1.554366663,   0.0004764809902,      0.1188427539
         96,              0.96,      -9.763242336,      -10.56456861,      -10.99398662,                 0,       1.552035707,   0.0005380828438,      0.1188775867
         97,              0.97,      -9.769543902,      -10.57032777,      -10.99176267,                 0,       1.549744582,   0.0005981809263,      0.1189147257
         98,              0.98,      -9.769419993,       -10.5700389,      -10.98265027,                 0,       1.547490571,   0.0006577151402,      0.1189539029
         99,              0.99,      -9.764028263,      -10.56492921,      -10.96995203,                 0,        1.54527009,   0.0007169795107,      0.1189948127
        100,                 1,      -9.757735103,      -10.55911726,      -10.95914293,                 0,       1.543080945,     0.00077538518,      0.1190371126
        101,              1.01,      -9.754659549,      -10.55642261,       -10.9543453,                 0,       1.540923273,   0.0008317398084,      0.1190804252
        102,              1.02,      -9.756592153,      -10.55842796,      -10.95699315,                 0,       1.538798595,   0.0008848486223,      0.1191243414
        103,              1.03,      -9.762750421,      -10.56426402,      -10.96606021,                 0,       1.536708193,   0.0009340310666,       0.119168424
        104,              1.04,      -9.770574517,       -10.5714477,      -10.97872669,                 0,       1.534652063,   0.0009792841119,      0.1192122128
        105,              1.05,      -9.777120733,      -10.57726491,       -10.9914443,                 0,       1.532628999,    0.001020747817,       0.119255229
        106,              1.06,      -9.780658207,      -10.58025482,      -11.00146918,                 0,       1.530637236,    0.001058366085,      0.1192969814
        107,              1.07,      -9.781479654,       -10.5808432,      -11.00798473,                 0,       1.528674899,    0.001091864075,       0.119336972
        108,              1.08,      -9.781863545,      -10.58118663,      -11.01256784,                 0,        1.52677862,    0.001120697482,      0.1193747008
        109,              1.09,      -9.782661331,       -10.5819622,      -11.01517574,                 0,       1.524907667,    0.001144545701,      0.1194096694
        110,               1.1,      -9.784975404,      -10.58414214,      -11.01702207,                 0,       1.523065085,    0.001163101337,      0.1194413882
        111,              1.11,      -9.788054028,      -10.58696947,      -11.01764233,                 0,       1.521248994,      0.0011763253,       0.119469379
        112,              1.12,      -9.790435608,      -10.58913093,      -11.01625861,                 0,       1.519458978,    0.001184452289,      0.1194931778
        113,              1.13,      -9.791182408,      -10.58976561,       -11.0127709,                 0,       1.517694651,    0.001187787065,      0.1195123372
        114,              1.14,      -9.790500569,      -10.58907627,      -11.00826352,                 0,       1.515955162,    0.001186510359,       0.119526429
        115,              1.15,      -9.789457515,      -10.58806776,      -11.00447567,                 0,       1.514239793,    0.001180428553,      0.1195350465
        116,              1.16,      -9.789184048,      -10.58777251,      -11.00286119,                 0,       1.512548135,     0.00116927154,       0.119537806
        117,              1.17,        -9.7903127,      -10.58873264,      -11.00407843,                 0,       1.510880196,    0.001152854726,      0.1195343485
        118,              1.18,      -9.792794698,      -10.59085524,       -11.0079459,                 0,       1.509236205,    0.001130992088,      0.1195243417
        119,              1.19,      -9.796035786,      -10.59359654,      -11.01364791,                 0,        1.50761744,    0.001103650139,      0.1195074817
        120,               1.2,      -9.799157996,      -10.59621333,      -11.01987447,                 0,       1.506023653,    0.001070912894,      0.1194834943
        121,              1.21,      -9.801493303,      -10.59809933,      -11.02545983,                 0,       1.504452413,    0.001032938989,      0.1194521365
        122,              1.22,      -9.803034937,      -10.59927127,      -11.02989383,                 0,       1.502903146,    0.000989772006,      0.1194131978
        123,              1.23,      -9.804167386,       -10.6001215,      -11.03312827,                 0,       1.501375184,   0.0009414777496,      0.1193665011
        124,              1.24,      -9.805255429,      -10.60099767,      -11.03527053,                 0,       1.499867969,   0.0008882186894,      0.1193119022
        125,              1.25,      -9.806489156,      -10.60202629,      -11.03647312,                 0,       1.498381201,   0.0008301963346,      0.1192492898
        126,              1.26,      -9.808180429,      -10.60349049,      -11.03739925,                 0,       1.496930907,   0.0007675003847,       0.119178583
        127,              1.27,      -9.809928672,      -10.60503172,      -11.03775634,                 0,       1.495512193,   0.0007004577151,      0.1190997318
        128,              1.28,      -9.811245264,      -10.60624324,       -11.0373505,                 0,       1.494112675,   0.0006296008541,      0.1190127174
        129,              1.29,      -9.812143088,      -10.60711969,      -11.03658911,                 0,        1.49273208,   0.0005551878382,      0.1189175501
        130,               1.3,      -9.812865999,      -10.60780284,      -11.03599348,                 0,       1.491369523,   0.0004774739911,      0.1188142678
        131,              1.31,       -9.81380921,      -10.60862918,      -11.03615896,                 0,       1.490024877,   0.0003967416673,      0.1187029335
        132,              1.32,      -9.815119842,      -10.60975489,      -11.03730475,                 0,       1.488697766,   0.0003132371462,      0.1185836335
        133,              1.33,      -9.816713783,      -10.61108743,      -11.03935906,                 0,       1.487387878,    0.000227249395,      0.1184564751
        134,              1.34,      -9.818551651,      -10.61258008,      -11.04223185,                 0,       1.486095312,   0.0001390828882,      0.1183215861
        135,              1.35,      -9.820556604,      -10.61423534,      -11.04568869,                 0,       1.484819975,   4.905627606e-05,      0.1181791132
        136,              1.36,      -9.822440511,       -10.6158583,      -11.04918936,                 0,       1.483561298,   -4.24731238e-05,      0.1180292201
        137,              1.37,      -9.823990253,      -10.61723079,      -11.05226426,                 0,       1.482318849,  -0.0001350779854,       0.117872086
        138,              1.38,      -9.825386747,      -10.61847926,      -11.05489934,                 0,       1.481092609,  -0.0002283747526,      0.1177079044
        139,              1.39,      -9.826904267,      -10.61988082,      -11.05724411,                 0,       1.479882384,  -0.0003220352182,      0.1175368825
        140,               1.4,      -9.828491158,      -10.62140388,      -11.05917276,                 0,       1.478687594,  -0.0004156362175,      0.1173592388
        141,              1.41,      -9.829956015,      -10.62282428,      -11.06049366,                 0,       1.477507868,  -0.0005087111281,       0.117175201
        142,              1.42,      -9.831333809,       -10.6241392,      -11.06134928,                 0,       1.476343289,  -0.0006008274505,      0.1169850048
        143,              1.43,      -9.832733715,      -10.62549414,      -11.06204662,                 0,       1.475193804,   -0.000691541069,       0.116788893
        144,              1.44,      -9.834070425,      -10.62684477,      -11.06269477,                 0,       1.474058861,  -0.0007803732126,      0.1165871135
        145,              1.45,      -9.835260142,      -10.62806815,      -11.06335919,                 0,        1.47293802,  -0.0008669278366,       0.116379917
        146,              1.46,      -9.836479488,      -10.62928957,      -11.06433398,                 0,       1.471831326,  -0.0009507879684,      0.1161675563
        147,              1.47,      -9.837964343,      -10.63076761,      -11.06599921,                 0,       1.470741643,   -0.001031570623,      0.1159502852
        148,              1.48,      -9.839898192,      -10.63283768,      -11.06880276,                 0,       1.469684142,   -0.001108959724,      0.1157283542
        149,              1.49,      -9.841544675,      -10.63452783,      -11.07136199,                 0,       1.468639103,   -0.001182528413,      0.1155020149
        150,               1.5,      -9.843383261,      -10.63638633,      -11.07433357,                 0,       1.467611874,   -0.001251905843,       0.115271517
        151,              1.51,      -9.845334181,      -10.63832568,       -11.0774218,                 0,        1.46659986,   -0.001316815369,      0.1150371085
        152,              1.52,      -9.847109867,      -10.64011279,      -11.08022685,                 0,       1.465600129,    -0.00137694849,      0.1147990339
        153,              1.53,      -9.848644976,      -10.64164655,      -11.08258427,                 0,       1.464612591,   -0.001431946484,      0.1145575335
        154,              1.54,      -9.850147693,      -10.64310516,      -11.08463423,                 0,       1.463637111,   -0.001481505692,      0.1143128432
        155,              1.55,      -9.851783371,      -10.64470888,      -11.08658898,                 0,        1.46267363,   -0.001525352692,      0.1140651944
        156,              1.56,       -9.85336067,      -10.64631964,      -11.08832246,                 0,        1.46172181,   -0.001563242498,       0.113814813
        157,              1.57,      -9.854749577,      -10.64775901,       -11.0897082,                 0,       1.460781437,   -0.001594909889,      0.1135619186
        158,              1.58,      -9.856162325,      -10.64919487,      -11.09098743,                 0,       1.459852664,   -0.001620083467,      0.1133067246
        159,              1.59,       -9.85771001,      -10.65079456,      -11.09241362,                 0,        1.45893548,   -0.001638584544,      0.1130494382
        160,               1.6,      -9.859156714,      -10.65236476,       -11.0938591,                 0,       1.458029397,   -0.001650264317,      0.1127902598
        161,              1.61,      -9.860397263,      -10.65371451,      -11.09519547,                 0,       1.457134068,   -0.001654969118,      0.1125293819
        162,              1.62,      -9.861700433,      -10.65504099,      -11.09667484,                 0,       1.456249649,   -0.001652592374,      0.1122669896
        163,              1.63,      -9.863159418,      -10.65650902,       -11.0984741,                 0,       1.455376166,   -0.001643083593,      0.1120032613
        164,              1.64,      -9.864456261,      -10.65786112,       -11.1003068,                 0,       1.454513954,   -0.001626426492,      0.1117383673
        165,              1.65,      -9.865772519,      -10.65932864,      -11.10254713,                 0,       1.453676267,   -0.001602671614,      0.1114724682
        166,              1.66,      -9.866983494,      -10.66053047,      -11.10441562,                 0,       1.452848167,   -0.001571826267,      0.1112057187
        167,              1.67,      -9.868502807,      -10.66206359,      -11.10663104,                 0,        1.45203062,   -0.001533887985,      0.1109382677
        168,              1.68,      -9.869865759,       -10.6635116,      -11.10866323,                 0,       1.451222422,   -0.001488898609,      0.1106702564
        169,              1.69,      -9.870831341,      -10.66454931,      -11.11011805,                 0,       1.450422951,    -0.00143699769,      0.1104018177
        170,               1.7,      -9.871886473,      -10.66558079,      -11.11140647,                 0,       1.449632782,   -0.001378337239,      0.1101330778
        171,              1.71,      -9.873233054,      -10.66690848,      -11.11289237,                 0,       1.448852052,   -0.001313087417,      0.1098641572
        172,              1.72,       -9.87438329,      -10.66812876,      -11.11419027,                 0,       1.448080063,   -0.001241466988,      0.1095951697
        173,              1.73,      -9.875126215,      -10.66894095,      -11.11496179,                 0,       1.447316434,   -0.001163684971,      0.1093262213
        174,              1.74,      -9.876003891,      -10.66981253,      -11.11569945,                 0,       1.446561658,   -0.001079968575,      0.1090574116
        175,              1.75,      -9.877292061,      -10.67112824,      -11.11693527,                 0,       1.445817482,  -0.0009906139895,      0.1087888352
        176,              1.76,       -9.87844917,      -10.67245829,      -11.11839095,                 0,       1.445086285,  -0.0008959785589,      0.1085205808
        177,              1.77,      -9.879103789,      -10.67325112,      -11.11925022,                 0,       1.444362967,  -0.0007964092397,      0.1082527299
        178,              1.78,      -9.879988172,      -10.67417461,      -11.12021075,                 0,       1.443648273,  -0.0006922641248,      0.1079853581
        179,              1.79,      -9.881355625,      -10.67556881,       -11.1217746,                 0,       1.442942328,  -0.0005839298786,      0.1077185374
        180,               1.8,      -9.882467401,      -10.67678145,      -11.12332421,                 0,        1.44224426,  -0.0004718351585,      0.1074523347
        181,              1.81,      -9.882969134,       -10.6773672,      -11.12417893,                 0,       1.441553452,  -0.0003564239128,      0.1071868099
        182,              1.82,      -9.883629266,      -10.67801452,      -11.12491648,                 0,       1.440870467,  -0.0002380897171,      0.1069220172
        183,              1.83,      -9.884910796,      -10.67928983,      -11.12634496,                 0,       1.440195802,  -0.0001172771783,      0.1066580089
        184,              1.84,      -9.886068292,      -10.68054592,      -11.12793215,                 0,       1.439528582,   5.444329855e-06,      0.1063948336
        185,              1.85,      -9.886579657,       -10.6811684,       -11.1287602,                 0,       1.438867916,   0.0001295246652,      0.1061325335
        186,              1.86,      -9.887218603,      -10.68183974,      -11.12934826,                 0,       1.438214443,   0.0002545281171,      0.1058711459
        187,              1.87,      -9.888556521,      -10.68323005,      -11.13068901,                 0,       1.437568992,   0.0003799503357,       0.105610707
        188,              1.88,      -9.889833421,      -10.68466616,      -11.13230777,                 0,       1.436930733,    0.000505214809,      0.1053512507
        189,              1.89,      -9.890413499,      -10.68539525,      -11.13312228,                 0,       1.436298453,   0.0006297676185,      0.1050928053
        190,               1.9,      -9.891072186,      -10.68609579,      -11.13358972,                 0,       1.435672665,   0.0007531260132,      0.1048353941
        191,              1.91,      -9.892705958,      -10.68793891,       -11.1355063,                 0,       1.435066099,   0.0008747805313,      0.1045790401
        192,              1.92,      -9.894106606,      -10.68952162,      -11.13736975,                 0,        1.43446619,   0.0009940928954,      0.1043237657
        193,              1.93,      -9.894794798,      -10.69038226,      -11.13845741,                 0,       1.433871992,    0.001110511125,      0.1040695876
        194,              1.94,      -9.895596671,      -10.69123945,      -11.13914903,                 0,       1.433283538,     0.00122363027,      0.1038165182
        195,              1.95,      -9.897223527,      -10.69291393,      -11.14075535,                 0,       1.432701787,    0.001332945937,        0.10356457
        196,              1.96,      -9.898874662,      -10.69468981,      -11.14292761,                 0,       1.432126279,    0.001437850726,      0.1033137559
        197,              1.97,      -9.899620208,      -10.69554277,      -11.14412596,                 0,       1.431555433,    0.001537797868,      0.1030640838
        198,              1.98,      -9.900319229,      -10.69625628,      -11.14469009,                 0,       1.430989553,    0.001632368335,      0.1028155569
        199,              1.99,      -9.902011418,      -10.69797754,      -11.14634174,                 0,       1.430430287,    0.001721177159,      0.1025681797
        200,                 2,      -9.903885113,      -10.69998451,      -11.14880785,                 0,       1.429877242,    0.001803702034,      0.1023219582
        201,              2.01,      -9.904736418,      -10.70096489,      -11.15019022,                 0,       1.429328444,    0.001879407155,      0.1020768941
        202,              2.02,      -9.905390722,      -10.70166407,      -11.15066486,                 0,       1.428784045,    0.001947946137,      0.1018329841
        203,              2.03,      -9.907187597,      -10.70353281,      -11.15234628,                 0,       1.428246023,    0.002009129203,      0.1015902263
        204,              2.04,      -9.909411524,      -10.70592002,      -11.15519479,                 0,       1.427714167,    0.002062593317,      0.1013486223
        205,              2.05,      -9.910506488,      -10.70714185,      -11.15688404,                 0,       1.427186119,    0.002107815914,      0.1011081698
        206,              2.06,      -9.911101057,      -10.70776816,      -11.15726985,                 0,       1.426661727,    0.002144557574,      0.1008688604
        207,              2.07,      -9.912837943,      -10.70956049,      -11.15883771,                 0,       1.426143402,    0.002172726886,      0.1006306876
        208,              2.08,      -9.915229675,      -10.71207885,      -11.16190439,                 0,       1.425631388,    0.002192044928,      0.1003936495
        209,              2.09,      -9.916454782,      -10.71339518,      -11.16384658,                 0,       1.425122935,    0.002202157811,      0.1001577408
        210,               2.1,      -9.916941936,      -10.71390101,      -11.16417834,                 0,       1.424617341,    0.002202960692,     0.09992294983
        211,              2.11,      -9.918688278,      -10.71570396,      -11.16580287,                 0,       1.424117345,    0.002194519076,     0.09968926602
        212,              2.12,      -9.921437214,      -10.71856551,      -11.16937988,                 0,         1.4236238,    0.002176722618,     0.09945668538
        213,              2.13,      -9.922904484,        -10.720111,      -11.17175109,                 0,       1.423133697,    0.002149351371,     0.09922520159
        214,              2.14,      -9.923150391,      -10.72039038,      -11.17190355,                 0,       1.422645746,    0.002112438717,     0.09899480017
        215,              2.15,      -9.924728764,      -10.72206475,      -11.17332092,                 0,       1.422163047,    0.002066273242,     0.09876546752
        216,              2.16,      -9.927869295,      -10.72529331,      -11.17731807,                 0,       1.421687124,    0.002010946594,      0.0985371984
        217,              2.17,      -9.929721062,      -10.72717665,      -11.18013842,                 0,       1.421214602,     0.00194627458,      0.0983099867
        218,              2.18,      -9.929634411,      -10.72712917,      -11.17994592,                 0,       1.420743313,    0.001872450178,     0.09808381645
        219,              2.19,      -9.930841741,      -10.72848365,      -11.18093056,                 0,       1.420276722,    0.001789917543,     0.09785867109
        220,               2.2,      -9.934563428,      -10.73268308,      -11.18632927,                 0,       1.419826101,    0.001698934526,     0.09763454477
        221,              2.21,      -9.937071312,      -10.73519337,      -11.18999709,                 0,       1.419378942,    0.001599522681,     0.09741143287
        222,              2.22,      -9.936668916,      -10.73489542,      -11.18963784,                 0,       1.418932051,    0.001491967077,      0.0971893191
        223,              2.23,      -9.937313468,      -10.73585908,       -11.1900882,                 0,       1.418488888,    0.001376942928,     0.09696818381
        224,              2.24,      -9.941302776,      -10.73991188,      -11.19500774,                 0,       1.418053323,    0.001254857274,     0.09674802002
        225,              2.25,      -9.944781953,      -10.74321725,      -11.19959335,                 0,       1.417621661,    0.001125890105,     0.09652882563
        226,              2.26,      -9.943890148,      -10.74234922,      -11.19879438,                 0,       1.417188779,   0.0009904512984,     0.09631058471
        227,              2.27,      -9.943273949,      -10.74216886,      -11.19801448,                 0,       1.416758256,   0.0008492945572,     0.09609327403
        228,              2.28,        -9.9474296,      -10.74639416,      -11.20316731,                 0,       1.416336356,   0.0007030512425,     0.09587688499
        229,              2.29,      -9.952306219,      -10.75095119,      -11.20920298,                 0,        1.41591975,   0.0005520227483,     0.09566141914
        230,               2.3,      -9.950988138,      -10.74963618,      -11.20828017,                 0,         1.4155009,   0.0003966657808,     0.09544686285
        231,              2.31,      -9.948582494,      -10.74829264,      -11.20668451,                 0,       1.415087335,   0.0002377827821,     0.09523318916
        232,              2.32,      -9.952744469,      -10.75319369,       -11.2130382,                 0,       1.414691594,    7.61567176e-05,     0.09502038679
        233,              2.33,      -9.959733167,       -10.7597069,      -11.22130662,                 0,       1.414303452,  -8.770769205e-05,     0.09480846196
        234,              2.34,      -9.958599327,      -10.75854179,      -11.22101919,                 0,       1.413912598,  -0.0002533104577,     0.09459740601
        235,              2.35,      -9.953510154,      -10.75465311,      -11.21664702,                 0,        1.41351976,  -0.0004198463133,     0.09438718811
        236,              2.36,      -9.956498696,      -10.75832415,      -11.22120799,                 0,        1.41313684,  -0.0005864768567,     0.09417779151
        237,              2.37,       -9.96582719,      -10.76681434,      -11.23149929,                 0,         1.4127643,  -0.0007525492101,     0.09396922678
        238,              2.38,       -9.96512246,      -10.76574907,      -11.23187445,                 0,       1.412388074,  -0.0009175010778,     0.09376149256
        239,              2.39,      -9.955891082,      -10.75789424,       -11.2242228,                 0,        1.41200581,   -0.001080657287,      0.0935545547
        240,               2.4,      -9.956682286,      -10.76004742,      -11.22728154,                 0,       1.411633092,   -0.001241159126,      0.0933483882
        241,              2.41,      -9.968622242,      -10.77104885,      -11.24043809,                 0,        1.41127489,   -0.001398189264,     0.09314300738
        242,              2.42,      -9.969571704,      -10.77139494,      -11.24302765,                 0,       1.410913584,   -0.001551182622,     0.09293842249
        243,              2.43,      -9.954705706,      -10.75790673,      -11.23143111,                 0,       1.410541482,   -0.001699603608,     0.09273459815
        244,              2.44,       -9.95159501,      -10.75738759,      -11.23180633,                 0,       1.410177066,   -0.001842703327,      0.0925314972
        245,              2.45,      -9.965668106,      -10.77079632,      -11.24813268,                 0,        1.40983239,   -0.001979494232,     0.09232913493
        246,              2.46,      -9.970403403,      -10.77463142,      -11.25478584,                 0,       1.409486605,   -0.002109472079,     0.09212753771
        247,              2.47,      -9.948792949,      -10.75360739,      -11.23835665,                 0,        1.40912411,   -0.002232256472,      0.0919266735
        248,              2.48,       -9.93953005,      -10.74818147,      -11.23355717,                 0,       1.408764983,   -0.002347398023,     0.09172648907
        249,              2.49,      -9.953920132,      -10.76283097,      -11.25230016,                 0,       1.408431903,   -0.002453649003,      0.0915269947
        250,               2.5,      -9.964345774,      -10.77238587,      -11.26491596,                 0,       1.408102454,   -0.002550537875,       0.091328236
        251,              2.51,      -9.936620083,      -10.74351781,      -11.24422513,                 0,        1.40775009,   -0.002637977961,     0.09113019153
        252,              2.52,      -9.919755561,      -10.73134466,      -11.23227754,                 0,       1.407393458,   -0.002715985041,     0.09093279024
        253,              2.53,      -9.932752762,      -10.74638228,      -11.25282502,                 0,       1.407068931,   -0.002782998119,     0.09073602921
        254,              2.54,       -9.94996857,      -10.76344215,      -11.27333732,                 0,       1.406756356,   -0.002838535063,     0.09053997377
        255,              2.55,       -9.91916332,      -10.72892455,       -11.2499576,                 0,       1.406415772,   -0.002882903306,     0.09034462289
        256,              2.56,      -9.893513086,       -10.7076083,      -11.22851514,                 0,        1.40605997,   -0.002916680683,     0.09014988932
        257,              2.57,      -9.903688464,      -10.72214581,      -11.24879438,                 0,        1.40574012,   -0.002937985395,     0.08995574646
        258,              2.58,       -9.92668144,      -10.74642283,      -11.27854596,                 0,       1.405444492,     -0.0029461748,     0.08976227463
        259,              2.59,      -9.898628599,       -10.7120974,      -11.25589836,                 0,       1.405118288,   -0.002942137895,     0.08956950413
        260,               2.6,      -9.863684544,      -10.67934215,      -11.22332097,                 0,         1.4047628,    -0.00292701505,     0.08937733901
        261,              2.61,      -9.870240236,      -10.69268951,      -11.23985529,                 0,       1.404442172,   -0.002898988327,     0.08918571868
        262,              2.62,      -9.895971885,      -10.72161072,      -11.27953437,                 0,       1.404162006,   -0.002856831975,     0.08899472726
        263,              2.63,      -9.877255381,      -10.69558416,      -11.26272495,                 0,       1.403854088,   -0.002801994969,     0.08880443523
        264,              2.64,      -9.833729955,      -10.65019614,      -11.21887291,                 0,       1.403500944,   -0.002736419454,     0.08861475222
        265,              2.65,      -9.835916039,      -10.66116519,      -11.22693177,                 0,       1.403173814,   -0.002658783015,     0.08842557701
        266,              2.66,      -9.860756127,      -10.69082659,       -11.2753602,                 0,       1.402905252,   -0.002566846249,     0.08823697994
        267,              2.67,        -9.8556864,      -10.68014636,      -11.27029851,                 0,       1.402619966,   -0.002462231579,      0.0880490744
        268,              2.68,      -9.806450644,      -10.62343983,      -11.21713176,                 0,       1.402274007,   -0.002347875583,     0.08786179522
        269,              2.69,      -9.802899989,      -10.62956113,      -11.21192447,                 0,        1.40193593,    -0.00222331956,     0.08767500159
        270,               2.7,      -9.824411222,      -10.65705066,      -11.26500807,                 0,       1.401671883,   -0.002085554782,     0.08748872876
        271,              2.71,      -9.832730482,      -10.66410373,      -11.27738198,                 0,       1.401411957,   -0.001935569001,     0.08730312593
        272,              2.72,      -9.783538178,      -10.60149074,      -11.21955335,                 0,       1.401084102,   -0.001777368228,     0.08711817487
        273,              2.73,      -9.772306136,      -10.59925828,      -11.19842377,                 0,       1.400738985,   -0.001611877972,     0.08693370671
        274,              2.74,      -9.789885398,      -10.62403983,       -11.2489877,                 0,       1.400474362,   -0.001435695789,     0.08674970139
        275,              2.75,      -9.806775341,      -10.64436606,      -11.28224172,                 0,       1.400243196,   -0.001248395261,      0.0865663259
        276,              2.76,      -9.765384219,      -10.58561049,      -11.22577033,                 0,        1.39993993,   -0.001054576786,     0.08638362591
        277,              2.77,      -9.744530893,      -10.57021724,       -11.1878209,                 0,       1.399586364,  -0.0008570517001,     0.08620142693
        278,              2.78,      -9.758711893,      -10.59368462,      -11.22701509,                 0,       1.399305327,  -0.0006527237169,     0.08601964007
        279,              2.79,      -9.777326488,      -10.61848944,      -11.28121722,                 0,       1.399091314,  -0.0004393902718,     0.08583842228
        280,               2.8,      -9.750562706,       -10.5754493,      -11.23484388,                 0,       1.398819286,  -0.0002209770083,     0.08565789071
        281,              2.81,      -9.719842774,      -10.54351804,      -11.18361901,                 0,        1.39847474,  -2.703445459e-06,     0.08547789661
        282,              2.82,      -9.731020312,      -10.56719338,      -11.20646548,                 0,       1.398190393,   0.0002174359235,     0.08529828196
        283,              2.83,      -9.745770766,      -10.58758719,        -11.274744,                 0,       1.398004211,   0.0004431145998,     0.08511916137
        284,              2.84,      -9.736223055,      -10.56779059,       -11.2470141,                 0,       1.397790921,   0.0006724231668,     0.08494071653
        285,              2.85,      -9.699366055,      -10.52082722,      -11.18574389,                 0,       1.397475081,   0.0008981561169,     0.08476285646
        286,              2.86,       -9.70632537,      -10.54290098,      -11.18657981,                 0,       1.397167435,    0.001120326016,      0.0845853676
        287,              2.87,      -9.715734423,      -10.55667235,      -11.25771775,                 0,       1.396975273,     0.00134327287,     0.08440829139
        288,              2.88,      -9.719353374,      -10.55851221,      -11.25807877,                 0,       1.396797974,    0.001567982485,     0.08423184978
        289,              2.89,      -9.682961797,      -10.50379528,      -11.18997194,                 0,       1.396510154,    0.001786608187,     0.08405603792
        290,               2.9,      -9.682568579,      -10.51746742,      -11.16959504,                 0,       1.396182663,    0.001996212156,      0.0838806176
        291,              2.91,      -9.688406847,      -10.52868819,      -11.23046699,                 0,       1.395968604,    0.002201013898,     0.08370553558
        292,              2.92,      -9.696422375,      -10.54044929,      -11.26389108,                 0,       1.395818487,    0.002404842216,     0.08353101777
        293,              2.93,      -9.669455887,      -10.49284929,      -11.19662346,                 0,       1.395571045,    0.002601352163,     0.08335716073
        294,              2.94,      -9.659250408,      -10.49070494,      -11.15926391,                 0,       1.395236131,    0.002783992904,     0.08318374374
        295,              2.95,       -9.66427881,      -10.50567403,      -11.19967105,                 0,       1.394988028,    0.002955859035,     0.08301061357
        296,              2.96,      -9.668085139,      -10.51275165,      -11.26138354,                 0,       1.394849585,    0.003122983541,     0.08283795602
        297,              2.97,      -9.656579819,      -10.48633589,      -11.20618837,                 0,       1.394649258,    0.003282589923,     0.08266596528
        298,              2.98,      -9.636801366,      -10.46398471,      -11.15458351,                 0,       1.394323376,    0.003425110032,     0.08249448527
        299,              2.99,      -9.641609953,      -10.48472728,       -11.1689693,                 0,       1.394035398,    0.003551217449,     0.08232327745
        300,                 3,      -9.637287505,      -10.48007973,      -11.24367203,                 0,       1.393888797,    0.003667962695,     0.08215244228
        301,              3.01,        -9.6392594,      -10.47720612,      -11.21582365,                 0,       1.393735275,     0.00377700117,     0.08198224477
        302,              3.02,      -9.615866894,      -10.44018378,       -11.1534365,                 0,       1.393439892,    0.003868139934,     0.08181263708
        303,              3.03,      -9.617823309,       -10.4612221,      -11.14390117,                 0,       1.393120859,    0.003937994191,     0.08164333313
        304,              3.04,      -9.607470616,      -10.44926772,       -11.2119961,                 0,       1.392949559,    0.003993503797,      0.0814743133
        305,              3.05,      -9.613534669,      -10.45735868,      -11.22274678,                 0,       1.392837909,    0.004040621253,     0.08130586633
        306,              3.06,      -9.596477009,      -10.42180358,      -11.15402964,                 0,       1.392591723,    0.004071591416,     0.08113807985
        307,              3.07,      -9.591256886,      -10.43173127,      -11.12483824,                 0,       1.392251563,    0.004078223249,     0.08097067557
        308,              3.08,      -9.580059939,      -10.42375538,      -11.17026561,                 0,       1.392032059,    0.004065702901,     0.08080349832
        309,              3.09,      -9.579256721,       -10.4240362,       -11.2193367,                 0,       1.391937097,    0.004043239078,     0.08063679806
        310,               3.1,       -9.57610244,      -10.40732403,      -11.15509025,                 0,       1.391749293,    0.004008032859,     0.08047079962
        311,              3.11,      -9.562079365,      -10.39715342,      -11.11139835,                 0,       1.391410471,    0.003948374826,     0.08030529959
        312,              3.12,      -9.553158414,      -10.40066217,      -11.12674011,                 0,       1.391131904,    0.003865509504,     0.08014002074
        313,              3.13,      -9.540423036,      -10.38311288,      -11.19708547,                 0,       1.391026361,    0.003770390016,     0.07997510706
        314,              3.14,      -9.549380129,      -10.38892773,      -11.15598015,                 0,       1.390900074,    0.003666428965,       0.079810888
        315,              3.15,      -9.532140808,      -10.36280034,      -11.10204856,                 0,       1.390591511,    0.003541609631,     0.07964730068
        316,              3.16,      -9.523419844,      -10.37334475,      -11.08958574,                 0,       1.390257145,    0.003391234694,      0.0794839938
        317,              3.17,      -9.502074267,      -10.34408018,       -11.1532858,                 0,       1.390109882,    0.003225757615,     0.07932094748
        318,              3.18,      -9.511782859,      -10.35697981,      -11.15405636,                 0,       1.390033861,    0.003054761502,      0.0791585279
        319,              3.19,      -9.502204382,      -10.33317007,      -11.09236331,                 0,       1.389784847,    0.002869617896,     0.07899685833
        320,               3.2,      -9.488301463,      -10.33576214,      -11.06157411,                 0,       1.389414947,    0.002659372383,     0.07883559467
        321,              3.21,      -9.465993678,      -10.31109937,      -11.09610439,                 0,       1.389197021,    0.002430801165,     0.07867452365
        322,              3.22,       -9.46409666,      -10.30920819,      -11.14117345,                 0,         1.3891437,    0.002198756587,     0.07851395178
        323,              3.23,      -9.469163144,      -10.30611349,      -11.08001535,                 0,       1.388977157,    0.001961025139,     0.07835419227
        324,              3.24,      -9.448727114,      -10.28967973,       -11.0418076,                 0,       1.388615089,    0.001703188168,     0.07819501312
        325,              3.25,      -9.429684056,      -10.28004492,      -11.04253944,                 0,       1.388324937,    0.001424534846,     0.07803602877
        326,              3.26,      -9.412890717,      -10.25538669,      -11.10713367,                 0,       1.388267021,    0.001142640788,     0.07787737925
        327,              3.27,       -9.42699204,      -10.27135731,      -11.06631465,                 0,       1.388203229,     0.00086350099,     0.07771951231
        328,              3.28,      -9.407981893,       -10.2437692,      -11.02281436,                 0,       1.387897939,   0.0005735538922,     0.07756240846
        329,              3.29,      -9.388752747,      -10.24162172,      -10.99732766,                 0,         1.3875273,   0.0002627219454,     0.07740559224
        330,               3.3,      -9.364226106,      -10.20708607,      -11.04550061,                 0,       1.387398256,  -5.342204644e-05,     0.07724894846
        331,              3.31,      -9.372627545,      -10.22023754,      -11.05023619,                 0,        1.38740011,  -0.0003596943375,     0.07709294206
        332,              3.32,      -9.366346387,       -10.2036735,      -10.99668662,                 0,        1.38718915,  -0.0006646899359,     0.07693782914
        333,              3.33,      -9.341047824,       -10.1897729,       -10.9630833,                 0,       1.386775295,  -0.0009858201119,     0.07678318766
        334,              3.34,       -9.31759451,      -10.16502756,      -10.97244207,                 0,       1.386530365,   -0.001316387541,     0.07662861772
        335,              3.35,      -9.310169212,      -10.15505737,      -11.02125754,                 0,       1.386561596,   -0.001633012392,     0.07647444171
        336,              3.36,      -9.318477997,      -10.16210945,      -10.96521122,                 0,       1.386510405,   -0.001935854763,     0.07632117467
        337,              3.37,      -9.290164026,      -10.13111141,      -10.93486521,                 0,       1.386152856,   -0.002244091451,     0.07616862018
        338,              3.38,      -9.269052394,      -10.12113668,      -10.91228011,                 0,       1.385810316,   -0.002565499104,     0.07601616352
        339,              3.39,      -9.249387413,      -10.09214842,      -10.96428627,                 0,       1.385804898,   -0.002873313279,     0.07586381765
        340,               3.4,      -9.259726727,       -10.1087567,      -10.93375893,                 0,       1.385880246,   -0.003156341582,     0.07571222583
        341,              3.41,      -9.240167293,      -10.07881653,      -10.89657431,                 0,       1.385628161,   -0.003429921708,     0.07556156221
        342,              3.42,      -9.214402672,       -10.0653659,      -10.86230549,                 0,       1.385185517,   -0.003715650544,      0.0754111788
        343,              3.43,      -9.193197598,      -10.03805377,      -10.88276548,                 0,       1.385041534,   -0.003994367754,     0.07526067542
        344,              3.44,      -9.191567218,      -10.03933641,      -10.90193024,                 0,       1.385185467,   -0.004240680922,     0.07511060264
        345,              3.45,      -9.188366194,      -10.03167613,      -10.84885013,                 0,       1.385105369,   -0.004461571287,     0.07496154786
        346,              3.46,      -9.155767185,      -10.00027342,      -10.82236295,                 0,       1.384645803,   -0.004685244593,     0.07481309078
        347,              3.47,      -9.137117892,       -9.98697785,      -10.80313953,                 0,       1.384308673,   -0.004912397009,     0.07466445443
        348,              3.48,      -9.122246069,      -9.966288018,      -10.84965817,                 0,       1.384418488,   -0.005106387148,     0.07451583142
        349,              3.49,       -9.12724757,      -9.976995419,      -10.80212774,                 0,       1.384534888,   -0.005260699691,     0.07436809874
        350,               3.5,      -9.097830736,      -9.938377001,      -10.77746574,                 0,       1.384177856,   -0.005401647906,     0.07422132255
        351,              3.51,      -9.075195172,      -9.926655341,      -10.74020567,                 0,       1.383658305,   -0.005553172956,     0.07407457013
        352,              3.52,       -9.05690208,      -9.900976033,      -10.76714799,                 0,       1.383602971,   -0.005681410385,     0.07392746185
        353,              3.53,      -9.054610166,      -9.904945726,      -10.76013349,                 0,        1.38386163,    -0.00575984476,     0.07378086658
        354,              3.54,       -9.03959844,         -9.882931,      -10.71672575,                 0,       1.383732733,     -0.0058053846,     0.07363547658
        355,              3.55,      -9.007699988,      -9.854316874,      -10.69002852,                 0,        1.38314488,   -0.005858116094,     0.07349057692
        356,              3.56,      -8.992364309,      -9.840753496,      -10.67609879,                 0,       1.382828172,   -0.005907092647,     0.07334518321
        357,              3.57,      -8.977976408,      -9.824075929,      -10.70811084,                 0,       1.383104261,   -0.005905593119,     0.07319974932
        358,              3.58,      -8.974357716,       -9.82410116,      -10.65372542,                 0,       1.383281308,   -0.005852242432,       0.073055491
        359,              3.59,      -8.940674602,      -9.782625803,      -10.63674651,                 0,       1.382788194,   -0.005790837441,     0.07291232999
        360,               3.6,      -8.922540389,      -9.773811442,      -10.59954897,                 0,       1.382184335,      -0.005744555,     0.07276893424
        361,              3.61,      -8.904946195,      -9.749396688,      -10.62685192,                 0,       1.382276152,   -0.005663041039,     0.07262495825
        362,              3.62,      -8.897993039,      -9.749768446,      -10.59956631,                 0,       1.382716895,   -0.005516192527,     0.07248174149
        363,              3.63,      -8.875575481,      -9.718913103,      -10.56604321,                 0,       1.382523278,   -0.005337678228,     0.07234013419
        364,              3.64,      -8.846985598,      -9.694840407,      -10.53906273,                 0,        1.38173763,   -0.005181101562,     0.07219898607
        365,              3.65,      -8.833563436,      -9.681150487,      -10.52892288,                 0,       1.381443249,   -0.005020537937,     0.07205700561
        366,              3.66,      -8.816273001,      -9.664052888,      -10.54432656,                 0,         1.3819529,   -0.004794573587,     0.07191503561
        367,              3.67,      -8.805389797,      -9.654645855,      -10.49020093,                 0,       1.382199273,   -0.004509579391,     0.07177479539
        368,              3.68,      -8.771417744,      -9.614516308,      -10.47853312,                 0,       1.381479423,   -0.004235251276,      0.0716359781
        369,              3.69,      -8.756482095,      -9.607478124,       -10.4413331,                 0,       1.380716138,   -0.003991440708,     0.07149663819
        370,               3.7,      -8.736594394,      -9.581635756,        -10.463956,                 0,       1.380996818,   -0.003705173918,     0.07135647695
        371,              3.71,      -8.723868957,      -9.576026592,      -10.42380475,                 0,       1.381670308,   -0.003338626131,     0.07121754232
        372,              3.72,      -8.697741939,      -9.541335232,      -10.39919161,                 0,        1.38133811,   -0.002952994934,     0.07108090623
        373,              3.73,      -8.671871219,      -9.520720011,       -10.3703904,                 0,       1.380233768,    -0.00261871818,      0.0709447307
        374,              3.74,       -8.65744239,      -9.504778854,      -10.36055495,                 0,       1.379961542,   -0.002289069838,     0.07080722713
        375,              3.75,      -8.634911099,      -9.483672407,       -10.3606958,                 0,       1.380817445,   -0.001878049808,     0.07066982131
        376,              3.76,      -8.619018243,      -9.467875082,      -10.30990165,                 0,       1.381152747,   -0.001405084459,     0.07053500848
        377,              3.77,      -8.585565236,      -9.429853313,       -10.3007103,                 0,       1.380066138,   -0.000977792796,     0.07040211586
        378,              3.78,      -8.570876008,      -9.421866953,      -10.26184224,                 0,       1.379049882,  -0.0006114984288,     0.07026819012
        379,              3.79,      -8.546194817,      -9.391885067,      -10.27657804,                 0,       1.379630499,  -0.0001974731533,     0.07013294276
        380,               3.8,      -8.528007375,      -9.379848417,      -10.22897525,                 0,       1.380705865,   0.0003168883361,     0.06999954235
        381,              3.81,      -8.500572388,      -9.344585498,      -10.21025821,                 0,       1.380190476,   0.0008269808663,     0.06986946021
        382,              3.82,      -8.475085967,      -9.324422527,      -10.17884126,                 0,       1.378590111,    0.001235158728,     0.06973973208
        383,              3.83,      -8.457438963,      -9.304912261,      -10.16657394,                 0,       1.378369235,    0.001619921829,     0.06960765019
        384,              3.84,      -8.429256985,      -9.278083939,      -10.15448282,                 0,        1.37983998,    0.002112133665,     0.06947552768
        385,              3.85,      -8.410751196,      -9.259250107,      -10.10697357,                 0,        1.38039376,    0.002672551585,     0.06934721602
        386,              3.86,      -8.377443641,      -9.222397966,      -10.09805909,                 0,         1.3787429,     0.00313158735,     0.06922151214
        387,              3.87,       -8.36064869,      -9.211531855,      -10.05736386,                 0,       1.377318461,    0.003476194913,     0.06909368332
        388,              3.88,      -8.331284873,      -9.177221323,       -10.0634296,                 0,        1.37844948,    0.003881234758,     0.06896330938
        389,              3.89,      -8.309138622,      -9.160292269,      -10.01252333,                 0,       1.380244927,    0.004426499753,     0.06883548258
        390,               3.9,      -8.281574106,      -9.126288572,      -9.997025758,                 0,       1.379419028,     0.00493577141,     0.06871252478
        391,              3.91,      -8.254070048,      -9.103709391,      -9.962835614,                 0,       1.376919314,     0.00525888383,     0.06858956548
        392,              3.92,      -8.232758488,      -9.080433445,      -9.945729691,                 0,        1.37673824,    0.005531095368,     0.06846212071
        393,              3.93,      -8.200006795,      -9.048456649,      -9.926019683,                 0,       1.379274067,    0.005967507827,     0.06833394671
        394,              3.94,      -8.179997385,      -9.028588426,      -9.881123011,                 0,       1.380218424,    0.006496728035,     0.06821146103
        395,              3.95,      -8.145346171,      -8.991175406,      -9.871191877,                 0,       1.377517266,    0.006836534367,     0.06809275425
        396,              3.96,      -8.124563436,      -8.975504572,      -9.826392319,                 0,        1.37525784,    0.006973373364,     0.06796983896
        397,              3.97,      -8.091559054,      -8.937750447,      -9.824595742,                 0,       1.377289298,    0.007204715704,     0.06784177935
        398,              3.98,      -8.065661114,       -8.91642108,      -9.772980498,                 0,       1.380412627,    0.007669749543,     0.06771717698
        399,              3.99,      -8.037513879,      -8.883528361,      -9.758071715,                 0,       1.379072272,    0.008058288008,      0.0676003355
        400,                 4,      -8.005621346,      -8.855728618,      -9.719629028,                 0,       1.374862127,    0.008121326501,     0.06748310433
        401,              4.01,       -7.98114981,      -8.830127677,      -9.694500412,                 0,       1.374607634,     0.00808315378,     0.06735734862
        402,              4.02,      -7.944370986,      -8.793586994,      -9.672309963,                 0,       1.379104569,    0.008346665168,      0.0672291604
        403,              4.03,        -7.9223509,      -8.773514261,      -9.624392994,                 0,       1.380925383,    0.008764459568,     0.06711015676
        404,              4.04,      -7.885163461,      -8.733761474,      -9.612317752,                 0,       1.376333531,     0.00886880924,     0.06699784222
        405,              4.05,      -7.859786428,      -8.713066078,      -9.560731012,                 0,       1.372253181,    0.008580680114,     0.06687795758
        406,              4.06,      -7.824976801,      -8.673564497,      -9.554962413,                 0,       1.375787557,    0.008490359796,     0.06674767637
        407,              4.07,      -7.794916584,      -8.648063107,      -9.501415596,                 0,        1.38162092,     0.00881142949,     0.06662217049
        408,              4.08,      -7.766285129,       -8.61577788,      -9.482261239,                 0,       1.379700689,    0.009067710583,     0.06651076221
        409,              4.09,      -7.729695955,      -8.581894235,      -9.448657224,                 0,        1.37204206,    0.008686967207,     0.06639973756
        410,               4.1,      -7.703947907,      -8.555134358,      -9.413485159,                 0,       1.371096107,    0.008158898364,     0.06627277926
        411,              4.11,       -7.66449518,      -8.514898305,      -9.393340009,                 0,       1.379304639,    0.008139610666,     0.06613924973
        412,              4.12,      -7.640606246,      -8.493211484,       -9.34161637,                 0,       1.383564305,    0.008551217053,     0.06602177736
        413,              4.13,      -7.602012474,      -8.451411938,       -9.33580834,                 0,       1.375566665,    0.008338033445,     0.06591861412
        414,              4.14,      -7.573365979,      -8.427008566,      -9.277410011,                 0,       1.367353395,    0.007470601314,     0.06580300254
        415,              4.15,      -7.539174318,      -8.388600619,      -9.267066775,                 0,       1.373136369,    0.006841367372,     0.06566623319
        416,              4.16,      -7.505659398,       -8.35867687,      -9.218521689,                 0,        1.38485294,     0.00718019873,     0.06553576629
        417,              4.17,      -7.477400772,      -8.327817454,      -9.196196662,                 0,       1.382572643,    0.007368157095,     0.06543296345
        418,              4.18,      -7.437760809,      -8.289656812,      -9.161656758,                 0,       1.368066695,    0.006526914286,     0.06533472566
        419,              4.19,      -7.412016334,      -8.264064894,      -9.119935212,                 0,       1.364587778,    0.005170020397,     0.06520685207
        420,               4.2,      -7.371342027,      -8.221545834,      -9.105923716,                 0,       1.379918895,    0.004974997413,     0.06506257741
        421,              4.21,       -7.34539776,       -8.19860258,       -9.05060351,                 0,       1.389904628,    0.005551826471,     0.06494703451
        422,              4.22,      -7.306808819,      -8.156505957,      -9.040642314,                 0,       1.376048881,    0.005280879725,      0.0648632394
        423,              4.23,      -7.275071473,        -8.1287184,      -8.984596015,                 0,       1.358471267,    0.003460332993,     0.06476023669
        424,              4.24,      -7.242061664,      -8.092051561,      -8.970251412,                 0,       1.367494286,    0.002250508118,     0.06461368447
        425,              4.25,      -7.205016615,      -8.057962521,      -8.923859178,                 0,        1.39120442,    0.002718008001,     0.06447302393
        426,              4.26,      -7.177139166,      -8.028551499,      -8.892868145,                 0,       1.390365729,    0.003468257757,     0.06438717674
        427,              4.27,      -7.135360386,       -7.98676945,      -8.867548945,                 0,       1.362099894,    0.001963064002,     0.06431873353
        428,              4.28,      -7.108840038,      -7.961599736,      -8.817805291,                 0,       1.351446067,  -0.0004075269982,     0.06419499561
        429,              4.29,      -7.067614976,      -7.917843018,      -8.804056472,                 0,       1.379678151,  -0.0009823624255,     0.06403024443
        430,               4.3,      -7.038801289,      -7.892518236,      -8.746572013,                 0,       1.403886581,   0.0006588159511,     0.06391500714
        431,              4.31,      -7.001693619,      -7.851604542,        -8.7373925,                 0,       1.380374049,   0.0005428155313,     0.06387021102
        432,              4.32,      -6.966731979,      -7.820429846,      -8.680862042,                 0,       1.342433704,   -0.002309449107,     0.06379901192
        433,              4.33,      -6.934983716,      -7.785837896,      -8.658867058,                 0,       1.353970699,   -0.004871422139,     0.06363644028
        434,              4.34,      -6.894474651,      -7.746936603,      -8.621772769,                 0,       1.403078546,   -0.003458155713,     0.06346890082
        435,              4.35,      -6.867586364,      -7.719687676,      -8.582499325,                 0,       1.409586799,   -0.001474355449,     0.06340879065
        436,              4.36,      -6.824996522,      -7.675964333,      -8.560147894,                 0,       1.354980417,   -0.003101021945,     0.06340158738
        437,              4.37,      -6.797143261,      -7.650548264,      -8.505430252,                 0,       1.324032597,     -0.0077827709,     0.06329236738
        438,              4.38,      -6.756195551,      -7.606386837,      -8.495957787,                 0,       1.375478318,   -0.008507130025,     0.06308129722
        439,              4.39,      -6.724432578,      -7.578309844,      -8.435379825,                 0,       1.432791987,   -0.005040545122,     0.06294897097
        440,               4.4,      -6.690230278,      -7.540580002,      -8.420792968,                 0,       1.396425524,   -0.003328224865,     0.06297118713
        441,              4.41,      -6.652248066,       -7.50540417,      -8.373190736,                 0,       1.313348094,   -0.008457364638,     0.06296816146
        442,              4.42,      -6.622132409,      -7.473605512,       -8.34387385,                 0,       1.322323579,    -0.01298572537,     0.06277431054
        443,              4.43,      -6.579262435,      -7.431176187,      -8.310620131,                 0,       1.421976472,    -0.01068786938,     0.06253230924
        444,              4.44,      -6.552970428,      -7.405742422,      -8.263625586,                 0,       1.454535454,   -0.004590309841,     0.06249555143
        445,              4.45,      -6.511292608,      -7.361715918,      -8.250619407,                 0,       1.349698888,   -0.006577494487,     0.06260305706
        446,              4.46,      -6.481452532,       -7.33522139,      -8.190939152,                 0,       1.268464262,     -0.0145986079,     0.06253046859
        447,              4.47,       -6.44197044,      -7.292324855,      -8.178256241,                 0,       1.356651717,    -0.01741078023,      0.0622152232
        448,              4.48,      -6.407202666,      -7.260774394,      -8.122802814,                 0,       1.489951404,   -0.008930490541,     0.06200924335
        449,              4.49,      -6.376490775,      -7.227187452,      -8.104087086,                 0,       1.440767688,   -0.003972835109,     0.06213489176
        450,               4.5,      -6.336277012,      -7.188930284,      -8.060961494,                 0,       1.264364188,     -0.0112797355,     0.06227328514
        451,              4.51,      -6.306948829,      -7.159203629,       -8.02285426,                 0,       1.248126014,    -0.02216970075,     0.06202490551
        452,              4.52,      -6.263892233,      -7.115059029,      -8.000807691,                 0,       1.448044199,     -0.0171693365,     0.06160238662
        453,              4.53,       -6.23710024,      -7.090242293,      -7.946748773,                 0,       1.550968293,   -0.004389829785,      0.0615583682
        454,              4.54,      -6.197783692,      -7.047884933,      -7.934854726,                 0,        1.35946407,   -0.003493580602,     0.06187830765
        455,              4.55,      -6.165550214,      -7.019404979,      -7.876885982,                 0,       1.156659236,    -0.02054217478,     0.06190436211
        456,              4.56,      -6.129165525,      -6.979547322,      -7.863266177,                 0,       1.300300047,    -0.02658365943,     0.06137999392
        457,              4.57,       -6.09286566,      -6.945889398,      -7.810372317,                 0,       1.594543836,    -0.01164430576,     0.06097226498
        458,              4.58,      -6.064601988,       -6.91582764,      -7.784840919,                 0,       1.551382812,    0.004216322132,     0.06125173223
        459,              4.59,      -6.023725022,      -6.875523226,      -7.754207674,                 0,       1.184359117,   -0.009400202144,     0.06168830021
        460,               4.6,      -5.994412379,      -6.847082714,      -7.708320852,                 0,       1.088166473,    -0.03054882248,     0.06137129597
        461,              4.61,       -5.95341718,      -6.803919715,        -7.6888212,                 0,        1.47216731,    -0.02610346882,     0.06056851928
        462,              4.62,      -5.926526848,      -6.779634362,      -7.634171858,                 0,       1.750003864,    0.004219472906,     0.06043804609
        463,              4.63,       -5.89023215,      -6.739961196,      -7.626743487,                 0,       1.409201298,    0.008485862215,     0.06115446473
        464,              4.64,      -5.855867392,      -6.709786628,      -7.569409637,                 0,      0.9460666975,     -0.0211274748,     0.06143542969
        465,              4.65,        -5.8221147,      -6.672681718,      -7.548937598,                 0,       1.155884793,    -0.04138683143,     0.06053396637
        466,              4.66,      -5.785896956,      -6.637860788,      -7.506772978,                 0,       1.781749281,     -0.0100118159,     0.05967976543
        467,              4.67,      -5.759856115,      -6.611205116,      -7.476838699,                 0,       1.792518419,     0.02227995335,       0.060191182
        468,              4.68,      -5.720374109,      -6.571435738,      -7.450995133,                 0,        1.06389654,    0.005314605223,     0.06124465941
        469,              4.69,      -5.689565378,      -6.542728452,       -7.40041955,                 0,      0.7581629455,    -0.04464220466,     0.06088315266
        470,               4.7,       -5.65115712,      -6.501014271,      -7.387031972,                 0,       1.480940768,    -0.03723605767,     0.05934934347
        471,              4.71,       -5.62506951,       -6.47772531,       -7.33121185,                 0,       2.131078742,     0.01783864035,     0.05897566106
        472,              4.72,      -5.593104117,      -6.442457381,      -7.323054546,                 0,       1.554514587,     0.04065624156,     0.06042686301
        473,              4.73,      -5.558038214,      -6.411630692,       -7.27442949,                 0,      0.5500988449,    -0.02228888625,     0.06129442403
        474,              4.74,      -5.524551612,      -6.375011977,        -7.2489538,                 0,      0.8482853921,    -0.06247468328,     0.05974125633
        475,              4.75,      -5.490343603,      -6.341421399,       -7.20908831,                 0,       2.101624141,    -0.01382927489,     0.05801447164
        476,              4.76,      -5.466454356,      -6.317739469,      -7.177008414,                 0,       2.286415003,     0.06342871773,     0.05888449822
        477,              4.77,      -5.431606647,      -6.281490038,      -7.162602291,                 0,      0.8640609548,     0.02966468302,     0.06114439097
        478,              4.78,      -5.397414935,      -6.250936504,      -7.109207958,                 0,      0.1338902357,    -0.06192812113,     0.06080746622
        479,              4.79,       -5.36170511,      -6.210905614,      -7.091427379,                 0,        1.45364173,      -0.066525858,     0.05793811198
        480,               4.8,      -5.337903891,      -6.189503302,      -7.041755053,                 0,       2.842407001,     0.04953933933,     0.05706765395
        481,              4.81,       -5.31253612,       -6.16066338,      -7.038059292,                 0,       1.850453611,     0.09092404938,     0.05983816278
        482,              4.82,       -5.27891299,       -6.13233092,      -6.994373938,                 0,     -0.1691620212,    -0.01442989403,     0.06185351528
        483,              4.83,      -5.242328847,      -6.092451141,      -6.960874257,                 0,      0.2701119335,     -0.1121641478,      0.0591346162
        484,              4.84,      -5.212895902,      -6.062403437,      -6.929289655,                 0,       2.682009171,    -0.01184407767,     0.05589244688
        485,              4.85,      -5.193823606,      -6.043798441,      -6.899546654,                 0,       3.170987133,      0.1201833609,     0.05738375527
        486,              4.86,      -5.167331118,      -6.015449374,      -6.890661032,                 0,      0.4820855742,     0.08108355051,     0.06178124627
        487,              4.87,      -5.127725349,      -5.981280883,      -6.838874312,                 0,      -0.968587876,     -0.1114358205,     0.06141230022
        488,              4.88,      -5.095347574,      -5.942976119,      -6.819634593,                 0,       1.480948809,      -0.105068161,     0.05624973743
        489,              4.89,      -5.077174107,      -5.926618104,      -6.773388281,                 0,        4.05942769,     0.08400177336,     0.05471025238
        490,               4.9,      -5.062127517,      -5.907474823,      -6.776131552,                 0,       2.276385915,      0.1857231439,     0.05975039004
        491,              4.91,      -5.033655671,      -5.886326383,      -6.745280511,                 0,      -1.496502081,    -0.03599903729,     0.06343345987
        492,              4.92,      -4.992418332,      -5.840510801,      -6.706785994,                 0,      -0.493513983,     -0.1808243611,      0.0584695464
        493,              4.93,      -4.971520937,      -5.818756263,      -6.673567423,                 0,       3.769103017,    -0.01868066268,     0.05323322927
        494,              4.94,      -4.962667277,      -5.809490457,      -6.657029417,                 0,       4.472821065,      0.2324065478,     0.05612750467
        495,              4.95,      -4.949639268,      -5.795026024,      -6.662844398,                 0,     -0.5356183418,      0.1112194764,     0.06360825907
        496,              4.96,      -4.898580735,       -5.74988542,      -6.605811234,                 0,      -2.482013193,     -0.1837198037,     0.06222607147
        497,              4.97,      -4.877794737,      -5.722184407,      -6.584826812,                 0,       2.021320045,     -0.1609185882,     0.05387847328
        498,              4.98,       -4.87249324,      -5.717138457,      -6.553452735,                 0,        5.90899516,      0.1861054895,     0.05246486486
        499,              4.99,      -4.871286703,      -5.710303286,      -6.574494394,                 0,       2.106444851,      0.2646598924,     0.06107102916
        500,                 5,      -4.841483181,      -5.693216648,      -6.545584182,                 0,      -3.516192843,    -0.09014531054,     0.06545676857
        501,              5.01,      -4.806713491,       -5.64975407,      -6.506848194,                 0,      -0.686689943,     -0.2788277585,     0.05653141414
        502,              5.02,      -4.799115217,      -5.641493275,      -6.480687213,                 0,       5.756753782,     0.05759011246,      0.0504003119
        503,              5.03,      -4.803140784,       -5.64367905,      -6.489326033,                 0,       5.267724789,       0.333369856,     0.05661959882
        504,              5.04,      -4.801074943,      -5.646320913,      -6.499503075,                 0,      -2.824640156,     0.08663726794,     0.06640168846
        505,              5.05,      -4.755552332,      -5.600337901,      -6.450619799,                 0,      -3.410523849,     -0.3227702198,     0.06056109899
        506,              5.06,       -4.74523242,      -5.585154468,      -6.432867475,                 0,       4.085279045,     -0.1091479167,     0.05048046859
        507,              5.07,      -4.752370035,      -5.592556913,      -6.426956664,                 0,       7.426810641,      0.2937957688,      0.0522204241
        508,              5.08,      -4.766460046,      -5.601414194,      -6.458956041,                 0,     -0.2068847643,      0.2779335493,     0.06457756926
        509,              5.09,      -4.717740346,      -5.566295607,      -6.417517237,                 0,      -5.202355629,     -0.2612483928,     0.06497761187
        510,               5.1,      -4.704566777,      -5.542213758,      -6.391838793,                 0,       1.252614851,     -0.2692960142,     0.05249033523
        511,              5.11,      -4.715266278,      -5.552416547,      -6.377076241,                 0,       8.041301275,       0.174243449,     0.04914081979
        512,              5.12,      -4.732070321,       -5.56266913,      -6.413309719,                 0,       3.446573842,       0.410317734,     0.06058169142
        513,              5.13,      -4.717240014,      -5.565150385,      -6.411102283,                 0,      -5.580665672,     -0.1171273781,     0.06731715252
        514,              5.14,       -4.69106122,      -5.528766069,      -6.378052283,                 0,      -1.697188449,     -0.3635716837,      0.0554013006
        515,              5.15,      -4.693486669,      -5.529833884,      -6.355866925,                 0,       7.108888038,     0.02886766858,     0.04784462471
        516,              5.16,      -4.709496073,      -5.543814864,      -6.381727436,                 0,       6.510929205,      0.4336238434,     0.05588847316
        517,              5.17,      -4.725618791,      -5.568685762,      -6.415065373,                 0,      -4.302836988,     0.06890445833,     0.06728512761
        518,              5.18,      -4.687123476,      -5.526958919,      -6.372759038,                 0,      -4.133482381,     -0.3788477748,     0.05869997257
        519,              5.19,      -4.682013612,      -5.517671308,      -6.351635918,                 0,       5.202874001,        -0.1200604,     0.04802126231
        520,               5.2,      -4.697867496,      -5.534385998,      -6.365517702,                 0,        8.27913617,      0.3762971005,     0.05175312594
        521,              5.21,       -4.72786077,      -5.562535408,      -6.416032986,                 0,       -1.66585096,      0.2393360145,     0.06542841391
        522,              5.22,      -4.683751635,      -5.527432238,      -6.371716132,                 0,      -5.699613343,     -0.3133735669,     0.06220927562
        523,              5.23,      -4.674940101,      -5.510089608,      -6.349959364,                 0,       2.661417404,     -0.2577961894,     0.04940708122
        524,              5.24,      -4.692560254,      -5.528352223,       -6.35282684,                 0,       8.818874795,       0.268917057,     0.04868897276
        525,              5.25,      -4.721095818,      -5.549073925,      -6.403669543,                 0,       1.621414453,      0.3535032981,     0.06216642309
        526,              5.26,      -4.686332884,      -5.533584475,      -6.377932605,                 0,       -6.15737131,     -0.1874917732,     0.06517138032
        527,              5.27,      -4.672325481,      -5.507686898,      -6.355110853,                 0,     -0.1677749855,     -0.3572261632,     0.05176197367
        528,              5.28,      -4.689066567,      -5.524615595,       -6.34619582,                 0,        8.26698513,      0.1222135812,     0.04685959086
        529,              5.29,      -4.708234899,      -5.536690994,       -6.38408277,                 0,       4.819975824,       0.395426515,     0.05802210987
        530,               5.3,      -4.710104363,      -5.556268969,      -6.396226748,                 0,      -5.595690693,    -0.04151171297,     0.06612924787
        531,              5.31,      -4.681266711,       -5.51823203,      -6.368039437,                 0,      -2.598406215,     -0.4002672596,     0.05445283011
        532,              5.32,      -4.689164334,      -5.524276702,       -6.35322919,                 0,       6.870288254,    -0.02800758271,      0.0463626718
        533,              5.33,      -4.704716506,      -5.538365636,       -6.37737934,                 0,       7.033031097,      0.3630507049,     0.05400636079
        534,              5.34,      -4.726545439,      -5.568336257,      -6.413936357,                 0,      -3.865442528,      0.1130013742,     0.06572687703
        535,              5.35,      -4.688546547,      -5.528345418,      -6.374135593,                 0,      -4.481328917,     -0.3906067673,      0.0576098628
        536,              5.36,      -4.686149361,      -5.520968928,      -6.360133694,                 0,       4.883046751,     -0.1666475219,     0.04693800288
        537,              5.37,      -4.702921863,      -5.539213826,      -6.371664755,                 0,       8.281181811,      0.2807893992,     0.05056225117
        538,              5.38,      -4.730722947,      -5.565120978,      -6.419848407,                 0,      -1.253109585,      0.2507072866,     0.06413623345
        539,              5.39,      -4.689364998,      -5.532884824,      -6.375218057,                 0,      -5.710082265,     -0.3259306827,     0.06118984704
        540,               5.4,      -4.681722612,      -5.516421943,        -6.3614737,                 0,       2.444225173,      -0.291172759,     0.04865455983
        541,              5.41,      -4.698305735,      -5.534014367,      -6.356404389,                 0,       8.631041023,      0.1630347752,     0.04804777185
        542,              5.42,      -4.723399764,      -5.551813632,      -6.407582632,                 0,       1.861985484,      0.3518716576,     0.06140142851
        543,              5.43,       -4.69515371,       -5.54221964,      -6.384422775,                 0,      -6.066450205,     -0.2053091104,     0.06438218526
        544,              5.44,      -4.680003597,      -5.514784117,      -6.363473071,                 0,     -0.2253661062,     -0.3852502253,      0.0513679786
        545,              5.45,      -4.691783681,      -5.527586396,      -6.347901341,                 0,       8.045397363,     0.03183424061,     0.04671912716
        546,              5.46,      -4.710574977,      -5.539394013,      -6.388098785,                 0,       4.901791954,      0.3893888358,     0.05786285512
        547,              5.47,      -4.717034953,      -5.563012465,      -6.401596005,                 0,      -5.484365056,    -0.05479961884,     0.06591142972
        548,              5.48,      -4.686730016,      -5.523203015,      -6.371919658,                 0,      -2.573985463,      -0.423175304,     0.05457712805
        549,              5.49,      -4.692375547,      -5.528290736,      -6.356644139,                 0,       6.726271354,    -0.09339647092,     0.04680791815
        550,               5.5,      -4.708262917,       -5.54199125,       -6.37971181,                 0,       7.020451563,      0.3597306103,     0.05452505769
        551,              5.51,      -4.733998281,      -5.575502655,      -6.419371299,                 0,      -3.805811499,     0.09698606795,     0.06605740778
        552,              5.52,      -4.694185599,      -5.533709791,      -6.378785343,                 0,      -4.373333472,      -0.401370673,     0.05815000026
        553,              5.53,      -4.693599624,      -5.529389486,        -6.3669238,                 0,       4.854664467,      -0.215874429,      0.0479030906
        554,              5.54,      -4.710441931,      -5.546938816,      -6.376943115,                 0,       8.190130144,      0.2922441585,     0.05172133557
        555,              5.55,      -4.741564209,      -5.575906846,      -6.428171958,                 0,       -1.33801356,       0.224069819,     0.06490903956
        556,              5.56,      -4.698400266,      -5.541803832,      -6.383561731,                 0,      -5.494445309,     -0.3235472465,     0.06182823065
        557,              5.57,      -4.692331749,      -5.527542726,      -6.371775373,                 0,       2.545206946,      -0.323313767,     0.04978678043
        558,              5.58,      -4.711028636,      -5.547236913,      -6.368063983,                 0,       8.526945431,      0.1955609686,     0.04956863836
        559,              5.59,      -4.738698261,      -5.567029762,      -6.422284538,                 0,       1.570187233,      0.3146220724,     0.06253880835
        560,               5.6,      -4.705967937,      -5.552891792,       -6.39371191,                 0,      -5.810161634,     -0.2041077079,     0.06492453622
        561,              5.61,      -4.692719853,      -5.527747241,      -6.378375156,                 0,     0.02348813323,     -0.3973536979,     0.05229793124
        562,              5.62,      -4.707911454,      -5.543856002,      -6.363008199,                 0,        8.00493833,     0.07060159328,     0.04816102773
        563,              5.63,       -4.72790585,      -5.556174018,      -6.407149039,                 0,       4.463223535,      0.3556355676,     0.05912939777
        564,              5.64,      -4.728294008,      -5.574528765,      -6.411188423,                 0,      -5.324171024,     -0.0648586963,     0.06623651119
        565,              5.65,      -4.701467229,      -5.537735346,      -6.388959209,                 0,      -2.216310141,     -0.4253476198,     0.05494624701
        566,              5.66,      -4.707502421,      -5.543087051,      -6.370188221,                 0,       6.764303777,    -0.05564584228,     0.04763730572
        567,              5.67,       -4.72153161,      -5.554732984,      -6.396904749,                 0,       6.608969194,       0.337957584,     0.05536605894
        568,              5.68,      -4.742745521,      -5.585113644,      -6.426743781,                 0,      -3.817400845,     0.08952710221,     0.06604818981
        569,              5.69,       -4.70588736,       -5.54481972,       -6.39142354,                 0,      -4.074613935,     -0.4069854759,     0.05779691416
        570,               5.7,      -4.705604166,      -5.540627347,      -6.377272736,                 0,       4.996119827,     -0.1736536476,     0.04783023205
        571,              5.71,      -4.719165216,      -5.555659318,      -6.389814036,                 0,       7.897676462,      0.2776318414,     0.05174353866
        572,              5.72,      -4.746146915,      -5.581604079,      -6.432695298,                 0,       -1.45287288,      0.2343643178,     0.06441154714
        573,              5.73,      -4.705915825,      -5.548628498,      -6.391816951,                 0,      -5.337970417,     -0.3344842806,     0.06079399843
        574,              5.74,      -4.700755728,      -5.535582865,      -6.379945731,                 0,       2.738917272,     -0.2798949217,      0.0488058236
        575,              5.75,      -4.717203937,       -5.55402757,      -6.380290143,                 0,       8.364125379,      0.1861400339,     0.04867419481
        576,              5.76,      -4.739801699,      -5.569196753,      -6.424274412,                 0,       1.431353734,      0.3479149033,     0.06143702905
        577,              5.77,      -4.708129464,      -5.554997453,      -6.399227117,                 0,      -5.777986974,     -0.2054371473,      0.0634021816
        578,              5.78,      -4.696938891,      -5.531914145,      -6.382414887,                 0,      0.1784347828,     -0.3591360459,     0.05063153501
        579,              5.79,      -4.713710091,      -5.549970972,      -6.370148054,                 0,       7.987552788,     0.07715530511,     0.04652570232
        580,               5.8,       -4.72822956,      -5.557072818,      -6.408497824,                 0,       4.331518239,      0.4070816611,     0.05748305813
        581,              5.81,       -4.72898451,       -5.57527952,      -6.414342009,                 0,      -5.361515965,    -0.04855138298,      0.0643413938
        582,              5.82,      -4.703990899,      -5.540402886,      -6.392788733,                 0,      -2.091847326,     -0.3837786344,     0.05291244373
        583,              5.83,      -4.713581607,      -5.549313153,      -6.373747908,                 0,       6.838723355,    -0.02966032434,      0.0456724582
        584,              5.84,      -4.725636264,      -5.558839345,      -6.401466572,                 0,       6.469212909,      0.4008768377,     0.05356014617
        585,              5.85,      -4.745798777,      -5.588458314,      -6.430451605,                 0,      -3.921570757,      0.1128740746,     0.06407163527
        586,              5.86,      -4.711648097,      -5.550358812,      -6.398662122,                 0,       -3.89395505,     -0.3542140983,      0.0557430265
        587,              5.87,      -4.712985332,       -5.54819375,       -6.37945788,                 0,       5.127340357,     -0.1358455682,     0.04604027339
        588,              5.88,      -4.726944009,      -5.563298844,      -6.398425754,                 0,       7.762024234,      0.3544087714,     0.05028966305
        589,              5.89,      -4.753464558,      -5.589578034,      -6.439516184,                 0,      -1.680970885,      0.2543197962,     0.06284972191
        590,               5.9,      -4.713755056,      -5.555822306,      -6.399483108,                 0,        -5.1166894,     -0.2718276406,     0.05909625088
        591,              5.91,      -4.710368414,      -5.545233434,      -6.383809401,                 0,       2.968177587,     -0.2337511536,     0.04764274366
        592,              5.92,      -4.725651854,      -5.561711906,      -6.386989096,                 0,       8.279163908,      0.2756344335,     0.04802181002
        593,              5.93,      -4.750355414,      -5.580095958,      -6.434099982,                 0,       1.068012574,        0.36196932,      0.0608265059
        594,              5.94,      -4.713431997,      -5.559586807,      -6.403729901,                 0,       -5.58754023,     -0.1448814626,     0.06261827786
        595,              5.95,      -4.706632595,      -5.541091432,      -6.386611518,                 0,      0.4836394282,     -0.3077393792,     0.05048321954
        596,              5.96,      -4.719824599,      -5.555711631,      -6.375849804,                 0,       7.970336567,      0.1616666021,     0.04699156412
        597,              5.97,       -4.73800993,      -5.566416093,      -6.417747517,                 0,       3.963904196,      0.4201410373,     0.05819183641
        598,              5.98,      -4.731842507,      -5.578400504,       -6.41963641,                 0,      -5.275146078,   -0.001469528268,     0.06488388601
        599,              5.99,       -4.71098016,      -5.546436897,      -6.394915235,                 0,      -1.820959849,     -0.3374355339,     0.05394484655
        600,                 6,      -4.718137989,      -5.554155448,      -6.380876218,                 0,       6.889659254,     0.03792993028,     0.04735833142
        601,              6.01,      -4.733027398,      -5.565518361,      -6.408570075,                 0,       6.204024104,      0.4123296378,     0.05555949826
        602,              6.02,      -4.747781638,      -5.590942906,      -6.433370251,                 0,      -3.959760773,      0.1494132565,     0.06586676727
        603,              6.03,      -4.717606121,      -5.555613106,       -6.40169248,                 0,      -3.690899894,     -0.3228190386,     0.05777003108
        604,              6.04,      -4.719367054,      -5.555369377,      -6.391942272,                 0,       5.267679997,    -0.07890660706,     0.04877119657
        605,              6.05,      -4.734964012,      -5.570912918,       -6.40669078,                 0,       7.556384622,      0.3546446821,     0.05338899821
        606,              6.06,      -4.757450807,      -5.594368404,       -6.44285199,                 0,      -1.842797963,      0.2815185536,     0.06557744053
        607,              6.07,      -4.722735855,      -5.564219173,      -6.407696562,                 0,      -4.947223692,     -0.2623585666,      0.0615938456
        608,              6.08,      -4.720589415,      -5.555945262,      -6.398848345,                 0,       3.234625786,     -0.1839086929,     0.05085894103
        609,              6.09,      -4.737293393,      -5.573485413,      -6.400020586,                 0,       8.104851261,      0.2621810492,     0.05174968144
        610,               6.1,      -4.759336838,      -5.589987099,      -6.441467819,                 0,      0.7265730354,       0.379988404,     0.06407301404
        611,              6.11,      -4.724382722,      -5.569470018,      -6.411005913,                 0,      -5.456900193,     -0.1577954167,     0.06501255223
        612,              6.12,      -4.719230345,       -5.55403584,      -6.401008612,                 0,      0.8909534395,     -0.2728066711,      0.0533884379
        613,              6.13,       -4.73518093,      -5.571184046,      -6.390234023,                 0,       7.912475226,      0.1464573104,     0.05054192102
        614,              6.14,      -4.752981748,        -5.5814304,      -6.429468742,                 0,       3.442887884,      0.4322769541,      0.0614146318
        615,              6.15,      -4.741589244,      -5.588385727,      -6.430501201,                 0,      -5.215061432,    -0.02969709922,     0.06683914084
        616,              6.16,      -4.725116405,      -5.560395668,       -6.40761433,                 0,       -1.32162459,      -0.321677182,     0.05589108124
        617,              6.17,      -4.733289738,      -5.569265682,       -6.39173526,                 0,       6.971651681,     0.02529011763,     0.04985646056
        618,              6.18,      -4.747953619,      -5.579682764,      -6.420433196,                 0,       5.694379922,      0.4206085943,     0.05801884375
        619,              6.19,       -4.75930047,      -5.603536527,      -6.446719375,                 0,      -4.117602476,      0.1029209871,     0.06695492595
        620,               6.2,      -4.732238828,      -5.569493777,      -6.412143976,                 0,       -3.17527798,     -0.3273146262,     0.05823733492
        621,              6.21,      -4.733566088,       -5.56941059,      -6.399776423,                 0,       5.504940808,    -0.09671527432,     0.04964480575
        622,              6.22,      -4.746615278,       -5.58235844,      -6.415014566,                 0,       7.180823741,      0.3617060273,     0.05445289502
        623,              6.23,      -4.769022271,      -5.607540266,      -6.457506787,                 0,      -2.213552528,      0.2202048105,     0.06559516816
        624,              6.24,      -4.737292651,      -5.577623361,      -6.415610897,                 0,      -4.529549482,     -0.2887888456,     0.06046388336
        625,              6.25,      -4.733740568,      -5.569200223,      -6.406973744,                 0,       3.614781188,      -0.214446885,     0.04991088298
        626,              6.26,      -4.747920861,      -5.584925985,      -6.410032758,                 0,       7.886544218,      0.2702493109,     0.05115797557
        627,              6.27,       -4.77116142,      -5.603068608,      -6.457316968,                 0,      0.2131610557,      0.3027990252,     0.06296778505
        628,              6.28,      -4.735936893,      -5.580345944,       -6.41727455,                 0,      -5.197849949,     -0.2065395354,     0.06256099621
        629,              6.29,      -4.732386322,      -5.567379334,      -6.411464072,                 0,       1.384436805,     -0.3158989989,     0.05085980312
        630,               6.3,      -4.747863782,      -5.584794742,      -6.403729038,                 0,        7.87464842,      0.1490331862,     0.04850556111
        631,              6.31,      -4.765561046,      -5.594197845,      -6.445399061,                 0,       2.843703136,      0.3431497425,     0.05945707991
        632,              6.32,      -4.749176225,      -5.596025242,      -6.434734529,                 0,      -5.114782392,     -0.1059140156,     0.06371469437
        633,              6.33,      -4.736819177,      -5.572427376,      -6.419934852,                 0,     -0.8235546247,     -0.3811859963,     0.05241372892
        634,              6.34,      -4.749347836,       -5.58608917,       -6.40878566,                 0,       7.122346289,     0.01279988858,       0.046976332
        635,              6.35,      -4.761618437,      -5.592697612,      -6.435418408,                 0,       5.110919589,      0.3299475331,     0.05575343468
        636,              6.36,      -4.768894576,      -5.613814665,      -6.452848038,                 0,      -4.240650225,    0.002981507174,     0.06378840771
        637,              6.37,      -4.747386582,      -5.584402024,      -6.427774282,                 0,      -2.651170365,     -0.4073914183,     0.05455912122
        638,              6.38,      -4.749995286,      -5.586427541,       -6.41893752,                 0,        5.79782197,     -0.1188085209,     0.04674199717
        639,              6.39,      -4.765073055,      -5.600316353,      -6.432733578,                 0,       6.653348815,      0.2732059616,     0.05265737125
        640,               6.4,       -4.78298339,      -5.623224822,      -6.469033828,                 0,      -2.586560224,      0.1088475266,     0.06327310993
        641,              6.41,      -4.752921584,      -5.592323848,      -6.427845121,                 0,      -4.030490255,     -0.3924638899,     0.05746959362
        642,              6.42,      -4.749845349,      -5.585737943,      -6.428165759,                 0,       4.067588108,       -0.24077411,     0.04792321685
        643,              6.43,      -4.769554435,      -5.606284802,       -6.42891044,                 0,       7.517497364,      0.1868411684,     0.05070891826
        644,              6.44,      -4.788693946,      -5.622826243,      -6.475046858,                 0,     -0.4033601701,      0.1987506821,     0.06249083896
        645,              6.45,      -4.754894794,      -5.597955235,      -6.429530725,                 0,      -4.829830422,      -0.333935568,     0.06110924084
        646,              6.46,      -4.750758164,      -5.586089074,      -6.434661918,                 0,       2.035778743,      -0.345911816,     0.05058508717
        647,              6.47,      -4.769655338,       -5.60607738,      -6.419958458,                 0,       7.697342485,     0.08005176915,      0.0501031728
        648,              6.48,      -4.787217545,       -5.61711876,      -6.469860251,                 0,       2.036331844,      0.2608888646,     0.06147873766
        649,              6.49,      -4.766723056,      -5.613104808,      -6.446578927,                 0,      -4.946025726,     -0.2381028521,     0.06456196618
        650,               6.5,      -4.755523325,      -5.590857668,      -6.441426504,                 0,    -0.05656530064,     -0.4164901497,     0.05420302271
        651,              6.51,      -4.768915996,       -5.60545162,      -6.420171374,                 0,       7.166362038,    -0.03159610777,     0.05072498111
        652,              6.52,      -4.783546202,      -5.614016752,      -6.460265777,                 0,       4.319169865,      0.2797284063,     0.06029823212
        653,              6.53,      -4.787990593,      -5.633400961,      -6.465703034,                 0,       -4.36876739,      -0.122632464,     0.06700899861
        654,              6.54,      -4.766617348,      -5.603223841,      -6.450506351,                 0,      -1.859730706,     -0.4415234798,     0.05815055144
        655,              6.55,       -4.77168345,      -5.608359435,      -6.431035943,                 0,        6.08423486,      -0.136019053,     0.05227832867
        656,              6.56,      -4.786292089,      -5.620581065,      -6.455393243,                 0,       5.979582733,      0.2581357234,     0.05920495082
        657,              6.57,      -4.805106985,      -5.646915312,      -6.484964534,                 0,      -3.050227139,   -0.001539399475,     0.06840305268
        658,              6.58,      -4.778129394,      -5.617130583,      -6.457778105,                 0,      -3.263280274,     -0.4198266604,      0.0620643603
        659,              6.59,      -4.776057253,       -5.61278732,      -6.445793871,                 0,       4.611730091,     -0.2298727179,     0.05427303579
        660,               6.6,      -4.793243407,      -5.630521178,      -6.455575472,                 0,       6.969160681,      0.2127631599,     0.05821702574
        661,              6.61,      -4.816092999,      -5.652472836,      -6.499140246,                 0,      -1.192679054,      0.1084486663,     0.06861931338
        662,              6.62,      -4.784028921,      -5.626134536,      -6.460401565,                 0,      -4.181057366,       -0.35187471,     0.06562021794
        663,              6.63,      -4.778369287,        -5.6148375,      -6.459626951,                 0,       2.829214089,     -0.3075342788,     0.05637212144
        664,              6.64,      -4.798905107,      -5.636539503,      -6.452642173,                 0,       7.373862063,      0.1504168717,     0.05719630315
        665,              6.65,      -4.818869322,      -5.650345632,      -6.502763724,                 0,       0.979307091,      0.1996306092,     0.06757735239
        666,              6.66,      -4.789029878,      -5.634479005,      -6.465949507,                 0,      -4.515987886,     -0.2450185259,     0.06837638606
        667,              6.67,       -4.78201835,      -5.618183343,       -6.47198607,                 0,      0.8792001705,     -0.3576501819,     0.05840350055
        668,              6.68,      -4.799129706,      -5.636649754,      -6.450639622,                 0,        7.15232962,     0.07135049663,     0.05604803755
        669,              6.69,      -4.814615485,       -5.64476958,      -6.496630137,                 0,       3.207935994,      0.2640001494,     0.06522946982
        670,               6.7,      -4.805890792,      -5.652185626,      -6.482033208,                 0,      -4.263743125,     -0.1156814011,     0.06951239788
        671,              6.71,      -4.789232994,      -5.625873328,      -6.479498364,                 0,     -0.9567411154,     -0.3677973221,     0.06003955409
        672,              6.72,      -4.798400453,      -5.635932877,      -6.456106773,                 0,       6.342724771,    -0.01053220013,     0.05486841621
        673,              6.73,      -4.811006036,       -5.64418744,      -6.488431571,                 0,       5.082036366,       0.290105196,     0.06189870606
        674,              6.74,      -4.819650319,      -5.663671046,      -6.495927403,                 0,      -3.318067265,     0.03134642342,     0.06910582963
        675,              6.75,      -4.797160213,      -5.635283941,      -6.482405978,                 0,      -2.521826369,     -0.3382351827,     0.06138750189
        676,              6.76,      -4.798732013,      -5.635738385,      -6.465177802,                 0,       5.095756777,    -0.08448954322,     0.05384667768
        677,              6.77,      -4.812017329,      -5.648746599,      -6.483359924,                 0,       6.350527683,      0.2829242901,     0.05816572127
        678,              6.78,      -4.827229116,      -5.666566834,      -6.506858036,                 0,      -1.726682969,      0.1762571617,     0.06737340425
        679,              6.79,      -4.799422209,      -5.640437741,      -6.481502372,                 0,       -3.68870794,     -0.2647562846,     0.06265035713
        680,               6.8,      -4.796718362,      -5.633026953,      -6.472967078,                 0,       3.468758667,     -0.1489963806,     0.05328956543
        681,              6.81,      -4.811816476,      -5.649219499,      -6.473317863,                 0,       7.045884974,      0.2480481627,     0.05459986627
        682,              6.82,      -4.827102771,      -5.661072826,       -6.50903163,                 0,      0.3169501397,      0.3045446122,     0.06471568459
        683,              6.83,      -4.799838164,      -5.643801368,      -6.479311956,                 0,      -4.315946232,     -0.1506816275,       0.063993943
        684,              6.84,      -4.795627551,      -5.631644615,       -6.48070175,                 0,       1.573994962,      -0.195366436,     0.05371033282
        685,              6.85,      -4.809108451,      -5.646475421,      -6.462344809,                 0,       7.109400255,      0.1909375302,     0.05191845154
        686,              6.86,      -4.824687574,      -5.655466533,      -6.504113498,                 0,       2.513866699,      0.3979084975,      0.0616198912
        687,              6.87,      -4.807849481,      -5.654547877,      -6.490927255,                 0,      -4.270290938,   -0.009285032843,     0.06507554856
        688,              6.88,      -4.798390477,      -5.634707973,      -6.486687767,                 0,     -0.3294998917,     -0.2092471315,     0.05526836859
        689,              6.89,      -4.806811981,      -5.644515023,      -6.460642298,                 0,       6.529532569,      0.1218195729,     0.05071873109
        690,               6.9,       -4.82221595,      -5.654242228,      -6.497639103,                 0,       4.503093658,      0.4421166321,     0.05878134272
        691,              6.91,      -4.825370733,      -5.670276555,       -6.50309532,                 0,      -3.579359604,      0.1358520793,     0.06566656628
        692,              6.92,      -4.804712764,      -5.642689244,      -6.493374873,                 0,       -1.94909793,     -0.1867664259,     0.05785663637
        693,              6.93,      -4.806209021,      -5.644031222,      -6.466657529,                 0,       5.442914617,     0.04899502467,     0.05131857277
        694,              6.94,      -4.825291775,       -5.66062938,      -6.495298571,                 0,       5.952530036,      0.4384551303,     0.05701089695
        695,              6.95,      -4.839522078,      -5.680261594,      -6.514957817,                 0,      -2.242233818,      0.2676456568,     0.06623865841
        696,              6.96,      -4.813338795,      -5.653338311,      -6.498443448,                 0,      -3.155791843,     -0.1332118127,     0.06145793498
        697,              6.97,      -4.811558821,      -5.649084281,      -6.479432291,                 0,       4.024469398,    -0.02208793482,     0.05366037074
        698,              6.98,      -4.832742084,      -5.669899326,      -6.497268507,                 0,        6.74652056,      0.3957170998,     0.05666315009
        699,              6.99,      -4.850756898,       -5.68622978,      -6.524944297,                 0,     -0.4919535016,      0.3651530303,     0.06677911104
        700,                 7,      -4.818691983,      -5.661652525,      -6.501662634,                 0,      -3.838598468,    -0.05542134137,     0.06556114406
        701,              7.01,      -4.815224997,       -5.65220064,      -6.493364215,                 0,       2.343869941,    -0.08921101618,      0.0571152821
        702,              7.02,      -4.837066395,       -5.67449066,      -6.492890745,                 0,        6.99401927,      0.3186978258,     0.05734996603
        703,              7.03,      -4.855266394,      -5.686622571,      -6.527525933,                 0,        1.48558897,      0.4245008435,     0.06711212425
        704,              7.04,      -4.831346775,      -5.677332207,       -6.51555021,                 0,      -3.990652783,     0.02877308861,     0.06932181792
        705,              7.05,      -4.821041744,       -5.65746237,      -6.503866171,                 0,      0.6010444094,     -0.1438036513,     0.06100526333
        706,              7.06,      -4.838152208,      -5.675839557,      -6.492162677,                 0,       6.656824266,      0.2132242153,     0.05865239056
        707,              7.07,      -4.856316864,      -5.687194963,      -6.526758893,                 0,       3.413681465,      0.4350909863,     0.06697888891
        708,              7.08,      -4.851928899,      -5.697523529,      -6.530018127,                 0,      -3.620581008,       0.107823338,       0.071954901
        709,              7.09,      -4.831818833,      -5.669249409,      -6.516445288,                 0,     -0.9495678886,     -0.1819299731,     0.06465345051
        710,               7.1,      -4.839508228,      -5.677243419,      -6.496994544,                 0,       5.826756907,     0.09396473118,     0.06013191039
        711,              7.11,      -4.857651922,      -5.691407954,      -6.525279937,                 0,       4.977048409,      0.3942306452,     0.06628901385
        712,              7.12,      -4.867109167,       -5.71014148,      -6.542575998,                 0,      -2.670642136,       0.177560326,     0.07330740256
        713,              7.13,      -4.841378738,      -5.680256522,      -6.522066932,                 0,       -2.24603573,     -0.2065948385,     0.06773711907
        714,              7.14,      -4.841982439,      -5.679544871,      -6.507067731,                 0,       4.644525568,    -0.03237377887,     0.06139003655
        715,              7.15,       -4.86023336,      -5.697180211,      -6.524315982,                 0,       6.032824179,       0.310213724,     0.06499472009
        716,              7.16,      -4.875727028,      -5.714231009,      -6.550911043,                 0,       -1.21670598,       0.227744531,     0.07318528302
        717,              7.17,      -4.847534998,      -5.689251042,      -6.526649562,                 0,      -3.185408503,     -0.2140718034,     0.07000687671
        718,              7.18,      -4.841965733,      -5.679366568,      -6.517536054,                 0,       3.158427667,     -0.1608182035,     0.06220817407
        719,              7.19,      -4.862308798,       -5.70022293,      -6.519376886,                 0,       6.583712891,      0.1937230777,     0.06310914119
        720,               7.2,      -4.877820582,      -5.711635843,      -6.552035358,                 0,      0.5847068862,      0.2506756156,     0.07157998298
        721,              7.21,      -4.847302083,      -5.692362488,      -6.527636026,                 0,      -3.654714475,     -0.2007552277,     0.07139556832
        722,              7.22,      -4.839894674,      -5.677109661,      -6.522845816,                 0,        1.44766642,     -0.2840489135,      0.0627107193
        723,              7.23,      -4.857274248,      -5.695188877,      -6.507638392,                 0,       6.611040893,     0.05242913785,     0.06077868728
        724,              7.24,      -4.871498422,      -5.703099121,      -6.542181218,                 0,       2.578049094,      0.2431999823,     0.06863656891
        725,              7.25,      -4.860834463,       -5.70691506,      -6.539933492,                 0,      -3.632108403,     -0.1738885448,     0.07145046254
        726,              7.26,      -4.844180458,      -5.681595885,      -6.526539162,                 0,     -0.2053396352,      -0.381912877,     0.06296225965
        727,              7.27,      -4.853888656,      -5.691984955,      -6.506829057,                 0,       6.059876551,    -0.09347577457,     0.05854522405
        728,              7.28,      -4.872337622,      -5.705340122,      -6.535903848,                 0,       4.298766915,      0.1946352833,     0.06495559093
        729,              7.29,      -4.879503036,      -5.723508641,      -6.554390037,                 0,      -2.995926821,     -0.1374722266,     0.07036876173
        730,               7.3,       -4.85592705,      -5.694349463,      -6.533712533,                 0,      -1.547347214,      -0.444538609,     0.06326973848
        731,              7.31,      -4.858476304,      -5.696778476,      -6.520236941,                 0,       5.092011564,     -0.2279937566,     0.05700642195
        732,              7.32,      -4.882581409,      -5.718254559,      -6.538220379,                 0,       5.475242524,      0.1183572781,     0.06153232216
        733,              7.33,      -4.898942976,      -5.739103714,       -6.57296298,                 0,      -1.847306356,     -0.1017308308,      0.0687961289
        734,              7.34,       -4.86497866,      -5.705628008,      -6.538726717,                 0,      -2.508332471,     -0.4669279017,       0.064058895
        735,              7.35,      -4.862456344,      -5.700579175,      -6.536102616,                 0,       3.823736678,     -0.3471512321,     0.05655857095
        736,              7.36,      -4.892105991,        -5.7295337,      -6.541133286,                 0,       6.199210422,     0.03365943875,     0.05898298112
        737,              7.37,      -4.912055799,      -5.747390392,      -6.586087727,                 0,     -0.3549248191,    -0.06265420453,     0.06736468406
        738,              7.38,      -4.876264995,       -5.71962804,      -6.546901926,                 0,      -3.070460091,     -0.4506727564,     0.06559418525
        739,              7.39,      -4.868228807,      -5.705856852,      -6.551645403,                 0,       2.379029034,     -0.4381992479,     0.05756217195
        740,               7.4,      -4.897913806,      -5.735757855,      -6.541914411,                 0,        6.42922675,    -0.05144317767,     0.05781465025
        741,              7.41,      -4.920270209,       -5.75178153,      -6.592616175,                 0,       1.316340418,    -0.02178076993,     0.06640395423
        742,              7.42,      -4.901549848,       -5.74611209,      -6.566536638,                 0,      -3.220047954,     -0.3989108535,     0.06756207975
        743,              7.43,      -4.883313404,      -5.720912797,      -6.570377863,                 0,      0.9952499736,     -0.4833100461,      0.0599647173
        744,              7.44,      -4.905788519,      -5.744169991,      -6.552255376,                 0,       6.135035785,      -0.123924369,      0.0583639361
        745,              7.45,      -4.931000338,       -5.76182127,      -6.599190738,                 0,       2.860276743,     0.01234981172,     0.06618651531
        746,              7.46,       -4.92851621,       -5.77289314,      -6.590024145,                 0,      -2.923838182,     -0.3106105969,     0.06980899985
        747,              7.47,      -4.901482812,      -5.739692176,      -6.586958679,                 0,     -0.2162467547,     -0.4815646598,     0.06333786605
        748,              7.48,      -4.914073749,        -5.7531005,      -6.570585483,                 0,       5.472852847,     -0.1742916704,     0.06019038847
        749,              7.49,      -4.939251325,      -5.772122137,      -6.600665056,                 0,       4.145828564,     0.04586376136,     0.06655131422
        750,               7.5,      -4.949028518,      -5.791818861,      -6.612812133,                 0,      -2.232705078,     -0.1887304702,     0.07205104683
        751,              7.51,      -4.914093439,      -5.754072844,      -6.595242536,                 0,      -1.267636671,     -0.4349174415,     0.06713429084
        752,              7.52,      -4.916364234,      -5.755592578,       -6.58766435,                 0,       4.530087362,      -0.202344424,     0.06258533681
        753,              7.53,      -4.940583872,       -5.77661239,      -6.594142271,                 0,       5.154971235,     0.08175900797,     0.06700384938
        754,              7.54,      -4.957779665,      -5.797166379,      -6.627907524,                 0,      -1.152160928,     -0.0368385646,     0.07381299439
        755,              7.55,       -4.91915086,      -5.761273788,      -6.593723389,                 0,      -2.134230789,     -0.3428238916,     0.07085231813
        756,              7.56,       -4.91498388,      -5.753696782,      -6.600325865,                 0,       3.338952349,     -0.2069214588,     0.06505113844
        757,              7.57,       -4.93966473,      -5.777886571,      -6.587685649,                 0,        5.78120809,      0.1163960566,     0.06720782517
        758,              7.58,      -4.957343925,      -5.792590795,       -6.63368381,                 0,         0.2854707,      0.1268120284,     0.07456108374
        759,              7.59,      -4.930154684,      -5.774397275,      -6.599201133,                 0,      -2.667137846,     -0.2065863058,     0.07377891028
        760,               7.6,      -4.915558875,      -5.753927973,      -6.609258906,                 0,       1.972881756,     -0.1800768118,     0.06714871109
        761,              7.61,      -4.937483246,      -5.776013254,      -6.580710825,                 0,       5.931164815,      0.1448651736,     0.06696129437
        762,              7.62,      -4.955359455,      -5.788264662,      -6.634031222,                 0,       1.879681944,      0.2784881525,     0.07398937332
        763,              7.63,      -4.942602211,      -5.787801754,      -6.606960674,                 0,      -2.778103058,    -0.03664233125,      0.0754263171
        764,              7.64,      -4.918595385,      -5.757332056,      -6.613871712,                 0,      0.5938388842,     -0.1223888247,     0.06862015395
        765,              7.65,      -4.934040635,      -5.772889195,      -6.580244228,                 0,       5.626394402,      0.1663184543,     0.06616654428
        766,              7.66,      -4.953708488,      -5.787077993,      -6.627807084,                 0,       3.398660279,      0.4019780151,     0.07212978133
        767,              7.67,      -4.952052357,       -5.79666206,      -6.615631108,                 0,      -2.410936698,      0.1497133391,     0.07568050777
        768,              7.68,      -4.921281948,       -5.76079844,      -6.611027973,                 0,     -0.6737541195,    -0.04004725045,     0.06948899053
        769,              7.69,      -4.928651973,      -5.767648831,      -6.584638522,                 0,       4.916325444,      0.1763034629,     0.06493565906
        770,               7.7,      -4.956434128,      -5.791441125,      -6.618144801,                 0,       4.648232667,      0.4858297564,     0.06930473035
        771,              7.71,      -4.966217839,      -5.807555354,      -6.629036452,                 0,      -1.601140441,       0.325345427,     0.07454234079
        772,              7.72,      -4.928238904,      -5.769129998,      -6.610039171,                 0,      -1.627451216,     0.06061780955,     0.06986063978
        773,              7.73,      -4.930032314,      -5.768858674,      -6.600623234,                 0,       3.908322035,      0.1770112106,     0.06372892439
        774,              7.74,      -4.961663829,       -5.79836364,      -6.613252788,                 0,        5.45688488,      0.5185355539,     0.06619157053
        775,              7.75,      -4.979788294,      -5.816706177,      -6.643541852,                 0,     -0.4359524602,      0.4656211221,     0.07254271452
        776,              7.76,      -4.948859112,      -5.791531638,      -6.623808578,                 0,       -2.19736021,      0.1592447003,     0.06993657336
        777,              7.77,      -4.938799745,      -5.777293841,      -6.619724542,                 0,       2.738144849,      0.1681408139,     0.06297582514
        778,              7.78,      -4.968934213,      -5.806839363,      -6.615047602,                 0,       5.760255281,      0.5000294568,     0.06351467993
        779,              7.79,      -4.995094842,      -5.828145893,      -6.659652356,                 0,      0.8968518475,       0.549379585,      0.0703123628
        780,               7.8,       -4.97950269,      -5.822612366,      -6.642720172,                 0,      -2.390255184,      0.2366913762,     0.06997353394
        781,              7.81,      -4.956253654,      -5.794828317,      -6.643327302,                 0,       1.608626008,      0.1464955494,     0.06309209709
        782,              7.82,      -4.980549879,      -5.819638292,      -6.626461362,                 0,       5.618914829,      0.4359746619,     0.06197284486
        783,              7.83,      -5.013035547,      -5.844429415,      -6.676807435,                 0,       2.169637337,      0.5654854405,     0.06853188184
        784,              7.84,       -5.01008117,       -5.85330814,      -6.664504561,                 0,      -2.236207137,      0.2804794235,     0.07036148501
        785,              7.85,       -4.97834361,      -5.817389548,      -6.666858684,                 0,      0.6086691802,      0.1046077036,      0.0643150916
        786,              7.86,      -4.994921146,      -5.834935441,      -6.645610756,                 0,       5.170002147,      0.3320573072,     0.06188232623
        787,              7.87,      -5.029640182,      -5.861708647,      -6.691626208,                 0,       3.258603446,      0.5164082319,     0.06763265829
        788,              7.88,      -5.036115983,      -5.878716393,      -6.686142332,                 0,      -1.789544032,      0.2836848193,      0.0713068932
        789,              7.89,      -4.998075561,      -5.838025791,      -6.686263437,                 0,     -0.2549262039,      0.0382005063,     0.06661128172
        790,               7.9,      -5.005293824,      -5.845525949,      -6.663774835,                 0,       4.495278012,      0.1921498913,     0.06313825415
        791,              7.91,      -5.039727433,      -5.874067703,      -6.698911355,                 0,       4.148599985,      0.4105485889,     0.06762248233
        792,              7.92,      -5.052149966,      -5.892884402,      -6.702636904,                 0,      -1.080154153,      0.2496376265,     0.07269975837
        793,              7.93,      -5.016144226,      -5.857339864,      -6.700056453,                 0,     -0.9730141984,    -0.05131442416,     0.06961663575
        794,              7.94,      -5.012787386,       -5.85285387,      -6.679798683,                 0,       3.637888811,     0.02573761415,      0.0653204853
        795,              7.95,      -5.046367762,      -5.883414412,      -6.702288846,                 0,       4.761276233,      0.2578249044,     0.06819614011
        796,              7.96,      -5.060205159,      -5.898108911,      -6.714947574,                 0,     -0.1149731757,      0.1813865299,     0.07404097304
        797,              7.97,      -5.033822551,      -5.876133123,       -6.70933548,                 0,      -1.490339331,     -0.1546930767,     0.07265269274
        798,              7.98,      -5.021771905,      -5.861148383,      -6.695841377,                 0,       2.666359299,     -0.1523892755,     0.06782021196
        799,              7.99,      -5.055099562,      -5.893415992,       -6.70471559,                 0,       5.043895623,      0.0758210035,     0.06897486612
        800,                 8,      -5.066190349,      -5.901662102,      -6.726407147,                 0,       0.989432364,     0.08213602194,     0.07484167684
        801,              8.01,      -5.048863483,      -5.892642696,      -6.717536292,                 0,      -1.725638092,     -0.2579742956,     0.07507941133
        802,              8.02,      -5.032280814,      -5.870966601,      -6.711243895,                 0,       1.658528636,     -0.3261844807,     0.07003887735
        803,              8.03,      -5.060987713,      -5.899864039,      -6.704633718,                 0,       5.024521267,     -0.1154470568,     0.06947018487
        804,              8.04,      -5.075742246,      -5.909518142,      -6.736832033,                 0,       2.083374728,     -0.0335739828,     0.07475368925
        805,              8.05,       -5.07365908,      -5.917483721,      -6.731284402,                 0,      -1.656374806,     -0.3516363475,     0.07633225895
        806,              8.06,      -5.050593507,      -5.889050747,      -6.730341908,                 0,      0.7791107452,     -0.4721359981,     0.07152796247
        807,              8.07,      -5.071067184,       -5.91037525,       -6.71376004,                 0,       4.702851049,      -0.290405301,     0.06947748597
        808,              8.08,      -5.096515383,      -5.929575211,      -6.752321184,                 0,       2.989076508,     -0.1496755288,      0.0737798515
        809,              8.09,      -5.105719503,      -5.947947323,       -6.74273818,                 0,      -1.282517972,     -0.4216262827,     0.07633442492
        810,               8.1,      -5.077954457,      -5.916619814,      -6.753778776,                 0,       0.123450395,      -0.573353043,     0.07214828605
        811,              8.11,      -5.089912752,      -5.929351417,      -6.735350093,                 0,       4.171496627,     -0.4264280925,     0.06898397733
        812,              8.12,      -5.123755118,      -5.957160497,      -6.769693463,                 0,       3.645756771,     -0.2447044528,      0.0721584573
        813,              8.13,      -5.141768247,      -5.981493399,       -6.76272912,                 0,     -0.7045707191,     -0.4539160864,     0.07536353294
        814,              8.14,      -5.117961512,      -5.956914147,      -6.782873916,                 0,     -0.2941484185,     -0.6222930441,     0.07203605443
        815,              8.15,      -5.118850761,      -5.958330947,      -6.771005094,                 0,       3.533152513,     -0.5060173801,     0.06819253819
        816,              8.16,      -5.156990799,      -5.991251661,      -6.791488401,                 0,       4.011227171,     -0.3018459936,      0.0702887757
        817,              8.17,      -5.181867272,      -6.018769235,      -6.801144476,                 0,    -0.02908672521,     -0.4389283278,     0.07387697956
        818,              8.18,      -5.169735092,      -6.008147701,      -6.812798197,                 0,     -0.4909565967,     -0.6108175355,     0.07154123057
        819,              8.19,      -5.158981077,      -5.998279389,      -6.819084329,                 0,       2.901666662,      -0.518956552,     0.06750852454
        820,               8.2,       -5.19660585,      -6.032003755,       -6.82123648,                 0,       4.100825589,     -0.3095547731,      0.0687216935
        821,              8.21,      -5.226019712,      -6.060470989,      -6.851595374,                 0,      0.6367238904,     -0.3746582479,     0.07247247184
        822,              8.22,      -5.222935696,      -6.061523236,      -6.847520931,                 0,     -0.5254387628,     -0.5356231342,      0.0711950256
        823,              8.23,      -5.204482126,       -6.04292076,      -6.870941983,                 0,       2.330525249,     -0.4692015474,     0.06737079521
        824,              8.24,      -5.237833249,      -6.074688505,      -6.859752335,                 0,       4.012008044,     -0.2621687813,     0.06790349919
        825,              8.25,      -5.268669217,      -6.101492586,      -6.904962387,                 0,       1.238833357,     -0.2625073374,     0.07166164232
        826,              8.26,      -5.271729544,      -6.111239359,      -6.886500472,                 0,      -0.453806575,     -0.4026842134,     0.07142922146
        827,              8.27,      -5.250748354,        -6.0886027,      -6.922364147,                 0,       1.825825885,     -0.3646027243,     0.06805894517
        828,              8.28,      -5.276501321,      -6.115076095,      -6.902476001,                 0,         3.8139188,     -0.1655721067,      0.0680521922
        829,              8.29,      -5.305720978,      -6.138066796,      -6.952495211,                 0,       1.764778038,     -0.1108184254,     0.07167303772
        830,               8.3,      -5.312113539,      -6.152900846,      -6.925365614,                 0,      -0.303993282,     -0.2233166254,     0.07240648326
        831,              8.31,      -5.293655658,      -6.131041709,      -6.966266538,                 0,       1.380466534,     -0.2162616594,     0.06959688149
        832,              8.32,      -5.313086503,      -6.152977786,      -6.945602223,                 0,       3.555786906,    -0.03245079261,     0.06912312901
        833,              8.33,      -5.336522343,      -6.169588124,      -6.989589657,                 0,        2.20859609,     0.06518523832,     0.07241003233
        834,              8.34,      -5.343453856,      -6.185304797,      -6.964052509,                 0,    -0.07581978339,    -0.01460520208,     0.07391391885
        835,              8.35,       -5.33061095,      -6.167676855,      -6.999083923,                 0,      0.9911947565,    -0.03952125898,     0.07164857212
        836,              8.36,      -5.345355713,      -6.185365654,      -6.982556133,                 0,       3.263844341,      0.1189687708,     0.07070058624
        837,              8.37,      -5.362233831,       -6.19707681,      -7.016394335,                 0,       2.572339215,      0.2462227636,     0.07344553204
        838,              8.38,      -5.366035772,      -6.208322262,      -7.003321984,                 0,       0.232078373,      0.2007974535,     0.07547931453
        839,              8.39,      -5.359219834,      -6.196885975,      -7.021536834,                 0,      0.6609733479,      0.1445082819,     0.07371027927
        840,               8.4,      -5.367233224,      -6.207245371,      -7.016608565,                 0,       2.929954907,      0.2654891868,     0.07223271941
        841,              8.41,      -5.386487195,      -6.222752797,      -7.031863819,                 0,       2.869656196,      0.4089490987,     0.07427639821
        842,              8.42,      -5.393217489,      -6.233641988,      -7.038063492,                 0,      0.5915904179,      0.3947026508,     0.07656073786
        843,              8.43,      -5.388161165,      -6.227084075,      -7.039734338,                 0,      0.4512039694,      0.3121477424,     0.07527194628
        844,              8.44,      -5.388697765,      -6.228428202,      -7.051050122,                 0,       2.568111577,      0.3869939083,     0.07334435843
        845,              8.45,      -5.413543779,      -6.250595877,      -7.044670786,                 0,       3.062517507,      0.5284060266,     0.07460465535
        846,              8.46,      -5.427230809,      -6.264744364,      -7.073076933,                 0,      0.9797334208,      0.5399100822,     0.07689050509
        847,              8.47,      -5.430946638,      -6.270003841,      -7.059929679,                 0,       0.380003123,      0.4367109728,     0.07602424464
        848,              8.48,      -5.421948397,      -6.260909531,      -7.091730391,                 0,       2.228530423,       0.466057982,     0.07384399126
        849,              8.49,      -5.452043253,      -6.289570327,      -7.070200866,                 0,       3.108703404,      0.5874397072,     0.07438236788
        850,               8.5,       -5.47155459,      -6.306582452,      -7.117818503,                 0,       1.345823488,      0.6132908743,      0.0764794283
        851,              8.51,      -5.481998839,      -6.321121013,       -7.09246843,                 0,      0.4245485357,      0.4983760961,     0.07598126854
        852,              8.52,      -5.475188097,      -6.312460688,      -7.142655645,                 0,       1.962234556,      0.4863291896,      0.0737848266
        853,              8.53,      -5.504602989,      -6.342503415,      -7.114205116,                 0,       3.027598063,      0.5780823069,     0.07377736061
        854,              8.54,      -5.527177367,      -6.360545518,      -7.172165768,                 0,       1.630607567,      0.6046254095,     0.07559708288
        855,              8.55,       -5.54277219,      -6.382055287,      -7.143056075,                 0,      0.5514197991,      0.4856052986,     0.07542367829
        856,              8.56,      -5.538955034,      -6.374975546,      -7.203190392,                 0,       1.755874614,      0.4400796721,     0.07341762248
        857,              8.57,      -5.565361106,      -6.403795978,      -7.172367405,                 0,       2.875659177,      0.4989043286,     0.07309360895
        858,              8.58,      -5.588902716,      -6.421539505,      -7.234177061,                 0,       1.832592045,      0.5180227829,       0.074681419
        859,              8.59,      -5.606497064,      -6.446194461,      -7.203977458,                 0,      0.7072856482,      0.3991688318,     0.07484075014
        860,               8.6,      -5.604673688,      -6.440087323,      -7.267369304,                 0,       1.591075959,      0.3288361567,     0.07317592191
        861,              8.61,       -5.62607979,      -6.465335624,      -7.236778714,                 0,       2.696370361,      0.3565139833,     0.07272360983
        862,              8.62,      -5.648663063,      -6.481447559,      -7.296683199,                 0,       1.974459379,      0.3661878894,     0.07416008626
        863,              8.63,      -5.664962107,      -6.505341051,      -7.267248713,                 0,      0.8604543089,      0.2508512945,     0.07467184547
        864,              8.64,      -5.663806888,       -6.49935892,      -7.326694581,                 0,       1.448861468,      0.1631199613,     0.07342307386
        865,              8.65,      -5.678022568,      -6.518332465,      -7.299680919,                 0,       2.514501626,      0.1646910925,     0.07294129558
        866,              8.66,      -5.698191048,      -6.532014157,      -7.350173462,                 0,       2.086420951,      0.1675837434,     0.07427248305
        867,              8.67,      -5.710056397,      -6.551178129,      -7.326550989,                 0,       1.006713087,     0.06008798413,     0.07513760198
        868,              8.68,      -5.709946578,      -6.546198362,      -7.371383648,                 0,       1.319456025,    -0.03867486657,     0.07431301493
        869,              8.69,      -5.722061378,       -6.56254977,      -7.353535302,                 0,         2.3466291,    -0.05574362109,     0.07382727998
        870,               8.7,      -5.738221595,      -6.573610706,      -7.390348663,                 0,       2.178263121,    -0.05465541255,     0.07501810777
        871,              8.71,      -5.742388173,       -6.58359447,      -7.378393994,                 0,       1.160851204,     -0.1488883804,     0.07614604796
        872,              8.72,      -5.749809489,      -6.586696467,        -7.4035117,                 0,       1.221468342,     -0.2510137084,     0.07567508335
        873,              8.73,      -5.758119487,      -6.597872863,      -7.399936426,                 0,       2.187920244,     -0.2780087225,       0.075133493
        874,              8.74,      -5.776460297,       -6.61282004,       -7.41929253,                 0,       2.250491712,     -0.2733181961,     0.07608773116
        875,              8.75,      -5.779718855,       -6.61958027,      -7.425111935,                 0,       1.322097293,     -0.3492041875,     0.07729713121
        876,              8.76,      -5.789095617,      -6.627058641,      -7.433951679,                 0,       1.181072611,     -0.4438341036,     0.07707340921
        877,              8.77,      -5.793337763,      -6.632097033,      -7.446179336,                 0,        2.04460042,     -0.4718235441,     0.07644004503
        878,              8.78,      -5.814510178,      -6.651823203,      -7.448570137,                 0,       2.298552468,      -0.458734318,      0.0770712013
        879,              8.79,      -5.825848176,      -6.662838203,      -7.470163208,                 0,       1.484749311,     -0.5113583964,     0.07819064319
        880,               8.8,      -5.842293158,      -6.680076266,      -7.470259835,                 0,       1.200818223,     -0.5892586414,      0.0780858015
        881,              8.81,      -5.844690411,      -6.681462097,      -7.498232325,                 0,       1.939888141,     -0.6082184234,     0.07736982359
        882,              8.82,       -5.87333247,      -6.710258926,      -7.493152784,                 0,       2.299076866,      -0.583189644,     0.07767386385
        883,              8.83,      -5.889802124,      -6.724197378,      -7.531102576,                 0,       1.623367554,     -0.6103015131,     0.07857158004
        884,              8.84,      -5.912386548,      -6.749497569,      -7.524951892,                 0,        1.27207718,     -0.6634655629,     0.07848051965
        885,              8.85,      -5.920010693,      -6.754602004,      -7.569515144,                 0,       1.875714772,     -0.6660250178,     0.07772551021
        886,              8.86,        -5.9514676,      -6.787992776,      -7.559539098,                 0,       2.255981919,      -0.627531083,     0.07776919638
        887,              8.87,      -5.971408227,      -6.804275288,      -7.612248546,                 0,       1.718967115,     -0.6285638698,     0.07841490935
        888,              8.88,      -5.998470745,      -6.835274283,      -7.602444941,                 0,       1.361264429,      -0.653896111,     0.07830026551
        889,              8.89,      -6.009810454,      -6.843328891,      -7.660937667,                 0,       1.831305922,     -0.6369751171,     0.07757040178
        890,               8.9,      -6.042247038,      -6.878809245,      -7.648188525,                 0,       2.186340569,     -0.5854925241,     0.07746652141
        891,              8.91,      -6.063442141,      -6.895503143,      -7.711821883,                 0,        1.77243746,     -0.5618870279,     0.07793030546
        892,              8.92,      -6.092192886,      -6.928873538,      -7.697938788,                 0,       1.438987965,       -0.56077537,     0.07783514727
        893,              8.93,      -6.105033635,      -6.937504367,      -7.762977862,                 0,       1.790905059,     -0.5261701255,     0.07721362202
        894,              8.94,      -6.136033126,      -6.972736269,      -7.747245723,                 0,       2.105220582,     -0.4631000067,     0.07708594709
        895,              8.95,      -6.156052686,      -6.987429437,      -7.813742885,                 0,       1.795061491,      -0.418578548,     0.07748185747
        896,              8.96,      -6.183632449,      -7.020738369,      -7.797328907,                 0,       1.493524793,     -0.3951480509,     0.07748476119
        897,              8.97,      -6.195652935,      -7.028018721,      -7.861267995,                 0,       1.747068722,     -0.3472513713,     0.07704331707
        898,              8.98,      -6.222653105,      -7.060669677,       -7.84648434,                 0,       2.025420011,     -0.2753626272,     0.07698391609
        899,              8.99,      -6.239724919,      -7.071982718,      -7.907152072,                 0,       1.802140306,     -0.2151830864,     0.07740580555
        900,                 9,      -6.263237675,      -7.102174249,      -7.893498639,                 0,       1.528210607,     -0.1753788921,      0.0775649709
        901,              9.01,      -6.272491433,      -7.106028684,      -7.945384001,                 0,       1.702786239,     -0.1202874332,     0.07733363949
        902,              9.02,       -6.29277252,      -7.132269275,      -7.934701834,                 0,       1.957435399,    -0.04460237276,     0.07737858724
        903,              9.03,      -6.305602282,      -7.138634441,      -7.978554303,                 0,       1.811179342,     0.02441325184,     0.07786803396
        904,              9.04,      -6.322329381,      -7.161905575,      -7.969563405,                 0,       1.557384822,     0.07291940698,      0.0781968432
        905,              9.05,      -6.333223758,      -7.166703837,      -8.006609554,                 0,       1.666626589,      0.1278354717,     0.07814963103
        906,              9.06,      -6.351173406,      -7.190273898,      -8.002924847,                 0,       1.910763627,      0.2003313412,     0.07826396617
        907,              9.07,      -6.364619209,      -7.197738566,      -8.039899706,                 0,       1.830486798,       0.269699087,     0.07877473184
        908,              9.08,      -6.379578042,       -7.21866669,      -8.035907007,                 0,       1.597056415,      0.3182783674,      0.0791944569
        909,              9.09,      -6.393534928,      -7.227393418,      -8.066293518,                 0,       1.654700284,      0.3653159324,     0.07924698423
        910,               9.1,      -6.408021203,      -7.246908883,      -8.066397718,                 0,       1.883160212,       0.426199302,     0.07935328322
        911,              9.11,      -6.423620359,      -7.257435837,      -8.096965963,                 0,       1.857925319,      0.4861443469,      0.0797944136
        912,              9.12,      -6.439552892,      -7.277765995,      -8.101194271,                 0,       1.650361345,      0.5258631573,     0.08019497432
        913,              9.13,      -6.458876505,      -7.292746005,      -8.125541388,                 0,       1.667471243,      0.5574692563,       0.080247652
        914,              9.14,       -6.47479412,      -7.312203303,      -8.133491686,                 0,        1.87457002,      0.5989561503,       0.080272715
        915,              9.15,      -6.501455675,      -7.334309697,      -8.162558036,                 0,       1.886250825,      0.6408527488,     0.08056889701
        916,              9.16,      -6.522250117,      -7.358276621,      -8.178827755,                 0,       1.707953334,      0.6633767476,     0.08085324212
        917,              9.17,      -6.549362206,      -7.382093236,       -8.20485335,                 0,       1.703371332,       0.674352763,     0.08083304216
        918,              9.18,      -6.570290738,      -7.405776239,      -8.223030883,                 0,       1.877414334,      0.6917041799,     0.08075107229
        919,              9.19,      -6.603305036,      -7.435234381,      -8.254273752,                 0,       1.900301943,       0.709318152,     0.08087941477
        920,               9.2,       -6.62847691,      -7.463137992,      -8.278513206,                 0,       1.754832287,      0.7097225387,      0.0810111121
        921,              9.21,      -6.661092158,       -7.49308127,      -8.307436875,                 0,       1.741011991,      0.6980919866,     0.08090104683
        922,              9.22,      -6.685734888,      -7.520356256,      -8.332224473,                 0,       1.876512454,      0.6901470112,      0.0807325817
        923,              9.23,      -6.722472784,      -7.554159141,      -8.365847757,                 0,       1.897394534,      0.6819421641,     0.08073162959
        924,              9.24,      -6.750312825,      -7.585097966,      -8.395576768,                 0,       1.781816834,      0.6592991192,     0.08075000586
        925,              9.25,      -6.785720759,      -7.617790693,      -8.425092086,                 0,       1.763450373,      0.6260518004,     0.08059701174
        926,              9.26,      -6.812123612,      -7.646879985,      -8.456230449,                 0,       1.862303157,      0.5947724191,     0.08040917323
        927,              9.27,      -6.850279425,      -7.682058599,      -8.489140077,                 0,       1.877927396,      0.5630770908,     0.08036520409
        928,              9.28,       -6.87868229,      -7.713460928,      -8.523592721,                 0,       1.787327672,        0.52007287,     0.08036109575
        929,              9.29,      -6.914530998,      -7.746740078,       -8.55175127,                 0,       1.765272327,      0.4686579372,     0.08025025164
        930,               9.3,      -6.940264462,      -7.774747399,      -8.586554112,                 0,       1.834430911,      0.4185161621,     0.08012912104
        931,              9.31,      -6.977700536,      -7.809887028,      -8.616288343,                 0,        1.84694273,      0.3682858176,     0.08013552524
        932,              9.32,      -7.004233522,      -7.838884983,      -8.651925067,                 0,       1.777190996,       0.310072017,     0.08019788558
        933,              9.33,      -7.038447431,      -7.871519532,      -8.673679707,                 0,        1.75272081,      0.2457905646,     0.08020056437
        934,              9.34,      -7.061019145,      -7.895345267,      -8.711088652,                 0,       1.800971759,        0.18296769,     0.08020577903
        935,              9.35,      -7.096259716,      -7.929848588,       -8.73279121,                 0,       1.814748267,       0.121069816,     0.08031974913
        936,              9.36,      -7.118820733,      -7.953414869,      -8.770272656,                 0,       1.763646078,     0.05456507144,     0.08049699491
        937,              9.37,      -7.149921351,      -7.985105812,      -8.781888948,                 0,       1.739060062,    -0.01552383162,     0.08064145258
        938,              9.38,      -7.168069752,      -8.002121054,      -8.824011375,                 0,       1.774631417,    -0.08321489685,     0.08078417094
        939,              9.39,      -7.202763286,      -8.038409188,      -8.837149231,                 0,       1.794055526,     -0.1482374233,     0.08100624725
        940,               9.4,      -7.225034901,      -8.058540749,      -8.881142234,                 0,       1.760926318,     -0.2144571091,     0.08127899179
        941,              9.41,       -7.25895414,      -8.095801137,      -8.886571361,                 0,       1.739780881,     -0.2815682892,     0.08152002415
        942,              9.42,      -7.278780429,      -8.110987649,      -8.937245961,                 0,       1.768567936,     -0.3447169462,     0.08173887792
        943,              9.43,      -7.316875693,      -8.153663669,      -8.946716387,                 0,       1.792886015,     -0.4031667483,     0.08199782803
        944,              9.44,      -7.340872835,      -8.172516691,      -8.997301369,                 0,       1.775052497,      -0.459621105,     0.08228239608
        945,              9.45,      -7.377319485,       -8.21608777,      -9.000390437,                 0,       1.759312627,     -0.5141794827,     0.08252669371
        946,              9.46,      -7.402163474,      -8.232375634,      -9.058859258,                 0,       1.783442863,     -0.5632109124,     0.08272825693
        947,              9.47,      -7.449936425,      -8.287556656,      -9.070914262,                 0,       1.810188933,     -0.6057660913,     0.08293447191
        948,              9.48,      -7.483948808,      -8.312910542,      -9.129796012,                 0,       1.803825321,     -0.6437672889,     0.08314114189
        949,              9.49,      -7.533320449,      -8.371993775,       -9.14290404,                 0,       1.793994659,     -0.6775826727,     0.08330027762
        950,               9.5,      -7.568852459,      -8.395484361,        -9.2126657,                 0,       1.812694716,     -0.7046412502,     0.08340764406
        951,              9.51,      -7.630525787,      -8.466588811,      -9.233999251,                 0,       1.835271757,     -0.7243501289,      0.0834985692
        952,              9.52,      -7.676440528,      -8.501511434,      -9.303308183,                 0,       1.833567485,     -0.7381137223,     0.08357445888
        953,              9.53,      -7.737917539,      -8.575995609,      -9.329294146,                 0,       1.826956611,     -0.7463275757,      0.0836059804
        954,              9.54,      -7.784445891,      -8.606665511,      -9.411893989,                 0,       1.838570636,     -0.7475746774,     0.08359272133
        955,              9.55,      -7.862411407,       -8.69619034,      -9.442699132,                 0,       1.852790382,      -0.741624148,     0.08356036198
        956,              9.56,      -7.919348787,      -8.740530679,      -9.520155994,                 0,       1.850696177,     -0.7295186216,     0.08351332772
        957,              9.57,      -7.991852954,      -8.829482739,      -9.557608546,                 0,       1.844244555,     -0.7116480439,     0.08343792602
        958,              9.58,      -8.049149069,      -8.864968979,      -9.651272266,                 0,       1.848033309,     -0.6875185548,     0.08333842429
        959,              9.59,       -8.14559566,      -8.975222986,      -9.685114885,                 0,       1.852983107,     -0.6571262672,     0.08323349887
        960,               9.6,      -8.210709076,      -9.026243863,      -9.763942123,                 0,       1.848081775,     -0.6213051652,     0.08312904493
        961,              9.61,      -8.290140964,      -9.123166809,      -9.808095822,                 0,       1.840112603,     -0.5804108097,     0.08302138552
        962,              9.62,      -8.357153013,      -9.159085774,       -9.90296537,                 0,       1.837318463,      -0.534564908,     0.08291622989
        963,              9.63,      -8.470169584,       -9.28603563,      -9.927372337,                 0,       1.835117029,     -0.4838914931,     0.08282548758
        964,              9.64,      -8.530685005,      -9.330597457,      -9.985331171,                 0,       1.827876986,     -0.4291071121,     0.08275376148
        965,              9.65,      -8.601277509,       -9.41150597,      -10.02290318,                 0,       1.819064262,       -0.37055188,     0.08270074688
        966,              9.66,      -8.665135156,      -9.439738682,      -10.08941484,                 0,       1.812943881,     -0.3087043227,     0.08267000768
        967,              9.67,       -8.76097365,      -9.540356329,      -10.09143325,                 0,       1.807656441,     -0.2439252631,     0.08266722024
        968,              9.68,       -8.78287868,      -9.551926365,      -10.10686353,                 0,       1.800669913,     -0.1767928037,     0.08269440099
        969,              9.69,      -8.813408421,      -9.585825026,      -10.12840295,                 0,       1.793589921,     -0.1076968488,     0.08275060054
        970,               9.7,      -8.843657541,       -9.59709057,      -10.14779728,                 0,        1.78842223,    -0.03740676839,     0.08283729243
        971,              9.71,      -8.875085929,      -9.628501664,      -10.14320471,                 0,        1.78451908,     0.03337952924,     0.08295407909
        972,              9.72,      -8.871425214,      -9.628548077,      -10.14569587,                 0,       1.781204504,      0.1044449249,     0.08309787711
        973,              9.73,      -8.879003673,      -9.638591224,      -10.15503832,                 0,       1.779053648,      0.1750884594,     0.08326407415
        974,              9.74,      -8.891588239,      -9.644435526,      -10.16259112,                 0,       1.778769754,      0.2443544935,     0.08344802306
        975,              9.75,      -8.898872585,      -9.649962348,      -10.16598595,                 0,       1.779992637,      0.3117154457,     0.08364478348
        976,              9.76,      -8.896905108,      -9.647576527,      -10.17291784,                 0,       1.782167113,      0.3767343362,     0.08384860824
        977,              9.77,      -8.900199282,      -9.649861862,      -10.18069958,                 0,       1.785355558,      0.4386285818,     0.08405342471
        978,              9.78,      -8.908848017,      -9.655654511,      -10.18895537,                 0,       1.790150044,      0.4967346303,     0.08425344466
        979,              9.79,      -8.913560604,      -9.656093739,      -10.19791709,                 0,       1.796167774,      0.5505205053,     0.08444311039
        980,               9.8,        -8.9238067,      -9.662949666,      -10.21259281,                 0,       1.803283938,       0.599519611,     0.08461707004
        981,              9.81,       -8.93374039,       -9.66792186,      -10.22624516,                 0,       1.810886419,      0.6431188214,      0.0847704309
        982,              9.82,      -8.944206318,      -9.673314337,      -10.23950509,                 0,        1.81886241,      0.6809234007,     0.08489908627
        983,              9.83,      -8.952923104,      -9.677667579,      -10.25251515,                 0,       1.826906961,      0.7126005684,     0.08499980661
        984,              9.84,      -8.961344837,      -9.681874394,      -10.26458883,                 0,        1.83470311,      0.7378630801,     0.08507022932
        985,              9.85,      -8.969114643,      -9.685648808,      -10.27392602,                 0,       1.842018627,      0.7564856076,     0.08510893666
        986,              9.86,        -8.9750902,      -9.688296692,       -10.2805122,                 0,       1.848642772,      0.7683312199,     0.08511555102
        987,              9.87,      -8.979521496,      -9.690213155,      -10.28484398,                 0,       1.854356948,      0.7733435498,     0.08509071743
        988,              9.88,      -8.982638961,      -9.691579209,      -10.28645838,                 0,       1.858973955,       0.771529746,     0.08503604219
        989,              9.89,      -8.984260232,       -9.69234804,      -10.28538657,                 0,        1.86236337,      0.7629560453,     0.08495410272
        990,               9.9,      -8.984319423,      -9.692460017,      -10.28238796,                 0,        1.86443575,      0.7477522186,     0.08484845331
        991,              9.91,      -8.983097252,      -9.692060172,      -10.27798375,                 0,       1.865131612,      0.7261037775,     0.08472352178
        992,              9.92,      -8.980686594,      -9.691071092,      -10.27232966,                 0,       1.864440325,      0.6982384951,     0.08458451206
        993,              9.93,      -8.977207986,      -9.689464486,        -10.265663,                 0,       1.862402329,      0.6644280653,     0.08443713911
        994,              9.94,      -8.972891624,       -9.68732203,      -10.25832816,                 0,       1.859093168,      0.6249707016,     0.08428735565
        995,              9.95,      -8.967859289,       -9.68467456,      -10.25046764,                 0,        1.85463232,      0.5802086551,     0.08414113334
        996,              9.96,      -8.962188553,      -9.681468951,      -10.24216206,                 0,       1.849170519,       0.530505402,     0.08400426623
        997,              9.97,      -8.956002344,       -9.67778223,      -10.23371685,                 0,       1.842895221,      0.4762509369,     0.08388218658
        998,              9.98,      -8.949593591,      -9.673812534,      -10.22551109,                 0,       1.836018439,      0.4178614535,     0.08377974002
        999,              9.99,      -8.943063227,      -9.669650319,      -10.21768635,                 0,       1.828773694,       0.355781622,     0.08370103366
       1000,                10,      -8.936512138,      -9.665307421,      -10.21032831,                 0,       1.821408202,      0.2904895754,     0.08364935239
       1001,             10.01,      -8.930076222,      -9.660887181,      -10.20352802,                 0,       1.814173521,      0.2224860132,     0.08362786117
       1002,             10.02,      -8.923801209,      -9.656510796,      -10.19727736,                 0,       1.807328242,       0.152299746,     0.08363834936
       1003,             10.03,      -8.918048192,      -9.652295109,      -10.19180195,                 0,       1.801128021,     0.08049557412,      0.0836819249
       1004,             10.04,       -8.91243736,      -9.647872173,      -10.18701312,                 0,       1.795773104,    0.007669422034,      0.0837590712
       1005,             10.05,      -8.907213078,       -9.64350351,       -10.1831022,                 0,       1.791455061,    -0.06556143834,     0.08386781978
       1006,             10.06,      -8.909884457,      -9.647273221,       -10.1852648,                 0,       1.788738913,     -0.1385625064,     0.08400486296
       1007,             10.07,      -8.909143217,      -9.645620645,      -10.18728011,                 0,       1.787407018,     -0.2106381476,     0.08416581712
       1008,             10.08,      -8.912875116,      -9.647525478,      -10.19302939,                 0,       1.787623819,     -0.2811631746,     0.08434556245
       1009,             10.09,       -8.91623444,      -9.648793211,      -10.19976288,                 0,       1.789256952,     -0.3494262158,     0.08453843233
       1010,              10.1,      -8.918257015,       -9.64843941,      -10.20643329,                 0,       1.792096781,      -0.414767239,     0.08473839702
       1011,             10.11,      -8.920363079,      -9.648204484,      -10.21383117,                 0,       1.796087173,     -0.4765414397,      0.0849392762
       1012,             10.12,      -8.927437512,       -9.65502887,      -10.22560128,                 0,       1.801537274,     -0.5341712356,     0.08513498113
       1013,             10.13,      -8.939971298,      -9.663802469,      -10.24309643,                 0,       1.808437714,     -0.5870766925,     0.08531965683
       1014,             10.14,      -8.949421685,      -9.667935103,      -10.26021089,                 0,       1.816027909,     -0.6346602324,     0.08548779955
       1015,             10.15,      -8.961577432,      -9.674865172,      -10.27923378,                 0,       1.824059483,     -0.6764851202,     0.08563446775
       1016,             10.16,      -8.972813561,       -9.68140072,      -10.29761677,                 0,       1.832254857,     -0.7121456227,     0.08575553845
       1017,             10.17,      -8.982764588,      -9.687124085,      -10.31472574,                 0,        1.84034004,     -0.7413247645,     0.08584780123
       1018,             10.18,      -8.991484285,      -9.692296386,      -10.32968225,                 0,       1.848044966,     -0.7637656301,     0.08590899374
       1019,             10.19,      -8.998486305,      -9.696787974,      -10.34093318,                 0,       1.855119536,     -0.7792941563,     0.08593786814
       1020,              10.2,       -9.00346675,      -9.700519355,      -10.34711164,                 0,       1.861327673,     -0.7878148286,     0.08593425322
       1021,             10.21,      -9.006110303,       -9.70332398,      -10.34720023,                 0,       1.866481225,     -0.7893124142,     0.08589905132
       1022,             10.22,      -9.006365191,      -9.705078762,      -10.34124168,                 0,       1.870421851,     -0.7838332172,     0.08583417873
       1023,             10.23,      -9.004540654,      -9.705927485,      -10.33058502,                 0,       1.873033948,      -0.771488549,     0.08574256125
       1024,             10.24,      -9.000905329,      -9.705810383,      -10.31679656,                 0,       1.874244897,     -0.7524538302,     0.08562809344
       1025,             10.25,      -8.995815547,      -9.704710262,      -10.30122385,                 0,       1.874026677,     -0.7269471887,     0.08549558453
       1026,             10.26,      -8.989552131,      -9.702624004,      -10.28480135,                 0,       1.872397998,     -0.6952360899,     0.08535057787
       1027,             10.27,      -8.982530721,      -9.699732807,      -10.26833168,                 0,       1.869421428,     -0.6576170531,     0.08519907169
       1028,             10.28,      -8.974857769,       -9.69607794,      -10.25213196,                 0,       1.865200498,     -0.6144194486,        0.08504724
       1029,             10.29,      -8.966769505,      -9.691828382,      -10.23672513,                 0,       1.859881459,     -0.5660110033,     0.08490122015
       1030,              10.3,      -8.958368751,      -9.687050138,      -10.22220851,                 0,       1.853640303,     -0.5127774985,      0.0847669068
       1031,             10.31,      -8.949899077,       -9.68198024,      -10.20880551,                 0,       1.846686816,     -0.4551356583,     0.08464975159
       1032,             10.32,      -8.941503343,      -9.676750043,      -10.19665311,                 0,       1.839250385,     -0.3935261781,      0.0845545216
       1033,             10.33,      -8.933260796,      -9.671443956,      -10.18579133,                 0,        1.83158331,     -0.3284230358,     0.08448518659
       1034,             10.34,      -8.925263296,      -9.666104727,      -10.17621127,                 0,       1.823942163,     -0.2603283683,     0.08444484816
       1035,             10.35,      -8.917565366,      -9.660798408,      -10.16792752,                 0,        1.81658786,      -0.189769264,     0.08443650772
       1036,             10.36,      -8.910224576,      -9.655587396,      -10.16091658,                 0,       1.809781114,      -0.117305412,     0.08446144612
       1037,             10.37,      -8.903511815,      -9.650752716,      -10.15531854,                 0,       1.803776642,    -0.04353140659,     0.08452099508
       1038,             10.38,      -8.897014956,      -9.645785239,      -10.15094881,                 0,       1.798761396,     0.03092943783,     0.08461479301
       1039,             10.39,      -8.892611985,      -9.646167589,      -10.14876085,                 0,       1.794997783,      0.1054348322,     0.08474030379
       1040,              10.4,      -8.895140506,      -9.649723862,       -10.1513024,                 0,       1.793057637,      0.1793308586,     0.08489374181
       1041,             10.41,      -8.892374031,      -9.645918616,       -10.1531954,                 0,       1.792352794,      0.2518677196,     0.08507022867
       1042,             10.42,      -8.897359002,      -9.649875112,      -10.15963563,                 0,       1.793418658,      0.3224586976,     0.08526426422
       1043,             10.43,      -8.898542412,      -9.649288231,      -10.16558285,                 0,       1.795757259,      0.3903173879,     0.08546983005
       1044,             10.44,      -8.900018938,      -9.648976789,      -10.17213072,                 0,         1.7992988,      0.4548279365,     0.08568061208
       1045,             10.45,       -8.90307084,      -9.650297578,      -10.17996774,                 0,       1.804102391,      0.5153420666,     0.08589024531
       1046,             10.46,      -8.913738887,      -9.657107663,      -10.19286888,                 0,       1.810588461,      0.5713199878,      0.0860925325
       1047,             10.47,      -8.922392636,      -9.661110622,      -10.20619912,                 0,       1.818000513,      0.6220963445,     0.08628150823
       1048,             10.48,      -8.932736584,      -9.666347243,      -10.22090977,                 0,       1.825981949,       0.667186641,     0.08645168394
       1049,             10.49,      -8.943469394,      -9.672230896,      -10.23592724,                 0,       1.834255627,       0.706158447,     0.08659823958
       1050,              10.5,       -8.95324485,       -9.67729115,      -10.24996487,                 0,        1.84252979,      0.7386598401,     0.08671728351
       1051,             10.51,      -8.962037457,      -9.681607427,      -10.26234215,                 0,       1.850522891,      0.7644069159,     0.08680588582
       1052,             10.52,      -8.969647171,      -9.685226584,      -10.27241292,                 0,       1.857971385,      0.7831881105,     0.08686210142
       1053,             10.53,      -8.975891645,      -9.688155342,      -10.27978276,                 0,       1.864629042,      0.7948799925,     0.08688506564
       1054,             10.54,      -8.980589402,      -9.690334592,        -10.284218,                 0,       1.870282814,      0.7994358539,      0.0868750152
       1055,             10.55,      -8.983634232,      -9.691750533,      -10.28571086,                 0,       1.874755214,      0.7968846203,     0.08683325339
       1056,             10.56,      -8.985030807,      -9.692489343,      -10.28456448,                 0,       1.877911249,      0.7873124301,     0.08676211426
       1057,             10.57,       -8.98497307,       -9.69267507,      -10.28125607,                 0,       1.879659386,      0.7708743584,     0.08666495179
       1058,             10.58,      -8.983569399,      -9.692285536,      -10.27640897,                 0,       1.879951442,      0.7477753376,     0.08654604422
       1059,             10.59,      -8.980936473,      -9.691276576,      -10.27041231,                 0,       1.878789005,      0.7182687105,     0.08641057744
       1060,              10.6,      -8.977231519,      -9.689654425,      -10.26359405,                 0,       1.876223291,      0.6826479032,     0.08626436265
       1061,             10.61,       -8.97271838,      -9.687492766,       -10.2561022,                 0,       1.872341648,      0.6412330812,     0.08611354013
       1062,             10.62,        -8.9674649,      -9.684786015,      -10.24804931,                 0,       1.867280742,      0.5943890683,     0.08596432132
       1063,             10.63,      -8.961587173,      -9.681514666,      -10.23956976,                 0,       1.861207379,      0.5425006816,     0.08582278023
       1064,             10.64,      -8.955203093,      -9.677762129,      -10.23098035,                 0,       1.854322498,      0.4859760985,     0.08569465489
       1065,             10.65,       -8.94861058,      -9.673727745,      -10.22264732,                 0,          1.846854,      0.4252548059,     0.08558513081
       1066,             10.66,      -8.941900904,       -9.66944336,      -10.21469132,                 0,       1.839051472,      0.3608020636,     0.08549862746
       1067,             10.67,         -8.935205,       -9.66500899,      -10.20724201,                 0,       1.831175507,      0.2931152317,     0.08543872643
       1068,             10.68,      -8.928649816,       -9.66050759,      -10.20035852,                 0,       1.823491291,      0.2227185211,     0.08540849513
       1069,             10.69,       -8.92221091,      -9.655902297,      -10.19397622,                 0,       1.816260431,      0.1501623945,      0.0854102169
       1070,              10.7,       -8.91620407,      -9.651555015,      -10.18828765,                 0,       1.809751307,     0.07603535595,     0.08544466512
       1071,             10.71,      -8.910628531,      -9.647197047,      -10.18346025,                 0,       1.804187602,   0.0009594061778,     0.08551325581
       1072,             10.72,      -8.905316749,      -9.642715734,      -10.17950278,                 0,       1.799748746,    -0.07442190155,     0.08561435569
       1073,             10.73,      -8.908039618,      -9.646512838,       -10.1816927,                 0,       1.796999117,     -0.1494519452,     0.08574475761
       1074,             10.74,      -8.908119163,      -9.645586508,      -10.18432585,                 0,       1.795769273,     -0.2234090508,     0.08590010086
       1075,             10.75,      -8.910178362,      -9.645624472,      -10.18918649,                 0,       1.796021957,     -0.2956282626,     0.08607518205
       1076,             10.76,      -8.915392083,      -9.648898574,      -10.19719372,                 0,       1.797897429,     -0.3654132161,     0.08626425381
       1077,             10.77,      -8.917339065,      -9.648261237,      -10.20439126,                 0,       1.801018315,     -0.4320419178,     0.08646116043
       1078,             10.78,       -8.91935522,      -9.647863234,      -10.21222273,                 0,       1.805270691,     -0.4948713428,     0.08665957275
       1079,             10.79,      -8.929443919,      -9.657447873,      -10.22637523,                 0,       1.811168777,     -0.5533339554,     0.08685325194
       1080,              10.8,       -8.94089773,       -9.66464276,      -10.24387475,                 0,       1.818369888,     -0.6067887804,     0.08703614507
       1081,             10.81,      -8.951564496,       -9.66979219,      -10.26218857,                 0,       1.826238005,     -0.6546757945,     0.08720257566
       1082,             10.82,      -8.964104799,      -9.677066664,      -10.28207439,                 0,       1.834500388,     -0.6965422158,     0.08734745914
       1083,             10.83,      -8.975578889,      -9.683759312,      -10.30118075,                 0,       1.842867404,     -0.7319931234,      0.0874665259
       1084,             10.84,      -8.985748102,      -9.689643399,      -10.31876595,                 0,       1.851054133,     -0.7607195843,     0.08755645851
       1085,             10.85,      -8.994543719,      -9.694904892,      -10.33380383,                 0,       1.858783392,      -0.782475279,     0.08761491591
       1086,             10.86,      -9.001527165,      -9.699484437,      -10.34468273,                 0,       1.865802325,     -0.7971055919,     0.08764060721
       1087,             10.87,      -9.006335658,      -9.703235569,      -10.34992302,                 0,       1.871874428,     -0.8045312158,     0.08763334374
       1088,             10.88,      -9.008695892,      -9.706015674,      -10.34869265,                 0,       1.876813673,     -0.8047579162,     0.08759401996
       1089,             10.89,      -9.008546847,      -9.707652997,      -10.34129414,                 0,       1.880466494,     -0.7978518828,     0.08752457248
       1090,              10.9,      -9.006302089,      -9.708345542,      -10.32944418,                 0,       1.882725942,     -0.7839481767,     0.08742797172
       1091,             10.91,      -9.002267609,      -9.708031392,      -10.31476282,                 0,       1.883527378,     -0.7632413349,     0.08730816722
       1092,             10.92,      -8.996825979,      -9.706720047,      -10.29858081,                 0,        1.88285495,     -0.7359707556,     0.08717002046
       1093,             10.93,      -8.990283605,      -9.704443473,      -10.28177703,                 0,       1.880739901,     -0.7024221916,     0.08701913208
       1094,             10.94,      -8.982999235,      -9.701346108,      -10.26503324,                 0,       1.877257974,     -0.6629093918,     0.08686154958
       1095,             10.95,      -8.975088686,      -9.697498883,      -10.24873381,                 0,       1.872527971,      -0.617780877,     0.08670347642
       1096,             10.96,      -8.966770414,      -9.693024573,      -10.23325839,                 0,       1.866710053,     -0.5674204687,     0.08655105882
       1097,             10.97,      -8.958181466,      -9.688062774,      -10.21876962,                 0,        1.85999303,     -0.5122287077,     0.08641017625
       1098,             10.98,      -8.949571938,      -9.682855917,      -10.20546483,                 0,       1.852599921,     -0.4526395769,     0.08628623936
       1099,             10.99,      -8.941065237,      -9.677488095,      -10.19345462,                 0,       1.844772802,     -0.3891110125,     0.08618394219
       1100,                11,      -8.932739326,      -9.672056442,      -10.18276442,                 0,       1.836773432,     -0.3221323051,     0.08610717936
       1101,             11.01,      -8.924709138,      -9.666645144,      -10.17341862,                 0,       1.828867945,     -0.2522233807,     0.08605910983
       1102,             11.02,      -8.916981154,      -9.661268417,      -10.16539409,                 0,       1.821324485,     -0.1799287292,      0.0860425893
       1103,             11.03,      -8.909570988,      -9.655943991,      -10.15864918,                 0,       1.814400885,     -0.1058262264,     0.08605874935
       1104,             11.04,      -8.902876173,      -9.651101941,      -10.15334405,                 0,        1.80836812,    -0.03053048754,     0.08610893878
       1105,             11.05,      -8.896407072,       -9.64610125,      -10.14930858,                 0,       1.803403877,     0.04531479602,     0.08619246617
       1106,             11.06,      -8.893297601,      -9.647845675,      -10.14810211,                 0,       1.799830804,      0.1210527014,     0.08630659845
       1107,             11.07,      -8.895333053,      -9.650549365,      -10.15086609,                 0,       1.798096506,      0.1960018957,     0.08644737784
       1108,             11.08,      -8.892995321,      -9.647090521,       -10.1532393,                 0,       1.797654934,      0.2694078672,     0.08660981975
       1109,             11.09,       -8.89787625,      -9.650865574,      -10.15982528,                 0,       1.799002452,      0.3406589825,     0.08678834002
       1110,              11.1,      -8.899360993,      -9.650549914,      -10.16599866,                 0,       1.801669175,      0.4089645394,     0.08697688698
       1111,             11.11,      -8.900816822,      -9.650115589,      -10.17269064,                 0,       1.805539112,      0.4736924687,     0.08716914218
       1112,             11.12,      -8.903990884,       -9.65001025,      -10.18091106,                 0,       1.810690247,      0.5341979272,     0.08735877771
       1113,             11.13,      -8.917475192,      -9.660806778,       -10.1955315,                 0,       1.817662075,      0.5899571071,     0.08753966629
       1114,             11.14,      -8.924877018,      -9.663027782,      -10.20861185,                 0,       1.825319692,      0.6402521534,     0.08770594459
       1115,             11.15,       -8.93620827,      -9.669191748,      -10.22379342,                 0,       1.833513934,      0.6846564907,     0.08785228464
       1116,             11.16,      -8.946916631,       -9.67504518,      -10.23869223,                 0,       1.841920973,      0.7227304342,     0.08797408552
       1117,             11.17,      -8.956543194,      -9.679925358,      -10.25256831,                 0,       1.850249211,       0.754143677,     0.08806768631
       1118,             11.18,       -8.96521265,      -9.684103976,      -10.26481174,                 0,       1.858213734,      0.7786258736,      0.0881303945
       1119,             11.19,      -8.972707894,      -9.687641755,      -10.27474524,                 0,       1.865551897,       0.795986766,     0.08816053789
       1120,              11.2,      -8.978726282,      -9.690446143,      -10.28194942,                 0,       1.872019452,      0.8061232087,     0.08815754821
       1121,             11.21,      -8.983105193,      -9.692462571,      -10.28616921,                 0,       1.877409931,      0.8090125147,     0.08812196413
       1122,             11.22,      -8.985767307,      -9.693691211,      -10.28735624,                 0,       1.881551507,      0.8047025515,     0.08805537073
       1123,             11.23,      -8.986776832,      -9.694282645,      -10.28579445,                 0,       1.884320543,      0.7933010741,     0.08796039778
       1124,             11.24,      -8.986280177,       -9.69427118,      -10.28200365,                 0,       1.885635125,      0.7749852551,     0.08784070147
       1125,             11.25,      -8.984435581,      -9.693657592,      -10.27670092,                 0,       1.885461379,      0.7499767474,     0.08770085355
       1126,             11.26,      -8.981360858,      -9.692406267,      -10.27030917,                 0,       1.883814099,      0.7185494665,     0.08754627284
       1127,             11.27,      -8.977293253,      -9.690577706,      -10.26319056,                 0,       1.880758607,       0.681010616,     0.08738293715
       1128,             11.28,      -8.972446986,      -9.688218238,      -10.25543534,                 0,       1.876397165,      0.6376961644,     0.08721707682
       1129,             11.29,      -8.966864258,      -9.685261713,      -10.24710011,                 0,       1.870880562,      0.5889862607,     0.08705492979
       1130,              11.3,      -8.960648045,      -9.681690608,      -10.23831334,                 0,       1.864387538,       0.535277198,     0.08690253428
       1131,             11.31,      -8.954024805,      -9.677727346,      -10.22954832,                 0,       1.857131791,      0.4769922876,       0.086765526
       1132,             11.32,      -8.947202439,      -9.673460737,      -10.22109255,                 0,       1.849350642,      0.4145833215,     0.08664889667
       1133,             11.33,       -8.94033243,      -9.669007286,      -10.21309037,                 0,       1.841303935,      0.3485301599,     0.08655685721
       1134,             11.34,      -8.933492454,      -9.664396876,      -10.20562522,                 0,       1.833257515,      0.2793448038,      0.0864927404
       1135,             11.35,       -8.92683271,        -9.6597567,       -10.1987626,                 0,       1.825483707,       0.207564921,     0.08645972241
       1136,             11.36,      -8.920329749,      -9.655032585,      -10.19239307,                 0,       1.818244793,      0.1337568365,     0.08645945881
       1137,             11.37,      -8.914239251,       -9.65053351,       -10.1866827,                 0,       1.811807765,      0.0585263331,     0.08649302056
       1138,             11.38,      -8.908600694,      -9.646031706,      -10.18188625,                 0,       1.806394386,    -0.01748990866,     0.08656080689
       1139,             11.39,       -8.90326922,      -9.641421134,      -10.17799143,                 0,       1.802175341,    -0.09363308421,     0.08666061717
       1140,              11.4,      -8.907812702,      -9.646936379,      -10.18151704,                 0,       1.799828116,     -0.1692391417,     0.08678885817
       1141,             11.41,      -8.906787504,      -9.644442897,      -10.18389024,                 0,       1.798914596,     -0.2435515624,     0.08694081316
       1142,             11.42,      -8.910130767,      -9.645618692,      -10.18973638,                 0,       1.799564469,     -0.3159284258,     0.08711102027
       1143,             11.43,       -8.91484277,      -9.648235657,      -10.19780875,                 0,        1.80180075,      -0.385635718,     0.08729352666
       1144,             11.44,      -8.916850343,      -9.647580287,      -10.20544819,                 0,       1.805276054,     -0.4519679216,      0.0874820287
       1145,             11.45,      -8.918645155,      -9.646897915,      -10.21358933,                 0,       1.809857792,     -0.5142691146,     0.08767011379
       1146,             11.46,      -8.932818578,       -9.66047043,      -10.23086916,                 0,        1.81632756,     -0.5720195825,     0.08785154468
       1147,             11.47,      -8.941824024,      -9.664456639,      -10.24773859,                 0,       1.823792253,     -0.6244993461,     0.08802027912
       1148,             11.48,      -8.953957818,      -9.670934732,        -10.267129,                 0,       1.831859852,     -0.6712308562,     0.08817074203
       1149,             11.49,      -8.966279685,      -9.678132686,      -10.28712918,                 0,       1.840240873,     -0.7117503882,     0.08829801212
       1150,              11.5,      -8.977394599,       -9.68454448,      -10.30605191,                 0,       1.848641385,     -0.7456905869,     0.08839807329
       1151,             11.51,      -8.987273243,      -9.690251179,      -10.32326338,                 0,       1.856773811,     -0.7727600412,     0.08846787369
       1152,             11.52,      -8.995655682,       -9.69532466,      -10.33745132,                 0,       1.864363753,     -0.7927338776,     0.08850535936
       1153,             11.53,      -9.002094008,      -9.699674786,       -10.3469902,                 0,       1.871160969,     -0.8054821528,     0.08850957002
       1154,             11.54,      -9.006234066,      -9.703130181,      -10.35048527,                 0,        1.87693891,      -0.810950355,      0.0884806679
       1155,             11.55,      -9.007888896,       -9.70555517,      -10.34734235,                 0,       1.881519838,      -0.809166415,     0.08841989296
       1156,             11.56,      -9.007086659,      -9.706860078,      -10.33836194,                 0,        1.88476197,     -0.8002174592,     0.08832954446
       1157,             11.57,      -9.004284047,      -9.707234905,      -10.32545996,                 0,       1.886570924,     -0.7842628021,     0.08821295945
       1158,             11.58,       -8.99978035,      -9.706589401,      -10.31019042,                 0,       1.886894862,     -0.7615130571,     0.08807441865
       1159,             11.59,       -8.99394729,       -9.70494556,      -10.29364809,                 0,       1.885732285,     -0.7322264582,     0.08791910838
       1160,              11.6,      -8.987124005,       -9.70237423,      -10.27669856,                 0,       1.883130098,     -0.6967023024,     0.08775288536
       1161,             11.61,      -8.979626225,      -9.699020694,      -10.25991523,                 0,       1.879176515,     -0.6552660711,     0.08758196628
       1162,             11.62,      -8.971530316,      -9.694909139,      -10.24370453,                 0,       1.874008287,     -0.6082835754,     0.08741264947
       1163,             11.63,      -8.963133585,       -9.69029337,      -10.22844739,                 0,       1.867795813,      -0.556147522,     0.08725110312
       1164,             11.64,      -8.954460313,      -9.685182164,      -10.21418943,                 0,        1.86074058,      -0.499270417,     0.08710316118
       1165,             11.65,      -8.945844487,      -9.679872609,      -10.20118981,                 0,       1.853074073,     -0.4380983597,     0.08697409598
       1166,             11.66,      -8.937360851,      -9.674453045,      -10.18948948,                 0,       1.845047951,      -0.373102128,      0.0868684251
       1167,             11.67,      -8.929084562,      -9.668984843,      -10.17916286,                 0,       1.836928844,     -0.3047840225,     0.08678981743
       1168,             11.68,      -8.921147358,      -9.663577954,      -10.17023151,                 0,       1.828987452,     -0.2336749179,     0.08674146224
       1169,             11.69,      -8.913523061,      -9.658211614,      -10.16263551,                 0,       1.821492191,     -0.1603323281,     0.08672565195
       1170,              11.7,      -8.906226743,      -9.652915027,      -10.15631628,                 0,       1.814703136,    -0.08534997588,     0.08674312832
       1171,             11.71,      -8.899716685,      -9.648158531,      -10.15148974,                 0,       1.808881153,   -0.009356277228,     0.08679545893
       1172,             11.72,      -8.893398906,      -9.643195663,      -10.14793289,                 0,       1.804195453,     0.06699373905,     0.08688104407
       1173,             11.73,      -8.893089932,      -9.647823613,      -10.14850805,                 0,       1.801128818,      0.1430386306,     0.08699663891
       1174,             11.74,      -8.893398097,      -9.648100003,      -10.15103299,                 0,       1.799741683,      0.2180560314,     0.08713786388
       1175,             11.75,      -8.892070113,      -9.645335867,      -10.15404044,                 0,       1.799722246,      0.2913317235,     0.08729943356
       1176,             11.76,      -8.897556308,       -9.65003796,      -10.16109795,                 0,       1.801526481,      0.3622165112,     0.08747553574
       1177,             11.77,        -8.8983633,      -9.648824569,      -10.16708095,                 0,       1.804568581,       0.429921893,     0.08765992879
       1178,             11.78,      -8.899872964,       -9.64843446,      -10.17385005,                 0,        1.80879075,      0.4938263237,     0.08784617696
       1179,             11.79,      -8.907184777,      -9.652377286,      -10.18444211,                 0,       1.814575555,      0.5533291365,     0.08802791613
       1180,              11.8,       -8.91828042,      -9.659917013,      -10.19840385,                 0,       1.821800571,      0.6078173962,     0.08819901043
       1181,             11.81,      -8.927115013,      -9.663549649,      -10.21219025,                 0,       1.829682297,      0.6566757331,     0.08835367824
       1182,             11.82,      -8.938335043,      -9.669712534,      -10.22722595,                 0,       1.838003442,      0.6994601492,     0.08848673524
       1183,             11.83,        -8.9487693,      -9.675287176,      -10.24173671,                 0,       1.846446729,      0.7357648984,     0.08859381145
       1184,             11.84,         -8.958214,      -9.680002101,      -10.25520659,                 0,       1.854718949,      0.7652789021,     0.08867150339
       1185,             11.85,       -8.96666289,      -9.684046937,       -10.2670335,                 0,       1.862538873,      0.7877517956,      0.0887173994
       1186,             11.86,       -8.97390895,      -9.687486153,      -10.27659726,                 0,       1.869649171,      0.8030242507,     0.08873015745
       1187,             11.87,      -8.979607379,      -9.690159453,      -10.28340674,                 0,       1.875813043,      0.8110145249,     0.08870956002
       1188,             11.88,      -8.983614435,      -9.692042365,      -10.28718143,                 0,       1.880835492,       0.811728054,     0.08865649289
       1189,             11.89,      -8.985867581,       -9.69313695,      -10.28782672,                 0,       1.884556191,      0.8052303886,     0.08857290053
       1190,              11.9,      -8.986485886,      -9.693613521,      -10.28563729,                 0,       1.886864914,      0.7916542136,     0.08846177788
       1191,             11.91,      -8.985594302,      -9.693456369,      -10.28123594,                 0,       1.887692876,       0.771193267,     0.08832711771
       1192,             11.92,      -8.983365039,      -9.692661997,      -10.27541795,                 0,       1.887022107,      0.7440873315,     0.08817382799
       1193,             11.93,      -8.979969428,      -9.691254507,      -10.26872354,                 0,       1.884883636,      0.7106258187,     0.08800758936
       1194,             11.94,      -8.975674138,      -9.689309085,      -10.26141811,                 0,       1.881355912,      0.6711267309,     0.08783455308
       1195,             11.95,      -8.970610356,       -9.68681326,      -10.25351226,                 0,       1.876558269,      0.6259419715,      0.0876610365
       1196,             11.96,       -8.96485239,      -9.683703919,      -10.24500398,                 0,       1.870653428,      0.5754612415,     0.08749329926
       1197,             11.97,      -8.958487296,      -9.680013142,       -10.2361299,                 0,       1.863830753,      0.5200887022,     0.08733733333
       1198,             11.98,      -8.951765437,      -9.675945522,      -10.22733718,                 0,       1.856314962,      0.4602608842,     0.08719865106
       1199,             11.99,      -8.944896958,      -9.671596045,      -10.21892168,                 0,       1.848351019,      0.3964393713,     0.08708204519
       1200,                12,      -8.938012426,       -9.66709151,      -10.21102388,                 0,       1.840204228,      0.3291158215,     0.08699149478
       1201,             12.01,      -8.931210604,      -9.662468548,       -10.2036921,                 0,       1.832143745,      0.2588141011,     0.08693022189
       1202,             12.02,      -8.924566259,      -9.657788604,      -10.19693176,                 0,       1.824443321,      0.1860816673,     0.08690110745
       1203,             12.03,       -8.91813009,      -9.653059623,      -10.19067491,                 0,       1.817363607,      0.1114993963,       0.086905316
       1204,             12.04,       -8.91220343,      -9.648643205,      -10.18515971,                 0,       1.811171712,     0.03568641939,     0.08694416788
       1205,             12.05,      -8.906572585,      -9.644031783,      -10.18051807,                 0,       1.806066065,    -0.04071087731,     0.08701708692
       1206,             12.06,      -8.903334765,      -9.641766379,      -10.17805893,                 0,       1.802281738,     -0.1170239068,     0.08712133001
       1207,             12.07,      -8.908029517,      -9.646788011,      -10.18226445,                 0,       1.800450834,     -0.1925791276,     0.08725291503
       1208,             12.08,      -8.906174747,       -9.64301274,      -10.18450933,                 0,         1.7999443,     -0.2666038031,     0.08740677704
       1209,             12.09,      -8.911718716,      -9.646385658,      -10.19197084,                 0,       1.801133112,      -0.338480677,      0.0875772334
       1210,              12.1,      -8.915057525,      -9.647358155,      -10.19975687,                 0,       1.803772354,     -0.4074329659,     0.08775814248
       1211,             12.11,      -8.917340218,      -9.646976869,      -10.20788146,                 0,       1.807621384,     -0.4727973841,      0.0879430862
       1212,             12.12,      -8.920584878,      -9.649692806,      -10.21747074,                 0,       1.812700054,      -0.533924177,      0.0881256312
       1213,             12.13,      -8.936473003,      -9.662600586,       -10.2366661,                 0,       1.819623706,     -0.5902874414,     0.08829956144
       1214,             12.14,      -8.944857524,      -9.665486107,      -10.25366841,                 0,       1.827322543,     -0.6411728092,     0.08845890657
       1215,             12.15,      -8.957753925,      -9.672749365,      -10.27365437,                 0,       1.835538648,     -0.6861439243,     0.08859825038
       1216,             12.16,      -8.969788903,      -9.679815148,      -10.29349602,                 0,       1.843974537,     -0.7247519018,     0.08871290006
       1217,             12.17,      -8.980533469,      -9.686003897,      -10.31208009,                 0,       1.852335818,     -0.7566577999,     0.08879912338
       1218,             12.18,      -8.990099603,      -9.691594572,      -10.32866935,                 0,       1.860335847,     -0.7815888771,     0.08885417508
       1219,             12.19,      -8.998026833,      -9.696541883,      -10.34171572,                 0,       1.867708113,     -0.7993504787,     0.08887634687
       1220,              12.2,      -9.003825498,      -9.700662189,      -10.34956343,                 0,       1.874206802,     -0.8098371251,     0.08886505111
       1221,             12.21,      -9.007239298,      -9.703846483,      -10.35106071,                 0,       1.879621217,     -0.8130223653,     0.08882082543
       1222,             12.22,       -9.00815738,      -9.705955534,      -10.34588502,                 0,       1.883783251,     -0.8089550762,     0.08874526713
       1223,             12.23,       -9.00673098,      -9.707009271,      -10.33538942,                 0,       1.886566431,     -0.7977445398,     0.08864103382
       1224,             12.24,      -9.003362854,      -9.707088252,      -10.32151512,                 0,       1.887889088,     -0.7795715847,     0.08851181927
       1225,             12.25,      -8.998368543,      -9.706121105,       -10.3056947,                 0,       1.887716213,      -0.754662521,     0.08836223448
       1226,             12.26,      -8.992172368,      -9.704208282,      -10.28886832,                 0,       1.886059653,     -0.7232925009,     0.08819775974
       1227,             12.27,      -8.985077009,      -9.701382371,      -10.27181997,                 0,       1.882983022,     -0.6857710781,     0.08802444903
       1228,             12.28,      -8.977370728,       -9.69780106,      -10.25508286,                 0,        1.87858816,     -0.6424346082,     0.08784861549
       1229,             12.29,      -8.969125516,      -9.693506694,      -10.23908809,                 0,       1.873028287,     -0.5936631837,     0.08767657707
       1230,              12.3,      -8.960601661,      -9.688713275,       -10.2240855,                 0,       1.866483337,     -0.5398558722,      0.0875144477
       1231,             12.31,       -8.95189108,       -9.68352068,      -10.21015253,                 0,       1.859166955,     -0.4814374107,     0.08736793314
       1232,             12.32,      -8.943269548,      -9.678150533,       -10.1975182,                 0,       1.851315157,     -0.4188620545,     0.08724208579
       1233,             12.33,      -8.934800607,      -9.672696247,      -10.18620656,                 0,       1.843188605,     -0.3526123366,     0.08714117126
       1234,             12.34,      -8.926579959,      -9.667207408,      -10.17629526,                 0,       1.835055586,     -0.2832020661,     0.08706856431
       1235,             12.35,       -8.91871823,      -9.661800539,      -10.16779883,                 0,       1.827190127,     -0.2111710859,     0.08702746518
       1236,             12.36,      -8.911211836,      -9.656471929,      -10.16067236,                 0,       1.819857118,     -0.1370889122,     0.08701955079
       1237,             12.37,       -8.90411126,       -9.65129608,      -10.15485853,                 0,       1.813320591,    -0.06156250469,     0.08704584515
       1238,             12.38,      -8.897659284,      -9.646479391,      -10.15050099,                 0,       1.807815498,     0.01476865782,     0.08710683075
       1239,             12.39,      -8.891516358,      -9.641594384,      -10.14745665,                 0,       1.803508913,     0.09124140295,     0.08720030612
       1240,              12.4,       -8.89402051,      -9.648976394,      -10.14981547,                 0,        1.80106874,      0.1671951941,     0.08732263278
       1241,             12.41,      -8.892559438,      -9.646793598,      -10.15208324,                 0,        1.80008819,      0.2418617523,      0.0874690529
       1242,             12.42,      -8.893930322,       -9.64686609,       -10.1565607,                 0,       1.800653314,      0.3145908568,     0.08763403907
       1243,             12.43,      -8.897897845,      -9.649701023,      -10.16313796,                 0,       1.802865623,      0.3846605322,     0.08781157975
       1244,             12.44,      -8.898900072,      -9.648715494,      -10.16920689,                 0,       1.806306647,      0.4513436279,     0.08799530803
       1245,             12.45,      -8.899942951,       -9.64789906,      -10.17587358,                 0,       1.810873405,       0.513992616,     0.08817874369
       1246,             12.46,      -8.911906918,      -9.656423854,      -10.18915484,                 0,       1.817330122,      0.5720848558,     0.08835557458
       1247,             12.47,      -8.920214457,      -9.660166225,      -10.20225708,                 0,       1.824778948,      0.6248966914,     0.08851971069
       1248,             12.48,      -8.930594215,       -9.66533599,      -10.21668542,                 0,        1.83285057,      0.6719354415,     0.08866552345
       1249,             12.49,      -8.941546661,      -9.671375655,      -10.23140071,                 0,       1.841252988,      0.7127410071,     0.08878804683
       1250,              12.5,      -8.951610679,      -9.676603615,      -10.24544848,                 0,       1.849680647,      0.7469455593,     0.08888322183
       1251,             12.51,      -8.960797872,      -9.681112451,      -10.25846014,                 0,       1.857841581,        0.77425879,     0.08894796688
       1252,             12.52,      -8.968956868,      -9.685005249,      -10.26977393,                 0,       1.865461958,      0.7944557241,     0.08898021298
       1253,             12.53,        -8.9757866,      -9.688248677,      -10.27880862,                 0,       1.872290484,      0.8074052433,     0.08897899617
       1254,             12.54,      -8.981024235,      -9.690718086,      -10.28511089,                 0,       1.878103299,      0.8130526184,     0.08894448533
       1255,             12.55,      -8.984545074,      -9.692395413,      -10.28830607,                 0,        1.88271509,      0.8114265628,      0.0888779335
       1256,             12.56,      -8.986275548,      -9.693308903,      -10.28823758,                 0,       1.885982484,      0.8026126644,     0.08878166216
       1257,             12.57,      -8.986401326,      -9.693603337,      -10.28521552,                 0,       1.887808031,      0.7867679411,     0.08865903752
       1258,             12.58,      -8.985030384,      -9.693231422,      -10.28010747,                 0,       1.888137743,      0.7641004446,     0.08851437356
       1259,             12.59,      -8.982347596,      -9.692206612,      -10.27382587,                 0,        1.88696912,      0.7348685437,     0.08835290033
       1260,              12.6,      -8.978605414,      -9.690609353,       -10.2669909,                 0,       1.884350969,      0.6993732205,     0.08818052678
       1261,             12.61,      -8.974079894,      -9.688524836,       -10.2596336,                 0,       1.880373881,      0.6579419879,      0.0880035237
       1262,             12.62,      -8.968793378,      -9.685868511,       -10.2516135,                 0,       1.875176071,      0.6109427477,     0.08782823998
       1263,             12.63,      -8.962853922,      -9.682600022,      -10.24292837,                 0,       1.868929263,      0.5587705507,     0.08766089018
       1264,             12.64,      -8.956271252,      -9.678703203,      -10.23391489,                 0,       1.861833787,      0.5018392581,     0.08750734927
       1265,             12.65,      -8.949454024,      -9.674502159,      -10.22513574,                 0,        1.85412157,      0.4405952433,     0.08737292136
       1266,             12.66,      -8.942535194,       -9.67007866,      -10.21678787,                 0,       1.846045239,      0.3755102322,     0.08726215157
       1267,             12.67,      -8.935623417,      -9.665495767,      -10.20901203,                 0,       1.837873232,      0.3070870881,     0.08717872699
       1268,             12.68,      -8.928869087,      -9.660855892,      -10.20186247,                 0,       1.829877858,      0.2358579818,     0.08712586145
       1269,             12.69,      -8.922248396,      -9.656125228,      -10.19523736,                 0,       1.822330261,       0.162380789,     0.08710583062
       1270,              12.7,      -8.915873916,       -9.65135424,      -10.18911295,                 0,       1.815488799,     0.08725022471,     0.08711936512
       1271,             12.71,      -8.910174475,      -9.647076987,      -10.18389663,                 0,        1.80961938,     0.01109584412,     0.08716803726
       1272,             12.72,      -8.904566912,      -9.642337418,      -10.17944683,                 0,       1.804890555,    -0.06542656169,     0.08725021971
       1273,             12.73,      -8.905467744,      -9.644318869,      -10.17995487,                 0,       1.801750616,     -0.1416481548,      0.0873626247
       1274,             12.74,      -8.907193146,      -9.645363004,      -10.18298029,                 0,       1.800338193,      -0.216856273,      0.0875008296
       1275,             12.75,       -8.90626214,      -9.642128654,      -10.18577658,                 0,       1.800274949,     -0.2903280396,     0.08765948968
       1276,             12.76,      -8.913571355,      -9.647729658,      -10.19467725,                 0,       1.802042125,       -0.36141555,     0.08783274876
       1277,             12.77,      -8.915205281,      -9.646596196,      -10.20200353,                 0,       1.805088508,     -0.4293288953,     0.08801431232
       1278,             12.78,      -8.917809091,      -9.646538222,      -10.21060993,                 0,       1.809304606,     -0.4934426616,     0.08819770002
       1279,             12.79,      -8.926058956,      -9.654252697,      -10.22393951,                 0,       1.815046063,     -0.5531441359,     0.08837651109
       1280,              12.8,      -8.938873851,      -9.663153447,      -10.24223878,                 0,       1.822251416,     -0.6078284821,     0.08854457399
       1281,             12.81,      -8.948974699,      -9.667664746,      -10.26030209,                 0,       1.830154049,     -0.6568853902,     0.08869607308
       1282,             12.82,      -8.961580415,      -9.674853947,      -10.28015367,                 0,       1.838477743,     -0.6998629626,     0.08882580554
       1283,             12.83,      -8.973194362,      -9.681607113,      -10.29950088,                 0,       1.846925013,     -0.7363515329,     0.08892938374
       1284,             12.84,      -8.983628694,      -9.687631655,      -10.31761289,                 0,       1.855202002,     -0.7660354407,     0.08900339644
       1285,             12.85,      -8.992768093,      -9.693046116,      -10.33338241,                 0,       1.863025323,     -0.7886630987,     0.08904543416
       1286,             12.86,      -9.000118302,      -9.697787264,      -10.34506443,                 0,       1.870137957,     -0.8040739326,     0.08905416676
       1287,             12.87,      -9.005211011,       -9.70163519,      -10.35105586,                 0,       1.876300058,     -0.8121844003,     0.08902939675
       1288,             12.88,      -9.007839927,      -9.704497513,      -10.35042557,                 0,       1.881319845,     -0.8129977562,     0.08897203648
       1289,             12.89,      -9.007986434,      -9.706250337,      -10.34335405,                 0,        1.88503896,     -0.8065805267,     0.08888406483
       1290,              12.9,      -9.005932069,       -9.70701063,      -10.33159489,                 0,        1.88734711,     -0.7930676699,     0.08876851429
       1291,             12.91,      -9.002011004,      -9.706761936,      -10.31697321,                 0,       1.888175842,     -0.7726564366,     0.08862941593
       1292,             12.92,       -8.99655852,      -9.705469209,      -10.30075696,                 0,       1.887506413,     -0.7455892339,      0.0884717154
       1293,             12.93,      -8.990003367,      -9.703247226,      -10.28376753,                 0,        1.88536685,     -0.7121552174,     0.08830113544
       1294,             12.94,      -8.982692763,      -9.700176021,      -10.26672087,                 0,       1.881833827,     -0.6726731606,     0.08812386974
       1295,             12.95,       -8.97478487,      -9.696353566,      -10.25014106,                 0,       1.877026962,     -0.6274934592,      0.0879462738
       1296,             12.96,      -8.966433111,      -9.691885741,      -10.23447277,                 0,       1.871111453,     -0.5770049824,     0.08777463789
       1297,             12.97,      -8.957796144,      -9.686916657,      -10.21980239,                 0,       1.864277181,     -0.5216123528,       0.087614978
       1298,             12.98,      -8.949093766,      -9.681661418,      -10.20627524,                 0,       1.856747497,     -0.4617530424,     0.08747282135
       1299,             12.99,      -8.940501263,      -9.676253052,      -10.19404027,                 0,       1.848764697,     -0.3978896506,     0.08735297157
       1300,                13,      -8.932069915,      -9.670763239,      -10.18315354,                 0,       1.840593925,     -0.3305146212,      0.0872594112
       1301,             13.01,      -8.923963559,       -9.66530338,      -10.17371684,                 0,       1.832506038,     -0.2601519649,     0.08719537728
       1302,             13.02,      -8.916197307,      -9.659903368,      -10.16569189,                 0,       1.824774871,      -0.187350463,     0.08716372182
       1303,             13.03,      -8.908811786,      -9.654613862,      -10.15903584,                 0,       1.817662305,     -0.1126918498,     0.08716558773
       1304,             13.04,      -8.901962697,      -9.649608012,      -10.15375404,                 0,       1.811434321,    -0.03679494856,     0.08720230855
       1305,             13.05,      -8.895555626,      -9.644706509,      -10.14983376,                 0,        1.80629415,     0.03969228025,     0.08727326819
       1306,             13.06,      -8.890911968,       -9.64468021,      -10.14792055,                 0,       1.802469189,      0.1161013123,     0.08737568291
       1307,             13.07,        -8.8946322,      -9.649554162,      -10.15127983,                 0,       1.800622752,      0.1917637291,     0.08750552584
       1308,             13.08,      -8.892013766,      -9.645698459,      -10.15344478,                 0,       1.800074585,      0.2658892726,     0.08765770006
       1309,             13.09,      -8.895838167,      -9.648358226,      -10.15919922,                 0,       1.801245385,       0.337872105,     0.08782648024
       1310,              13.1,      -8.898257252,      -9.649261272,      -10.16527727,                 0,       1.803864202,      0.4069299582,     0.08800569275
       1311,             13.11,      -8.899476683,      -9.648543692,      -10.17150069,                 0,        1.80769396,      0.4723972696,     0.08818888711
       1312,             13.12,      -8.901637043,       -9.64737935,      -10.17903964,                 0,       1.812737049,      0.5336254818,     0.08836959649
       1313,             13.13,      -8.915876512,       -9.65921191,      -10.19382608,                 0,        1.81970385,      0.5901056881,     0.08854157951
       1314,             13.14,      -8.922920398,      -9.661087444,      -10.20655842,                 0,       1.827365719,      0.6410914464,     0.08869885487
       1315,             13.15,      -8.934150974,      -9.667159979,      -10.22120124,                 0,       1.835585592,      0.6861581985,     0.08883599152
       1316,             13.16,       -8.94484008,      -9.673015947,      -10.23552655,                 0,       1.844029785,      0.7248537609,     0.08894828723
       1317,             13.17,      -8.954579799,      -9.677958465,      -10.24911542,                 0,       1.852402114,      0.7568444571,     0.08903200638
       1318,             13.18,      -8.963508698,      -9.682280526,      -10.26162665,                 0,       1.860414292,      0.7818586351,     0.08908440638
       1319,             13.19,      -8.971351685,      -9.686038225,      -10.27239516,                 0,       1.867800575,      0.7997016801,     0.08910378929
       1320,              13.2,      -8.977742951,      -9.689082509,      -10.28092387,                 0,       1.874315998,      0.8102680948,     0.08908958423
       1321,             13.21,      -8.982507143,      -9.691352554,      -10.28674738,                 0,       1.879751712,      0.8135322116,     0.08904234906
       1322,             13.22,      -8.985530205,      -9.692833236,      -10.28934749,                 0,       1.883933915,      0.8095425602,     0.08896370138
       1323,             13.23,      -8.986780506,      -9.693606068,      -10.28844399,                 0,       1.886736194,      0.7984058054,     0.08885632098
       1324,             13.24,      -8.986373839,      -9.693673449,      -10.28440752,                 0,       1.888073339,      0.7802998985,     0.08872392438
       1325,             13.25,      -8.984510548,      -9.693052052,      -10.27850885,                 0,       1.887907632,      0.7554483176,     0.08857114819
       1326,             13.26,      -8.981407008,      -9.691805245,      -10.27186312,                 0,       1.886250884,      0.7241267943,     0.08840350393
       1327,             13.27,      -8.977367055,      -9.690052914,      -10.26502445,                 0,       1.883168914,      0.6866451326,     0.08822707879
       1328,             13.28,      -8.972635248,      -9.687842278,      -10.25770626,                 0,       1.878767036,      0.6433408862,     0.08804821493
       1329,             13.29,       -8.96718067,      -9.685051637,      -10.24959188,                 0,       1.873199563,      0.5945957857,     0.08787325364
       1330,              13.3,      -8.961005668,      -9.681556004,      -10.24070067,                 0,       1.866646834,      0.5408097789,      0.0877083277
       1331,             13.31,      -8.954304514,      -9.677539806,      -10.23162147,                 0,       1.859319935,      0.4824075729,     0.08755915794
       1332,             13.32,      -8.947391214,      -9.673211769,      -10.22285704,                 0,       1.851454606,      0.4198426847,     0.08743080552
       1333,             13.33,      -8.940437614,      -9.668718274,      -10.21461115,                 0,       1.843311509,      0.3535976674,     0.08732754176
       1334,             13.34,      -8.933519783,      -9.664071705,      -10.20697619,                 0,       1.835160403,      0.2841862459,     0.08725274183
       1335,             13.35,      -8.926806396,      -9.659412572,      -10.20001293,                 0,       1.827277344,      0.2121482456,     0.08720961329
       1336,             13.36,      -8.920257426,      -9.654674536,      -10.19354971,                 0,       1.819928106,      0.1380518486,     0.08719980935
       1337,             13.37,      -8.914036175,      -9.650072189,      -10.18763397,                 0,       1.813375606,     0.06250485494,     0.08722435761
       1338,             13.38,      -8.908392535,      -9.645605395,      -10.18264606,                 0,       1.807856534,    -0.01385381037,       0.087283715
       1339,             13.39,      -8.902945172,      -9.640899886,      -10.17847646,                 0,       1.803536367,    -0.09036115824,     0.08737565213
       1340,              13.4,      -8.907086156,      -9.645976459,      -10.18138119,                 0,       1.801056759,     -0.1663494032,     0.08749650399
       1341,             13.41,      -8.906596159,      -9.644072695,      -10.18371957,                 0,       1.800077367,     -0.2410662381,     0.08764148204
       1342,             13.42,      -8.908964981,      -9.644177278,      -10.18873525,                 0,       1.800613848,     -0.3138496516,     0.08780502815
       1343,             13.43,      -8.914315536,      -9.647479135,      -10.19701028,                 0,       1.802808017,      -0.383982607,     0.08798110609
       1344,             13.44,      -8.916266384,      -9.646685504,      -10.20478038,                 0,       1.806252089,     -0.4507366489,     0.08816332271
       1345,             13.45,       -8.91837614,      -9.646244787,       -10.2134844,                 0,       1.810814906,     -0.5134623564,     0.08834517927
       1346,             13.46,      -8.931709003,      -9.659024128,      -10.23057261,                 0,       1.817213752,     -0.5716241853,     0.08852035447
       1347,             13.47,      -8.941124163,      -9.663584889,      -10.24764301,                 0,       1.824672102,     -0.6245185312,     0.08868273994
       1348,             13.48,      -8.952874281,      -9.669692224,      -10.26645454,                 0,       1.832744996,     -0.6716471001,     0.08882669888
       1349,             13.49,      -8.965137712,      -9.676797431,      -10.28594517,                 0,       1.841141807,     -0.7125462546,     0.08894726108
       1350,              13.5,      -8.976350954,       -9.68327202,       -10.3047151,                 0,       1.849564886,     -0.7468442385,     0.08904036624
       1351,             13.51,      -8.986478678,      -9.689139858,      -10.32224333,                 0,       1.857723052,     -0.7742488538,     0.08910293562
       1352,             13.52,       -8.99517432,       -9.69441873,      -10.33709192,                 0,       1.865339439,     -0.7945337307,     0.08913290987
       1353,             13.53,      -9.001877364,      -9.698932522,      -10.34738812,                 0,       1.872163782,     -0.8075667662,     0.08912933917
       1354,             13.54,       -9.00625716,      -9.702524054,      -10.35153786,                 0,       1.877968607,     -0.8132909328,     0.08909241124
       1355,             13.55,      -9.008168529,      -9.705087522,      -10.34880719,                 0,       1.882575777,     -0.8117334262,     0.08902340013
       1356,             13.56,       -9.00760693,      -9.706516303,      -10.33997063,                 0,       1.885842141,     -0.8029807256,     0.08892465092
       1357,             13.57,      -9.004953413,      -9.706969792,      -10.32716227,                 0,       1.887671971,      -0.787192015,     0.08879955206
       1358,             13.58,      -9.000489012,      -9.706379851,      -10.31204838,                 0,       1.888010765,     -0.7645787944,     0.08865243742
       1359,             13.59,      -8.994639827,        -9.7048131,      -10.29557288,                 0,       1.886853797,     -0.7353999973,      0.0884885593
       1360,              13.6,      -8.987805141,      -9.702323594,      -10.27849724,                 0,       1.884245532,     -0.6999560536,      0.0883138507
       1361,             13.61,      -8.980321808,      -9.699027835,      -10.26151186,                 0,       1.880275772,     -0.6585740784,     0.08813460518
       1362,             13.62,      -8.972257402,      -9.694977701,      -10.24520594,                 0,       1.875084434,     -0.6116196861,     0.08795718943
       1363,             13.63,      -8.963838028,      -9.690367697,      -10.22992378,                 0,       1.868845277,      -0.559486374,     0.08778782993
       1364,             13.64,      -8.955136772,      -9.685275063,      -10.21561978,                 0,       1.861758608,     -0.5025879512,     0.08763240927
       1365,             13.65,      -8.946456657,      -9.679967931,       -10.2025068,                 0,       1.854052885,     -0.4413715023,     0.08749623532
       1366,             13.66,      -8.937883073,      -9.674527076,      -10.19064797,                 0,       1.845977877,     -0.3763090811,     0.08738385535
       1367,             13.67,      -8.929513924,      -9.669016123,       -10.1802053,                 0,        1.83780174,     -0.3079034939,     0.08729895465
       1368,             13.68,      -8.921524575,      -9.663585395,      -10.17125576,                 0,       1.829798108,     -0.2366864834,     0.08724475213
       1369,             13.69,      -8.913874811,      -9.658211163,      -10.16372139,                 0,       1.822238296,      -0.163216493,     0.08722350682
       1370,              13.7,      -8.906602889,      -9.652943454,      -10.15754205,                 0,       1.815381541,    -0.08808752186,     0.08723594862
       1371,             13.71,      -8.900028931,      -9.648133224,      -10.15278613,                 0,       1.809492865,     -0.0119289015,     0.08728363355
       1372,             13.72,      -8.893685591,      -9.643160574,      -10.14931296,                 0,       1.804743101,     0.06460282148,     0.08736491724
       1373,             13.73,      -8.893117455,       -9.64745552,      -10.14976864,                 0,       1.801584753,      0.1408433897,     0.08747649112
       1374,             13.74,      -8.893817293,      -9.648260836,      -10.15237631,                 0,       1.800152942,      0.2160756307,     0.08761391197
       1375,             13.75,      -8.892075005,      -9.645348029,      -10.15502414,                 0,       1.800060706,       0.289571554,     0.08777182191
       1376,             13.76,      -8.897462959,      -9.649745652,      -10.16169447,                 0,       1.801823798,      0.3606926689,     0.08794434253
       1377,             13.77,      -8.898241912,      -9.648515809,      -10.16726205,                 0,       1.804836011,      0.4286388675,     0.08812516795
       1378,             13.78,      -8.899816921,      -9.648179528,      -10.17378481,                 0,       1.809035694,      0.4927903059,      0.0883078017
       1379,             13.79,      -8.906615718,       -9.65164118,      -10.18400239,                 0,       1.814761384,      0.5525379924,      0.0884858241
       1380,              13.8,      -8.917685948,       -9.65934259,      -10.19782912,                 0,       1.821976276,      0.6072818663,     0.08865305637
       1381,             13.81,       -8.92610116,      -9.662609421,      -10.21106413,                 0,        1.82985124,      0.6563917635,      0.0888036788
       1382,             13.82,      -8.937114448,      -9.668590094,      -10.22541787,                 0,       1.838174643,       0.699423271,     0.08893248118
       1383,             13.83,      -8.947501507,       -9.67414279,      -10.23935542,                 0,       1.846625698,      0.7359670676,     0.08903506967
       1384,             13.84,      -8.957063336,      -9.678941005,      -10.25254453,                 0,       1.854909918,      0.7657119419,     0.08910802896
       1385,             13.85,      -8.965726384,      -9.683121549,      -10.26451905,                 0,       1.862744487,      0.7884067238,     0.08914894845
       1386,             13.86,       -8.97321201,      -9.686726432,      -10.27478578,                 0,       1.869871254,       0.803890269,     0.08915650193
       1387,             13.87,       -8.97918258,       -9.68959641,      -10.28285321,                 0,       1.876053338,      0.8120792805,     0.08913049923
       1388,             13.88,      -8.983516979,      -9.691718193,      -10.28815474,                 0,       1.881096543,       0.812977518,     0.08907185987
       1389,             13.89,      -8.986067822,      -9.693039121,      -10.28998755,                 0,       1.884840793,      0.8066498355,     0.08898256795
       1390,              13.9,      -8.986825616,      -9.693641792,       -10.2880941,                 0,       1.887174558,      0.7932277131,     0.08886566031
       1391,             13.91,      -8.985925978,      -9.693494642,      -10.28314124,                 0,       1.888025434,      0.7729046501,     0.08872517225
       1392,             13.92,      -8.983608353,      -9.692639563,      -10.27663922,                 0,       1.887371229,      0.7459207611,     0.08856605707
       1393,             13.93,      -8.980157297,      -9.691208539,      -10.26983464,                 0,       1.885240861,      0.7125660555,      0.0883940516
       1394,             13.94,      -8.975902955,      -9.689345924,      -10.26300906,                 0,       1.881714281,      0.6731585139,     0.08821536577
       1395,             13.95,      -8.970980303,      -9.687013781,      -10.25564931,                 0,       1.876913928,      0.6280493693,     0.08803636825
       1396,             13.96,      -8.965365507,      -9.684069716,      -10.24736563,                 0,       1.871005499,      0.5776289701,     0.08786335932
       1397,             13.97,      -8.958984981,      -9.680373871,      -10.23831849,                 0,       1.864177684,      0.5223020885,     0.08770236386
       1398,             13.98,      -8.952186782,      -9.676245628,      -10.22923143,                 0,       1.856651273,      0.4625051318,     0.08755891735
       1399,             13.99,      -8.945226539,      -9.671835643,       -10.2205491,                 0,       1.848667772,      0.3986996835,     0.08743783157
       1400,                14,      -8.938254848,      -9.667279591,      -10.21245832,                 0,       1.840492817,      0.3313776265,     0.08734309495
       1401,             14.01,      -8.931392206,      -9.662625391,      -10.20502223,                 0,       1.832398251,      0.2610627611,     0.08727795042
       1402,             14.02,      -8.924710728,      -9.657930687,      -10.19821824,                 0,       1.824660445,      0.1883027657,     0.08724524554
       1403,             14.03,      -8.918245523,      -9.653188871,      -10.19191211,                 0,       1.817540871,      0.1136779889,     0.08724612109
       1404,             14.04,      -8.912252508,      -9.648717966,      -10.18625801,                 0,       1.811305051,     0.03780733809,     0.08728191158
       1405,             14.05,      -8.906580981,      -9.644079321,      -10.18144489,                 0,       1.806156344,    -0.03866261277,      0.0873520009
       1406,             14.06,      -8.902723537,      -9.641100754,      -10.17840498,                 0,       1.802303067,     -0.1150619807,     0.08745359636
       1407,             14.07,      -8.908019542,      -9.646823363,      -10.18264746,                 0,       1.800435675,     -0.1907208272,     0.08758267068
       1408,             14.08,      -8.906001069,      -9.642804753,      -10.18456599,                 0,       1.799892494,     -0.2648598546,     0.08773410993
       1409,             14.09,      -8.911175127,      -9.645746804,       -10.1915784,                 0,       1.801023812,       -0.33686382,     0.08790217894
       1410,              14.1,      -8.914760534,      -9.646972916,      -10.19936108,                 0,       1.803633515,      -0.405958009,     0.08808069238
       1411,             14.11,      -8.917094647,      -9.646585471,      -10.20761774,                 0,       1.807456786,     -0.4714726101,     0.08826318962
       1412,             14.12,      -8.920025791,      -9.648964021,      -10.21732499,                 0,       1.812482647,      -0.532756915,     0.08844319788
       1413,             14.13,      -8.935643516,      -9.661849502,      -10.23671498,                 0,       1.819384832,     -0.5892928076,     0.08861447427
       1414,             14.14,      -8.943507677,      -9.664307645,       -10.2531944,                 0,       1.827068553,     -0.6403561733,     0.08877102342
       1415,             14.15,      -8.956206166,       -9.67140916,      -10.27229476,                 0,       1.835278186,     -0.6855092839,     0.08890741089
       1416,             14.16,       -8.96821304,      -9.678433678,      -10.29133085,                 0,       1.843715051,     -0.7242999989,     0.08901892967
       1417,             14.17,      -8.979134546,      -9.684722789,      -10.30960621,                 0,       1.852082696,     -0.7563899225,     0.08910183892
       1418,             14.18,      -8.988973673,      -9.690479741,      -10.32651109,                 0,       1.860093053,      -0.781506234,      0.0891533921
       1419,             14.19,      -8.997170924,      -9.695611234,      -10.34037391,                 0,       1.867478556,      -0.799452124,     0.08917189077
       1420,              14.2,      -9.003232022,      -9.699909492,      -10.34920972,                 0,       1.873993249,      -0.810120719,     0.08915676662
       1421,             14.21,      -9.006955296,      -9.703281106,      -10.35150104,                 0,       1.879426059,     -0.8134833227,     0.08910858395
       1422,             14.22,      -9.008191168,      -9.705553364,      -10.34672633,                 0,       1.883610373,     -0.8095873339,     0.08902896775
       1423,             14.23,      -9.007023975,      -9.706716489,      -10.33637758,                 0,       1.886420226,     -0.7985400719,     0.08892060375
       1424,             14.24,      -9.003795767,      -9.706855297,      -10.32271235,                 0,       1.887773063,     -0.7805219743,     0.08878721169
       1425,             14.25,      -8.998837587,      -9.705947145,      -10.30718735,                 0,       1.887629566,     -0.7557593076,     0.08863342985
       1426,             14.26,      -8.992647411,      -9.704130156,      -10.29048386,                 0,       1.885996475,     -0.7245265544,     0.08846477537
       1427,             14.27,        -8.9855874,        -9.7014008,      -10.27332227,                 0,       1.882935406,     -0.6871333133,     0.08828734515
       1428,             14.28,      -8.977940665,      -9.697875684,      -10.25644642,                 0,       1.878550846,     -0.6439158312,     0.08810749205
       1429,             14.29,      -8.969769335,      -9.693631763,      -10.24048073,                 0,       1.873000806,     -0.5952529159,     0.08793156426
       1430,              14.3,      -8.961262253,       -9.68886632,      -10.22557084,                 0,        1.86646695,     -0.5415426841,      0.0877656984
       1431,             14.31,      -8.952548913,      -9.683710267,      -10.21166304,                 0,       1.859159329,     -0.4832096726,      0.0876156187
       1432,             14.32,      -8.943878591,      -9.678347262,      -10.19893161,                 0,       1.851308803,     -0.4207087172,     0.08748639063
       1433,             14.33,      -8.935326366,      -9.672869632,      -10.18747514,                 0,       1.843173587,     -0.3545219584,     0.08738229009
       1434,             14.34,      -8.927025853,      -9.667342714,      -10.17747251,                 0,       1.835023652,     -0.2851621198,     0.08730669553
       1435,             14.35,       -8.91912682,      -9.661918257,      -10.16898132,                 0,       1.827135689,     -0.2131684541,     0.08726281559
       1436,             14.36,      -8.911612512,      -9.656590095,      -10.16193277,                 0,       1.819776356,     -0.1391097052,     0.08725230726
       1437,             14.37,      -8.904496464,      -9.651403788,      -10.15621068,                 0,       1.813208599,    -0.06359201804,     0.08727619141
       1438,             14.38,      -8.898057934,      -9.646610533,      -10.15194253,                 0,       1.807670458,     0.01274584049,     0.08733493861
       1439,             14.39,      -8.891882957,      -9.641708047,      -10.14894153,                 0,       1.803327544,     0.08924073046,     0.08742632371
       1440,              14.4,      -8.894414184,      -9.649037556,      -10.15123383,                 0,       1.800829921,      0.1652317487,     0.08754667679
       1441,             14.41,      -8.893069065,      -9.647040441,      -10.15342627,                 0,       1.799815842,      0.2399553873,     0.08769121189
       1442,             14.42,      -8.894044263,      -9.646707716,      -10.15749442,                 0,       1.800325485,      0.3127535245,     0.08785436871
       1443,             14.43,      -8.898036762,      -9.649643583,      -10.16377361,                 0,       1.802506035,       0.382912705,      0.0880301076
       1444,             14.44,      -8.899031262,      -9.648643895,      -10.16950807,                 0,       1.805915149,      0.4496976617,     0.08821203349
       1445,             14.45,      -8.900202092,      -9.647951107,       -10.1760791,                 0,       1.810454632,      0.5124642055,     0.08839364059
       1446,             14.46,      -8.911472397,      -9.655820948,      -10.18896883,                 0,       1.816853171,       0.570684509,     0.08856859325
       1447,             14.47,      -8.919454708,      -9.659432461,       -10.2017646,                 0,       1.824285032,      0.6236457279,     0.08873078668
       1448,             14.48,      -8.929437346,      -9.664277571,      -10.21554791,                 0,       1.832341853,      0.6708418276,     0.08887457868
       1449,             14.49,      -8.940337843,      -9.670260146,      -10.22965201,                 0,        1.84073747,      0.7118134665,     0.08899499003
       1450,              14.5,      -8.950501924,       -9.67556696,      -10.24325281,                 0,       1.849165526,      0.7461913766,     0.08908794933
       1451,             14.51,      -8.959866465,      -9.680216597,      -10.25601597,                 0,       1.857333353,      0.7736849352,       0.089150367
       1452,             14.52,       -8.96823726,      -9.684270424,      -10.26741507,                 0,       1.864965358,      0.7940674729,     0.08918017432
       1453,             14.53,      -8.975313082,      -9.687695654,      -10.27716014,                 0,       1.871809709,      0.8072059952,     0.08917641591
       1454,             14.54,      -8.980899154,       -9.69042334,      -10.28490862,                 0,       1.877642659,       0.813043514,     0.08913927531
       1455,             14.55,      -8.984825516,      -9.692408304,      -10.28976426,                 0,       1.882280884,      0.8116072293,     0.08907002067
       1456,             14.56,      -8.986852277,      -9.693556969,      -10.29064925,                 0,       1.885582169,       0.802980763,      0.0889709869
       1457,             14.57,      -8.987064848,      -9.693932389,      -10.28739041,                 0,       1.887447394,      0.7873188852,      0.0888455504
       1458,             14.58,      -8.985633599,      -9.693511116,      -10.28134372,                 0,       1.887816864,       0.764829021,     0.08869803576
       1459,             14.59,       -8.98286204,      -9.692409769,      -10.27443329,                 0,       1.886682614,      0.7357689141,     0.08853369193
       1460,              14.6,      -8.979101665,      -9.690825534,      -10.26782173,                 0,       1.884091799,      0.7004389799,     0.08835845579
       1461,             14.61,      -8.974684045,      -9.688884945,      -10.26119693,                 0,       1.880138063,      0.6591655446,     0.08817862672
       1462,             14.62,      -8.969586303,      -9.686428038,       -10.2537443,                 0,        1.87496343,      0.6123150734,     0.08800057558
       1463,             14.63,      -8.963743403,      -9.683264281,      -10.24513898,                 0,         1.8687414,      0.5602825553,      0.0878305336
       1464,             14.64,      -8.957121471,      -9.679343926,      -10.23587292,                 0,       1.861668752,      0.5034811051,     0.08767439081
       1465,             14.65,      -8.950187705,      -9.675057947,      -10.22676748,                 0,       1.853971676,      0.4423560244,      0.0875374653
       1466,             14.66,        -8.9431553,      -9.670556696,      -10.21815614,                 0,       1.845899401,      0.3773783456,     0.08742431534
       1467,             14.67,      -8.936153525,      -9.665918543,      -10.21021816,                 0,       1.837721656,      0.3090502225,     0.08733863731
       1468,             14.68,      -8.929336863,      -9.661245808,      -10.20300797,                 0,       1.829713446,       0.237902958,     0.08728365258
       1469,             14.69,      -8.922677699,      -9.656501658,      -10.19637675,                 0,        1.82214785,      0.1644931073,     0.08726163398
       1470,              14.7,      -8.916279326,       -9.65173261,      -10.19022457,                 0,       1.815283111,     0.08941383805,     0.08727330112
       1471,             14.71,      -8.910516442,      -9.647390508,      -10.18487759,                 0,       1.809384252,     0.01329372907,     0.08732024364
       1472,             14.72,      -8.904843368,      -9.642605622,      -10.18026497,                 0,       1.804622026,    -0.06321232092,     0.08740083147
       1473,             14.73,      -8.905533406,      -9.644309907,      -10.18036262,                 0,       1.801423811,     -0.1394353223,     0.08751176305
       1474,             14.74,       -8.90742509,      -9.645580871,        -10.183275,                 0,       1.799974883,     -0.2146670939,     0.08764860483
       1475,             14.75,      -8.906430995,      -9.642609765,      -10.18587321,                 0,       1.799871673,      -0.288179698,     0.08780599545
       1476,             14.76,      -8.913305935,      -9.647391188,      -10.19435055,                 0,       1.801584792,     -0.3593286065,     0.08797805868
       1477,             14.77,      -8.915158058,      -9.646470237,      -10.20161746,                 0,        1.80459486,     -0.4273247781,     0.08815848394
       1478,             14.78,      -8.917881812,      -9.646490159,      -10.21035944,                 0,       1.808777865,     -0.4915393042,     0.08834077326
       1479,             14.79,      -8.925487666,      -9.653652386,      -10.22354691,                 0,       1.814456298,     -0.5513581859,     0.08851850706
       1480,              14.8,      -8.937489739,      -9.662146647,       -10.2416585,                 0,       1.821633534,     -0.6061856534,     0.08868550187
       1481,             14.81,      -8.946924012,      -9.666169104,      -10.25891328,                 0,        1.82951553,     -0.6553992502,      0.0888359272
       1482,             14.82,      -8.959469705,      -9.673298674,      -10.27776725,                 0,       1.837828352,     -0.6985464963,     0.08896456763
       1483,             14.83,       -8.97122047,      -9.680121131,      -10.29628706,                 0,       1.846273628,     -0.7352163167,     0.08906701893
       1484,             14.84,      -8.981893003,      -9.686289381,      -10.31408859,                 0,       1.854556606,     -0.7650931599,     0.08913985409
       1485,             14.85,      -8.991310195,      -9.691890532,      -10.33026738,                 0,       1.862393269,      -0.787923781,     0.08918065108
       1486,             14.86,      -8.998962651,      -9.696844657,      -10.34294045,                 0,       1.869525356,     -0.8035450257,     0.08918807327
       1487,             14.87,      -9.004423797,       -9.70093844,      -10.35008428,                 0,       1.875711961,     -0.8118713868,     0.08916192302
       1488,             14.88,      -9.007455846,      -9.704042313,      -10.35031759,                 0,       1.880761124,     -0.8129030237,     0.08910311558
       1489,             14.89,      -9.007965686,      -9.705977305,      -10.34366621,                 0,       1.884516202,     -0.8067038339,     0.08901363082
       1490,              14.9,      -9.006170026,       -9.70683775,      -10.33213731,                 0,        1.88686779,     -0.7934062117,      0.0888964982
       1491,             14.91,      -9.002395356,      -9.706659773,      -10.31785273,                 0,       1.887745241,     -0.7732066762,      0.0887557445
       1492,             14.92,      -8.996992229,      -9.705445376,      -10.30198221,                 0,        1.88712412,     -0.7463464549,     0.08859631366
       1493,             14.93,      -8.990472088,      -9.703328595,      -10.28509553,                 0,       1.885026934,     -0.7131136381,     0.08842393927
       1494,             14.94,      -8.983213302,      -9.700348201,      -10.26795021,                 0,       1.881529296,     -0.6738262162,     0.08824483403
       1495,             14.95,      -8.975383162,      -9.696570654,      -10.25130912,                 0,        1.87675384,     -0.6288330907,     0.08806537178
       1496,             14.96,      -8.967103093,      -9.692144653,      -10.23573993,                 0,        1.87086999,     -0.5785215726,     0.08789185593
       1497,             14.97,      -8.958488956,      -9.687212297,      -10.22119867,                 0,       1.864067269,      -0.523294703,     0.08773031432
       1498,             14.98,      -8.949764725,      -9.681979148,      -10.20768988,                 0,       1.856564053,     -0.4635894626,     0.08758628832
       1499,             14.99,      -8.941104942,      -9.676560846,      -10.19534945,                 0,       1.848597131,     -0.3998682048,     0.08746459797
       1500,                15,      -8.932571039,       -9.67102497,      -10.18432171,                 0,       1.840430183,     -0.3326220035,     0.08736924146
       1501,             15.01,      -8.924378705,      -9.665515931,      -10.17480215,                 0,        1.83233597,     -0.2623732483,     0.08730346218
       1502,             15.02,      -8.916565569,      -9.660087737,      -10.16678055,                 0,       1.824590801,     -0.1896694759,     0.08727012671
       1503,             15.03,      -8.909157266,        -9.6547854,      -10.16018004,                 0,       1.817457446,     -0.1150907995,     0.08727039091
       1504,             15.04,      -8.902287168,      -9.649763149,      -10.15495348,                 0,       1.811201238,    -0.03925449935,     0.08730557551
       1505,             15.05,      -8.895865191,      -9.644861486,      -10.15107284,                 0,       1.806027704,       0.037192613,     0.08737510396
       1506,             15.06,      -8.890750638,       -9.64418366,      -10.14890866,                 0,       1.802139259,      0.1135821725,      0.0874762024
       1507,             15.07,      -8.894736479,      -9.649589482,      -10.15234231,                 0,       1.800254553,      0.1892509218,      0.0876048519
       1508,             15.08,      -8.891951065,      -9.645581681,      -10.15434049,                 0,       1.799662208,      0.2634031941,     0.08775595394
       1509,             15.09,      -8.895427881,      -9.647888637,      -10.15974109,                 0,       1.800772118,      0.3354368243,     0.08792377531
       1510,              15.1,      -8.897918597,      -9.648930755,      -10.16555193,                 0,       1.803349598,      0.4045715467,     0.08810213684
       1511,             15.11,      -8.899275032,       -9.64832373,      -10.17157686,                 0,       1.807138556,      0.4701370861,     0.08828457923
       1512,             15.12,      -8.901153959,      -9.646824814,      -10.17884634,                 0,       1.812108215,      0.5314828738,     0.08846462148
       1513,             15.13,      -8.914293112,      -9.657862488,      -10.19328638,                 0,       1.819045292,      0.5881121503,     0.08863601411
       1514,             15.14,      -8.920410064,      -9.659017756,      -10.20543718,                 0,       1.826680771,      0.6392651713,     0.08879276345
       1515,             15.15,       -8.93165614,      -9.665116805,      -10.21950302,                 0,       1.834883638,      0.6845165119,     0.08892942354
       1516,             15.16,       -8.94254661,      -9.671110332,      -10.23336576,                 0,       1.843320296,      0.7234112417,     0.08904127218
       1517,             15.17,      -8.952470773,      -9.676208842,      -10.24665271,                 0,       1.851696128,      0.7556162305,      0.0891245522
       1518,             15.18,      -8.961596011,      -9.680721119,      -10.25894932,                 0,       1.859721444,      0.7808580011,     0.08917649917
       1519,             15.19,      -8.969681788,      -9.684682978,      -10.26975667,                 0,       1.867128145,      0.7989378985,     0.08919539697
       1520,              15.2,      -8.976415966,      -9.687985231,      -10.27905909,                 0,       1.873670318,      0.8097484455,     0.08918066299
       1521,             15.21,      -8.981649841,      -9.690606367,      -10.28654357,                 0,       1.879138899,        0.81326101,     0.08913284817
       1522,             15.22,      -8.985162202,      -9.692460227,       -10.2908867,                 0,       1.883362495,      0.8095220208,     0.08905356146
       1523,             15.23,      -8.986728609,       -9.69348428,      -10.29066194,                 0,       1.886216397,      0.7986347541,     0.08894546758
       1524,             15.24,      -8.986419404,      -9.693624049,      -10.28595546,                 0,       1.887612518,      0.7807748674,     0.08881226327
       1525,             15.25,      -8.984528037,       -9.69294754,      -10.27896077,                 0,       1.887505376,      0.7561646075,     0.08865856752
       1526,             15.26,      -8.981393861,      -9.691649488,      -10.27192285,                 0,       1.885900263,      0.7250784563,     0.08848989058
       1527,             15.27,      -8.977435406,      -9.689983879,      -10.26566243,                 0,       1.882862108,      0.6878248617,     0.08831233061
       1528,             15.28,      -8.972926706,      -9.688002453,      -10.25924568,                 0,       1.878500244,      0.6447393259,     0.08813224236
       1529,             15.29,      -8.967726278,      -9.685446899,      -10.25163776,                 0,       1.872973557,      0.5962022372,      0.0879559754
       1530,              15.3,      -8.961655758,      -9.682050037,      -10.24269882,                 0,       1.866462303,      0.5426130811,     0.08778967105
       1531,             15.31,      -8.954899772,      -9.677991061,      -10.23329769,                 0,       1.859171535,      0.4843948836,     0.08763906378
       1532,             15.32,      -8.947883912,      -9.673586062,      -10.22420683,                 0,       1.851330364,      0.4219998661,     0.08750923407
       1533,             15.33,      -8.940843389,      -9.669036035,      -10.21572122,                 0,       1.843197076,      0.3559095196,     0.08740447373
       1534,             15.34,       -8.93386664,      -9.664357208,      -10.20796411,                 0,        1.83504402,      0.2866364231,     0.08732817843
       1535,             15.35,      -8.927125703,       -9.65968957,      -10.20098582,                 0,       1.827150008,       0.214718911,     0.08728355745
       1536,             15.36,      -8.920563862,      -9.654954435,      -10.19454247,                 0,       1.819782181,      0.1407230391,     0.08727229688
       1537,             15.37,       -8.91431288,      -9.650331663,      -10.18858758,                 0,       1.813202264,     0.06525481944,     0.08729540387
       1538,             15.38,       -8.90864581,       -9.64585398,      -10.18349191,                 0,       1.807649039,    -0.01104813189,     0.08735340366
       1539,             15.39,      -8.903126246,      -9.641096542,      -10.17916379,                 0,       1.803287495,    -0.08752406459,       0.087444098
       1540,              15.4,      -8.906777336,      -9.645677976,      -10.18159681,                 0,       1.800737036,     -0.1635053869,     0.08756383556
       1541,             15.41,       -8.90620475,      -9.643839137,      -10.18384371,                 0,       1.799710507,     -0.2382453427,     0.08770784317
       1542,             15.42,      -8.908232307,      -9.643564581,      -10.18847644,                 0,       1.800179648,     -0.3110745236,     0.08787056602
       1543,             15.43,      -8.913486851,      -9.646819889,      -10.19655992,                 0,       1.802324961,     -0.3812849245,     0.08804597116
       1544,             15.44,      -8.915622456,      -9.646162133,      -10.20424862,                 0,       1.805723029,     -0.4481406837,       0.088227663
       1545,             15.45,      -8.918142607,      -9.646047387,      -10.21317224,                 0,       1.810245093,     -0.5109956456,     0.08840913586
       1546,             15.46,        -8.9291936,        -9.6571315,      -10.22952714,                 0,       1.816564846,      -0.569309661,     0.08858405516
       1547,             15.47,      -8.937240961,      -9.661000327,      -10.24609592,                 0,       1.823990898,      -0.622389294,     0.08874630484
       1548,             15.48,        -8.9485682,      -9.666819396,      -10.26390251,                 0,       1.832042115,     -0.6697188265,     0.08889023309
       1549,             15.49,      -8.961125045,        -9.6741101,      -10.28239301,                 0,       1.840429114,      -0.710837032,      0.0890108512
       1550,              15.5,      -8.972641464,      -9.680781442,      -10.30040761,                 0,       1.848853539,     -0.7453716424,     0.08910407109
       1551,             15.51,      -8.983081215,      -9.686868423,      -10.31772083,                 0,       1.857024352,     -0.7730283592,     0.08916678487
       1552,             15.52,      -8.992164509,      -9.692416288,      -10.33318498,                 0,       1.864663763,     -0.7935774029,     0.08919690516
       1553,             15.53,      -8.999381347,      -9.697278462,      -10.34481636,                 0,       1.871519703,     -0.8068839804,     0.08919345832
       1554,             15.54,      -9.004375861,      -9.701267142,      -10.35041481,                 0,        1.87736222,     -0.8128878077,      0.0891566135
       1555,             15.55,      -9.006890785,      -9.704184426,      -10.34862063,                 0,       1.882013438,     -0.8116126814,      0.0890876276
       1556,             15.56,      -9.006823138,      -9.705846605,      -10.34016616,                 0,       1.885332149,     -0.8031412819,     0.08898882388
       1557,             15.57,      -9.004533541,      -9.706446546,      -10.32766993,                 0,        1.88722346,     -0.7876297461,     0.08886356299
       1558,             15.58,      -9.000321964,      -9.705999181,      -10.31302204,                 0,       1.887628847,     -0.7652887301,     0.08871615348
       1559,             15.59,      -8.994650855,      -9.704605756,      -10.29689918,                 0,       1.886536131,     -0.7363752003,     0.08855182885
       1560,              15.6,      -8.987974221,      -9.702290185,      -10.27984051,                 0,       1.883983891,     -0.7011881353,     0.08837651936
       1561,             15.61,      -8.980653599,      -9.699121752,       -10.2627326,                 0,       1.880062659,     -0.6600539689,     0.08819652548
       1562,             15.62,      -8.972747731,      -9.695152943,      -10.24642724,                 0,       1.874916422,     -0.6133358563,      0.0880182211
       1563,             15.63,      -8.964450339,      -9.690620589,       -10.2312861,                 0,       1.868722232,     -0.5614252904,     0.08784784045
       1564,             15.64,      -8.955818483,      -9.685602589,      -10.21709156,                 0,       1.861677308,     -0.5047346076,     0.08769127837
       1565,             15.65,       -8.94714194,      -9.680335848,      -10.20393766,                 0,       1.854003874,     -0.4437105369,     0.08755386334
       1566,             15.66,      -8.938512207,      -9.674886951,      -10.19192719,                 0,       1.845946809,     -0.3788240645,     0.08744016674
       1567,             15.67,      -8.930060049,       -9.66933725,      -10.18133037,                 0,       1.837774439,      -0.310576037,     0.08735389988
       1568,             15.68,      -8.922010478,      -9.663872856,      -10.17229748,                 0,       1.829762788,     -0.2394966424,     0.08729828439
       1569,             15.69,      -8.914332347,      -9.658485083,      -10.16475183,                 0,       1.822185398,     -0.1661426185,     0.08727562375
       1570,              15.7,      -8.907053343,         -9.653231,      -10.15860213,                 0,       1.815301874,     -0.0911058976,     0.08728663376
       1571,             15.71,      -8.900442155,       -9.64837921,      -10.15383967,                 0,       1.809376815,    -0.01501418417,     0.08733293654
       1572,             15.72,      -8.894066119,      -9.643399793,      -10.15034793,                 0,       1.804583662,     0.06147751323,     0.08741294295
       1573,             15.73,      -8.893034253,      -9.647227644,      -10.15050417,                 0,       1.801346972,      0.1377045451,     0.08752337278
       1574,             15.74,      -8.893383605,      -9.647986102,      -10.15306828,                 0,       1.799865913,      0.2129565871,      0.0876598101
       1575,             15.75,      -8.891762355,      -9.645152559,      -10.15566224,                 0,       1.799718116,        0.28649914,     0.08781691205
       1576,             15.76,      -8.896392716,      -9.648853821,       -10.1619147,                 0,        1.80140754,      0.3576969555,     0.08798880578
       1577,             15.77,      -8.897538445,      -9.648025868,      -10.16739307,                 0,       1.804369553,      0.4257523566,     0.08816919125
       1578,             15.78,       -8.89953225,      -9.648011165,      -10.17387696,                 0,          1.808521,      0.4900402129,     0.08835157013
       1579,             15.79,      -8.905493082,      -9.650584553,       -10.1836252,                 0,       1.814158199,      0.5499487225,     0.08852951227
       1580,              15.8,      -8.914653713,      -9.656936489,      -10.19704734,                 0,       1.821341157,       0.604891215,     0.08869683289
       1581,             15.81,      -8.922385483,      -9.659691836,       -10.2098431,                 0,       1.829188006,      0.6542199063,     0.08884769671
       1582,             15.82,       -8.93381721,      -9.665982032,      -10.22381442,                 0,       1.837495293,      0.6974905832,     0.08897687279
       1583,             15.83,      -8.944571155,      -9.671803476,      -10.23747748,                 0,       1.845943112,      0.7342918868,     0.08907993631
       1584,             15.84,      -8.954368192,      -9.676817892,      -10.25048031,                 0,       1.854237941,      0.7643117578,     0.08915343852
       1585,             15.85,      -8.963325242,      -9.681264137,      -10.26233739,                 0,       1.862094731,      0.7872953237,     0.08919493475
       1586,             15.86,      -8.971221482,       -9.68519147,      -10.27281192,                 0,       1.869253073,      0.8030770618,     0.08920306563
       1587,             15.87,      -8.977696199,      -9.688437075,      -10.28181008,                 0,       1.875474699,        0.81157096,     0.08917761332
       1588,             15.88,      -8.982583573,      -9.690965471,      -10.28867628,                 0,       1.880565481,      0.8127771614,     0.08911947394
       1589,             15.89,      -8.985640411,      -9.692663736,      -10.29187811,                 0,       1.884366788,      0.8067577187,     0.08903060309
       1590,              15.9,      -8.986725104,      -9.693512273,      -10.29024448,                 0,        1.88676745,      0.7936401297,     0.08891400251
       1591,             15.91,      -8.985976149,      -9.693458757,      -10.28446017,                 0,       1.887691105,      0.7736157844,     0.08877367292
       1592,             15.92,       -8.98370405,      -9.692593851,      -10.27703768,                 0,       1.887107833,      0.7469229869,     0.08861453775
       1593,             15.93,      -8.980300896,      -9.691176478,      -10.27010388,                 0,       1.885040838,      0.7138504949,     0.08844232236
       1594,             15.94,      -8.976192439,      -9.689454404,      -10.26393019,                 0,       1.881570095,      0.6747141689,     0.08826323854
       1595,             15.95,      -8.971536153,      -9.687372986,      -10.25732151,                 0,       1.876821244,      0.6298625802,     0.08808366061
       1596,             15.96,      -8.966140618,      -9.684631796,      -10.24932848,                 0,       1.870963395,       0.579685478,     0.08790989421
       1597,             15.97,      -8.959817297,      -9.680990697,      -10.24010443,                 0,        1.86418344,      0.5245866702,     0.08774797476
       1598,             15.98,      -8.952947052,      -9.676807374,      -10.23066919,                 0,       1.856695672,      0.4650006049,      0.0876034583
       1599,             15.99,      -8.945885316,      -9.672321762,      -10.22166819,                 0,       1.848735853,      0.4013873316,     0.08748118269
       1600,                16,      -8.938826704,      -9.667708133,      -10.21335227,                 0,       1.840568862,      0.3342375869,      0.0873851657
       1601,             16.01,      -8.931903358,      -9.663018689,      -10.20581057,                 0,       1.832469181,      0.2640737617,     0.08731865434
       1602,             16.02,      -8.925191567,      -9.658314008,      -10.19899671,                 0,       1.824715616,      0.1914417885,     0.08728454937
       1603,             16.03,      -8.918701622,      -9.653562194,      -10.19269701,                 0,       1.817570275,      0.1169195652,      0.0872840346
       1604,             16.04,      -8.912666422,      -9.649057493,      -10.18697657,                 0,       1.811297758,     0.04112425819,     0.08731841241
       1605,             16.05,      -8.906961466,        -9.6444045,       -10.1820574,                 0,       1.806104669,    -0.03529892333,     0.08738717181
       1606,             16.06,      -8.902106044,      -9.640262265,      -10.17831301,                 0,       1.802167634,     -0.1116809297,     0.08748756878
       1607,             16.07,      -8.907593447,      -9.646577875,      -10.18267227,                 0,       1.800247428,     -0.1873555887,      0.0876156159
       1608,             16.08,      -8.905498471,      -9.642506797,      -10.18461666,                 0,       1.799645728,     -0.2615402812,      0.0877662241
       1609,             16.09,      -8.910363461,      -9.645083549,      -10.19131438,                 0,       1.800698003,     -0.3336227753,     0.08793366984
       1610,              16.1,      -8.914064313,         -9.646494,      -10.19900453,                 0,       1.803251292,     -0.4028300312,     0.08811177909
       1611,             16.11,      -8.916715721,      -9.646341839,      -10.20721903,                 0,        1.80702254,     -0.4684872239,     0.08829409434
       1612,             16.12,      -8.919086616,      -9.648257983,      -10.21654452,                 0,       1.811956307,     -0.5299405974,     0.08847413374
       1613,             16.13,      -8.931632384,      -9.659303708,      -10.23533246,                 0,       1.818815312,     -0.5866851275,     0.08864564818
       1614,             16.14,      -8.938318077,      -9.660985798,      -10.25130056,                 0,        1.82646616,     -0.6379804733,     0.08880262578
       1615,             16.15,       -8.95159286,      -9.668499301,      -10.26973341,                 0,       1.834657191,     -0.6833869015,     0.08893961141
       1616,             16.16,      -8.964097528,      -9.675847794,      -10.28799576,                 0,        1.84308849,     -0.7224505226,     0.08905186809
       1617,             16.17,      -8.975306463,      -9.682315817,      -10.30561981,                 0,       1.851463387,     -0.7548326479,     0.08913561904
       1618,             16.18,      -8.985538629,      -9.688321552,      -10.32244702,                 0,       1.859494932,     -0.7802565667,     0.08918807773
       1619,             16.19,      -8.994295751,      -9.693804062,      -10.33719313,                 0,       1.866913988,     -0.7985201772,      0.0892075044
       1620,              16.2,      -9.001025737,      -9.698528922,      -10.34763961,                 0,       1.873471841,     -0.8095148056,     0.08919329357
       1621,             16.21,      -9.005441366,      -9.702334022,      -10.35137607,                 0,       1.878953658,     -0.8132075514,     0.08914597856
       1622,             16.22,      -9.007305757,      -9.704960314,      -10.34724192,                 0,       1.883193686,     -0.8096417203,     0.08906715464
       1623,             16.23,      -9.006626288,      -9.706335855,      -10.33698921,                 0,       1.886068287,     -0.7989201049,     0.08895947121
       1624,             16.24,       -9.00373518,      -9.706605119,      -10.32354964,                 0,        1.88749571,     -0.7812210099,     0.08882660518
       1625,             16.25,      -8.999002374,      -9.705843333,      -10.30847166,                 0,       1.887430582,     -0.7567691683,     0.08867315217
       1626,             16.26,      -8.992971435,      -9.704203305,      -10.29199013,                 0,       1.885870959,     -0.7258368314,     0.08850460741
       1627,             16.27,      -8.986053704,      -9.701626362,      -10.27468581,                 0,       1.882872902,     -0.6887324097,     0.08832706482
       1628,             16.28,      -8.978538915,       -9.69817779,      -10.25761476,                 0,       1.878542937,      -0.645790816,     0.08814688237
       1629,             16.29,      -8.970466953,      -9.693969574,      -10.24164861,                 0,       1.873044587,     -0.5973881502,     0.08797041309
       1630,              16.3,      -8.962014343,       -9.68923964,      -10.22685682,                 0,       1.866561159,     -0.5439205234,     0.08780380195
       1631,             16.31,      -8.953302114,      -9.684109242,      -10.21298021,                 0,       1.859297597,     -0.4858112306,     0.08765279052
       1632,             16.32,       -8.94456623,      -9.678732521,      -10.20012225,                 0,       1.851477862,     -0.4235149184,     0.08752247307
       1633,             16.33,      -8.935886753,      -9.673189514,      -10.18845727,                 0,       1.843356521,     -0.3575120474,     0.08741715798
       1634,             16.34,      -8.927451233,      -9.667580623,      -10.17828106,                 0,       1.835205187,     -0.2883133819,     0.08734025909
       1635,             16.35,      -8.919454411,      -9.662095054,      -10.16969882,                 0,       1.827303223,     -0.2164564895,     0.08729498585
       1636,             16.36,      -8.911867019,      -9.656722048,       -10.1626166,                 0,       1.819919197,     -0.1425081195,     0.08728306164
       1637,             16.37,      -8.904678318,        -9.6514856,      -10.15686487,                 0,       1.813315143,    -0.06707246627,     0.08730547433
       1638,             16.38,      -8.898212633,       -9.64669017,      -10.15256454,                 0,       1.807732369,    0.009213276645,     0.08736281745
       1639,             16.39,      -8.891953519,      -9.641742726,      -10.14949563,                 0,       1.803336081,     0.08568719659,     0.08745292929
       1640,              16.4,      -8.894089031,      -9.648684105,        -10.151481,                 0,        1.80074799,      0.1616870013,     0.08757217702
       1641,             16.41,      -8.892788565,      -9.646943975,      -10.15382399,                 0,       1.799676392,      0.2364588184,     0.08771581105
       1642,             16.42,      -8.893550876,      -9.646322914,      -10.15772595,                 0,       1.800100527,      0.3093340431,     0.08787829058
       1643,             16.43,      -8.897352644,      -9.649221923,      -10.16389046,                 0,       1.802222393,      0.3796091182,     0.08805359158
       1644,             16.44,       -8.89862684,      -9.648413359,       -10.1695735,                 0,        1.80557414,      0.4465396565,     0.08823532565
       1645,             16.45,      -8.900206884,      -9.648011585,      -10.17616556,                 0,       1.810064383,      0.5094855714,     0.08841698461
       1646,             16.46,      -8.909627061,      -9.654211288,      -10.18839677,                 0,       1.816365022,      0.5679085218,     0.08859221995
       1647,             16.47,      -8.916535446,      -9.657237434,      -10.20118289,                 0,       1.823766531,      0.6211132616,     0.08875491746
       1648,             16.48,      -8.926517048,      -9.662046442,      -10.21477338,                 0,       1.831797009,      0.6685727306,     0.08889941364
       1649,             16.49,      -8.937887859,      -9.668342527,      -10.22872426,                 0,       1.840180849,      0.7098294416,     0.08902070173
       1650,              16.5,      -8.948305891,      -9.673843755,      -10.24220688,                 0,       1.848612433,      0.7445111975,     0.08911467001
       1651,             16.51,      -8.957900178,      -9.678697014,      -10.25484263,                 0,       1.856798737,      0.7723246246,      0.0891781863
       1652,             16.52,       -8.96661387,      -9.683025236,      -10.26617149,                 0,       1.864461507,      0.7930386051,     0.08920913741
       1653,             16.53,      -8.974110578,      -9.686762346,      -10.27619822,                 0,       1.871346927,      0.8065162316,     0.08920652546
       1654,             16.54,      -8.980141828,      -9.689812044,      -10.28485835,                 0,       1.877229299,      0.8126965061,     0.08917049674
       1655,             16.55,      -8.984517231,      -9.692122823,         -10.29103,                 0,       1.881925603,      0.8116035924,     0.08910228495
       1656,             16.56,      -8.986911183,      -9.693540905,      -10.29280318,                 0,        1.88529423,      0.8033176666,      0.0890041859
       1657,             16.57,      -8.987331706,      -9.694070801,      -10.28935256,                 0,       1.887235793,      0.7879893697,     0.08887953084
       1658,             16.58,      -8.985953295,      -9.693664705,      -10.28235537,                 0,       1.887685135,      0.7658242981,       0.088732604
       1659,             16.59,      -8.983154318,       -9.69250555,      -10.27473567,                 0,       1.886627092,      0.7370782437,     0.08856862042
       1660,              16.6,      -8.979388655,      -9.690912055,      -10.26821409,                 0,       1.884104062,      0.7020497639,     0.08839350272
       1661,             16.61,      -8.975071437,        -9.6890848,      -10.26220738,                 0,       1.880210725,      0.6610632928,      0.0882135494
       1662,             16.62,      -8.970130351,      -9.686791048,      -10.25524952,                 0,       1.875091941,      0.6144828605,     0.08803513422
       1663,             16.63,      -8.964366451,      -9.683710821,      -10.24669195,                 0,       1.868923291,      0.5627029555,     0.08786449628
       1664,             16.64,      -8.957673987,      -9.679737429,      -10.23714601,                 0,       1.861897799,      0.5061353318,     0.08770754191
       1665,             16.65,      -8.950592671,      -9.675336914,      -10.22768517,                 0,       1.854235526,       0.445223534,     0.08756961767
       1666,             16.66,      -8.943405788,      -9.670716174,      -10.21877663,                 0,       1.846181468,      0.3804370096,       0.087455315
       1667,             16.67,      -8.936275704,      -9.665983848,      -10.21064484,                 0,       1.838006194,      0.3122766244,     0.08736836726
       1668,             16.68,      -8.929357653,      -9.661239073,      -10.20335101,                 0,       1.829987055,      0.2412724602,     0.08731199887
       1669,             16.69,      -8.922628983,      -9.656450555,      -10.19671565,                 0,       1.822399201,      0.1679790431,     0.08728855213
       1670,              16.7,      -8.916163957,      -9.651639651,      -10.19055822,                 0,       1.815501007,     0.09298715306,     0.08729877331
       1671,             16.71,       -8.91037018,      -9.647262516,      -10.18513496,                 0,       1.809557064,     0.01692402343,     0.08734426662
       1672,             16.72,      -8.904641996,      -9.642449276,      -10.18042875,                 0,        1.80474177,    -0.05955708649,     0.08742351067
       1673,             16.73,      -8.905153416,      -9.643855034,      -10.18011036,                 0,       1.801450934,     -0.1357860829,     0.08753325886
       1674,             16.74,       -8.90742317,      -9.645668385,       -10.1832959,                 0,        1.79994196,     -0.2110616027,     0.08766912438
       1675,             16.75,      -8.906570927,      -9.642781662,      -10.18602513,                 0,       1.799774531,     -0.2846506058,     0.08782577283
       1676,             16.76,      -8.912947305,      -9.647097411,      -10.19425953,                 0,       1.801402847,     -0.3559102999,     0.08799734172
       1677,             16.77,      -8.915188158,      -9.646586144,      -10.20159335,                 0,       1.804353778,     -0.4240542774,     0.08817753328
       1678,             16.78,      -8.918012457,      -9.646646617,      -10.21021621,                 0,       1.808483681,     -0.4884479996,     0.08835985077
       1679,             16.79,      -8.924550577,      -9.652940245,      -10.22280125,                 0,        1.81406484,     -0.5484717405,     0.08853786321
       1680,              16.8,      -8.935007644,      -9.660762226,       -10.2408883,                 0,       1.821201422,     -0.6035426564,     0.08870537975
       1681,             16.81,      -8.944168882,      -9.664562844,      -10.25807202,                 0,       1.829054174,     -0.6530231359,     0.08885654864
       1682,             16.82,       -8.95727045,      -9.672025766,      -10.27670251,                 0,       1.837352805,     -0.6964601067,     0.08898612755
       1683,             16.83,      -8.969345371,      -9.679022924,      -10.29486041,                 0,       1.845798001,     -0.7334388218,     0.08908967268
       1684,             16.84,      -8.980268545,      -9.685308729,      -10.31238512,                 0,       1.854095097,     -0.7636410538,      0.0891637141
       1685,             16.85,      -8.990058057,      -9.691099896,       -10.3287825,                 0,       1.861960151,     -0.7868095037,     0.08920578467
       1686,             16.86,      -8.998180725,      -9.696313757,      -10.34235341,                 0,       1.869132891,     -0.8027765191,     0.08921450053
       1687,             16.87,       -9.00410813,      -9.700683021,      -10.35068558,                 0,       1.875369764,     -0.8114538034,     0.08918962051
       1688,             16.88,      -9.007549425,      -9.704027564,      -10.35174109,                 0,       1.880475731,     -0.8128367336,     0.08913202235
       1689,             16.89,      -9.008411244,      -9.706149952,      -10.34525891,                 0,       1.884294593,     -0.8069855136,     0.08904364554
       1690,              16.9,       -9.00684559,      -9.707096761,      -10.33357975,                 0,       1.886717841,     -0.7940284633,     0.08892747473
       1691,             16.91,      -9.003177339,      -9.706952114,      -10.31931827,                 0,        1.88767389,     -0.7741606124,       0.088787493
       1692,             16.92,       -8.99778098,      -9.705772404,       -10.3036099,                 0,       1.887132731,     -0.7476210611,     0.08862860296
       1693,             16.93,      -8.991231252,      -9.703709753,      -10.28670204,                 0,       1.885109696,     -0.7146958103,     0.08845651606
       1694,             16.94,      -8.983920545,      -9.700739922,      -10.26929861,                 0,       1.881677123,     -0.6757015534,     0.08827744022
       1695,             16.95,      -8.976031256,      -9.696913444,      -10.25241257,                 0,       1.876958509,     -0.6309850416,     0.08809775357
       1696,             16.96,      -8.967657399,      -9.692407267,      -10.23675738,                 0,       1.871127052,     -0.5809318889,     0.08792376644
       1697,             16.97,       -8.95893203,      -9.687405479,       -10.2222073,                 0,        1.86437218,     -0.5259434895,        0.08776152
       1698,             16.98,      -8.950059677,      -9.682091322,       -10.2086149,                 0,       1.856907571,     -0.4664554926,     0.08761658085
       1699,             16.99,      -8.941213839,       -9.67656262,      -10.19610174,                 0,       1.848964642,     -0.4029296665,     0.08749380111
       1700,                17,      -8.932465189,      -9.670893701,      -10.18485882,                 0,       1.840805376,     -0.3358555361,     0.08739721602
       1701,             17.01,      -8.924064937,      -9.665248664,      -10.17516061,                 0,       1.832703988,     -0.2657536021,     0.08733007337
       1702,             17.02,      -8.916084574,      -9.659712429,      -10.16702446,                 0,       1.824939041,     -0.1931698732,     0.08729530974
       1703,             17.03,      -8.908535965,      -9.654321007,      -10.16034787,                 0,       1.817774303,     -0.1186824914,     0.08729413692
       1704,             17.04,      -8.901576107,      -9.649243552,      -10.15505258,                 0,       1.811474604,    -0.04290698887,     0.08732783557
       1705,             17.05,      -8.895098486,       -9.64432814,      -10.15110756,                 0,       1.806249734,     0.03351109146,     0.08739596226
       1706,             17.06,      -8.889189975,      -9.641121973,      -10.14833629,                 0,       1.802267377,      0.1099035029,     0.08749580737
       1707,             17.07,      -8.895023338,      -9.649852598,      -10.15233897,                 0,       1.800324031,      0.1856106444,     0.08762340188
       1708,             17.08,      -8.892420793,      -9.645967893,       -10.1545458,                 0,       1.799666713,        0.25983439,     0.08777368268
       1709,             17.09,      -8.895744913,      -9.648116884,       -10.1599076,                 0,       1.800689809,      0.3319754063,     0.08794093457
       1710,              17.1,      -8.898441974,      -9.649453857,      -10.16578459,                 0,       1.803208037,      0.4012546677,     0.08811899351
       1711,             17.11,      -8.899719164,      -9.648712211,      -10.17169969,                 0,       1.806940739,      0.4669957657,     0.08830140565
       1712,             17.12,      -8.900758877,      -9.647571973,      -10.17847028,                 0,       1.811827488,      0.5285455796,     0.08848168213
       1713,             17.13,      -8.913937438,      -9.657678147,      -10.19312354,                 0,       1.818703676,      0.5854099144,     0.08865356262
       1714,             17.14,       -8.92016194,      -9.658961728,      -10.20564053,                 0,         1.8263081,      0.6368281917,     0.08881103493
       1715,             17.15,      -8.931714405,      -9.665244854,      -10.21984888,                 0,       1.834491315,      0.6823681631,     0.08894862718
       1716,             17.16,      -8.942770744,      -9.671333842,      -10.23380548,                 0,       1.842923105,      0.7215712027,     0.08906158235
       1717,             17.17,       -8.95275661,      -9.676457133,      -10.24712058,                 0,       1.851309083,      0.7541006362,      0.0891461014
       1718,             17.18,      -8.961987147,      -9.681040984,      -10.25934282,                 0,       1.859358825,      0.7796799121,      0.0891993734
       1719,             17.19,      -8.970218373,      -9.685097781,       -10.2700089,                 0,       1.866802214,       0.798105106,     0.08921963276
       1720,              17.2,      -8.977078747,       -9.68847555,      -10.27938058,                 0,       1.873391508,      0.8092656639,     0.08920624996
       1721,             17.21,      -8.982433405,         -9.691167,      -10.28743776,                 0,        1.87891484,      0.8131286942,     0.08915973478
       1722,             17.22,      -8.986081039,      -9.693113821,      -10.29262726,                 0,       1.883200613,      0.8097378906,     0.08908165779
       1723,             17.23,      -8.987718057,      -9.694196624,      -10.29279862,                 0,        1.88612496,      0.7991928424,     0.08897464099
       1724,             17.24,      -8.987350628,       -9.69430306,      -10.28760436,                 0,       1.887598921,       0.781666083,     0.08884233398
       1725,             17.25,      -8.985289226,      -9.693485534,      -10.27971216,                 0,       1.887571051,      0.7573777373,     0.08868930857
       1726,             17.26,      -8.981938662,      -9.692006687,      -10.27217229,                 0,       1.886040353,      0.7266003735,     0.08852104798
       1727,             17.27,      -8.977807834,      -9.690225956,      -10.26606414,                 0,        1.88306832,      0.6896407146,     0.08834364201
       1728,             17.28,      -8.973222539,      -9.688222062,       -10.2600615,                 0,       1.878765077,      0.6468321129,     0.08816344698
       1729,             17.29,      -8.967969726,      -9.685657748,       -10.2526423,                 0,       1.873292255,      0.5985533457,     0.08798681709
       1730,              17.3,      -8.961769955,      -9.682167372,      -10.24355171,                 0,       1.866830435,      0.5452035076,     0.08781990475
       1731,             17.31,      -8.954790496,      -9.677925484,      -10.23383788,                 0,       1.859580382,      0.4872038472,     0.08766846564
       1732,             17.32,      -8.947534846,      -9.673324906,      -10.22444752,                 0,        1.85176621,      0.4250052686,     0.08753761344
       1733,             17.33,      -8.940277385,      -9.668598251,      -10.21572232,                 0,       1.843643736,      0.3590878079,     0.08743167678
       1734,             17.34,      -8.933116841,       -9.66377175,      -10.20781712,                 0,       1.835486932,      0.2899628266,     0.08735409177
       1735,             17.35,      -8.926227333,      -9.658985706,      -10.20078396,                 0,       1.827576352,      0.2181673006,     0.08730806945
       1736,             17.36,      -8.919543793,      -9.654155248,      -10.19434024,                 0,        1.82018054,      0.1442653409,     0.08729537274
       1737,             17.37,       -8.91320547,      -9.649449462,      -10.18835894,                 0,       1.813560132,     0.06886107945,     0.08731697239
       1738,             17.38,      -8.907543054,      -9.644985153,      -10.18323334,                 0,       1.807958002,   -0.007409051705,     0.08737353249
       1739,             17.39,      -8.901924678,      -9.640157093,      -10.17882403,                 0,       1.803538953,    -0.08388444397,     0.08746292709
       1740,              17.4,      -8.906679978,      -9.645479414,      -10.18123061,                 0,       1.800894766,     -0.1598949075,     0.08758154786
       1741,             17.41,      -8.907062406,      -9.644566809,      -10.18393363,                 0,       1.799806134,      -0.234703318,     0.08772466363
       1742,             17.42,      -8.908693679,      -9.643915598,      -10.18848177,                 0,       1.800188831,      -0.307632071,     0.08788674153
       1743,             17.43,      -8.914454983,      -9.647685185,      -10.19680345,                 0,       1.802272929,     -0.3779806151,     0.08806176676
       1744,             17.44,       -8.91637397,      -9.646810469,      -10.20437991,                 0,       1.805614002,     -0.4450046431,     0.08824335119
       1745,             17.45,      -8.918424862,      -9.646301346,      -10.21305837,                 0,       1.810086596,     -0.5080612504,     0.08842498655
       1746,             17.46,      -8.929942426,      -9.657568467,      -10.22923078,                 0,        1.81631223,     -0.5665954036,     0.08860032413
       1747,             17.47,      -8.938859974,      -9.662381705,      -10.24657958,                 0,       1.823703095,     -0.6199326673,     0.08876323681
       1748,             17.48,      -8.950215425,      -9.668099591,      -10.26477585,                 0,       1.831730588,     -0.6675430435,     0.08890804713
       1749,             17.49,      -8.962881076,      -9.675377472,      -10.28352286,                 0,       1.840108311,     -0.7089640781,     0.08902973554
       1750,              17.5,      -8.974447737,      -9.682010276,       -10.3015747,                 0,       1.848538018,     -0.7438169065,      0.0891241709
       1751,             17.51,      -8.984946639,      -9.688047678,      -10.31889833,                 0,       1.856728291,     -0.7718038984,       0.089188201
       1752,             17.52,      -8.994092857,      -9.693548999,      -10.33459943,                 0,       1.864400178,     -0.7926920371,     0.08921969121
       1753,             17.53,      -9.001335871,      -9.698370871,      -10.34666291,                 0,       1.871300172,     -0.8063428636,      0.0892176197
       1754,             17.54,      -9.006300686,       -9.70231395,      -10.35262425,                 0,       1.877195306,     -0.8126918674,     0.08918211034
       1755,             17.55,      -9.008734375,      -9.705176152,      -10.35086955,                 0,       1.881906023,     -0.8117594044,     0.08911437903
       1756,             17.56,      -9.008546289,      -9.706755055,      -10.34211781,                 0,       1.885290243,     -0.8036250027,     0.08901670791
       1757,             17.57,      -9.006089837,      -9.707238477,      -10.32929048,                 0,       1.887252787,      -0.788441458,     0.08889241427
       1758,             17.58,      -9.001650336,      -9.706653669,      -10.31449662,                 0,       1.887733253,     -0.7664178821,     0.08874576775
       1759,             17.59,      -8.995705712,      -9.705124347,      -10.29832115,                 0,       1.886715268,     -0.7378088974,     0.08858196441
       1760,              17.6,      -8.988746808,      -9.702680133,      -10.28108566,                 0,       1.884232284,     -0.7029114093,     0.08840691441
       1761,             17.61,      -8.981145961,      -9.699354511,      -10.26368952,                 0,       1.880372669,     -0.6620509595,     0.08822691423
       1762,             17.62,      -8.972960435,      -9.695195469,      -10.24713098,                 0,       1.875280103,     -0.6155885674,     0.08804834186
       1763,             17.63,      -8.964398398,      -9.690474646,      -10.23184764,                 0,       1.869133305,     -0.5639144954,      0.0878774426
       1764,             17.64,      -8.955513725,       -9.68528185,       -10.2175549,                 0,       1.862128261,     -0.5074396891,     0.08772012989
       1765,             17.65,      -8.946592995,      -9.679851463,      -10.20427256,                 0,       1.854484202,     -0.4466099982,     0.08758176253
       1766,             17.66,      -8.937720696,      -9.674237681,      -10.19209815,                 0,       1.846442612,     -0.3818952459,     0.08746694685
       1767,             17.67,      -8.929031492,      -9.668526787,        -10.181331,                 0,       1.838271328,     -0.3137946844,     0.08737943336
       1768,             17.68,      -8.920768636,      -9.662915353,      -10.17215353,                 0,       1.830247262,     -0.2428373057,     0.08732244727
       1769,             17.69,      -8.912914155,      -9.657405507,      -10.16449695,                 0,        1.82264544,     -0.1695784043,      0.0872983656
       1770,              17.7,      -8.905484751,      -9.652052714,      -10.15825493,                 0,       1.815726032,    -0.09460808051,     0.08730796151
       1771,             17.71,      -8.898836178,      -9.647188092,      -10.15341962,                 0,       1.809753665,    -0.01855279229,     0.08735281972
       1772,             17.72,      -8.892392166,      -9.642181025,      -10.14984373,                 0,       1.804906077,     0.05793375525,     0.08743148102
       1773,             17.73,      -8.892361288,      -9.646293304,      -10.14991902,                 0,       1.801576414,      0.1341853811,     0.08754072854
       1774,             17.74,      -8.894401046,      -9.648725118,      -10.15293838,                 0,       1.800037095,      0.2094983261,     0.08767619543
       1775,             17.75,      -8.892524286,      -9.645648257,      -10.15557984,                 0,       1.799825551,      0.2831326624,     0.08783256773
       1776,             17.76,      -8.897525541,      -9.649681097,      -10.16196777,                 0,       1.801431897,      0.3544555531,     0.08800398722
       1777,             17.77,      -8.898750377,      -9.649002296,      -10.16754128,                 0,       1.804339016,      0.4226715731,      0.0881841663
       1778,             17.78,      -8.900078731,       -9.64839074,      -10.17384773,                 0,       1.808439483,      0.4871493871,     0.08836660774
       1779,             17.79,      -8.905707062,      -9.650707598,      -10.18332388,                 0,       1.813980263,      0.5472691124,     0.08854486982
       1780,              17.8,      -8.916938635,      -9.658960329,      -10.19742478,                 0,       1.821128211,      0.6024565138,     0.08871275717
       1781,             17.81,       -8.92481308,      -9.661736858,      -10.21056297,                 0,       1.828946893,      0.6520521648,     0.08886441204
       1782,             17.82,      -8.936155304,      -9.667923186,      -10.22484735,                 0,       1.837242349,      0.6956135712,     0.08899457467
       1783,             17.83,      -8.946789434,      -9.673633289,      -10.23871054,                 0,       1.845691595,      0.7327213066,     0.08909877983
       1784,             17.84,      -8.956480139,      -9.678531221,      -10.25179455,                 0,       1.854001041,      0.7630595861,     0.08917353654
       1785,             17.85,      -8.965304059,       -9.68284155,      -10.26359481,                 0,        1.86188525,      0.7863707611,      0.0892163561
       1786,             17.86,      -8.973019927,      -9.686602493,      -10.27386336,                 0,       1.869082651,      0.8024849878,     0.08922583146
       1787,             17.87,      -8.979277093,      -9.689661153,      -10.28264955,                 0,       1.875352932,      0.8113130223,      0.0892016987
       1788,             17.88,      -8.983954298,      -9.692011892,      -10.28949114,                 0,        1.88049952,      0.8128509868,     0.08914481283
       1789,             17.89,      -8.986839229,      -9.693569794,        -10.292852,                 0,       1.884362531,      0.8071587056,     0.08905708719
       1790,              17.9,      -8.987738277,      -9.694282869,      -10.29127913,                 0,       1.886830217,       0.794360214,     0.08894148097
       1791,             17.91,       -8.98676774,      -9.694071161,      -10.28525218,                 0,       1.887824833,      0.7746448704,     0.08880195599
       1792,             17.92,      -8.984248904,      -9.693018676,      -10.27743796,                 0,       1.887312875,      0.7482485916,     0.08864339762
       1793,             17.93,      -8.980585371,      -9.691398415,      -10.27024503,                 0,       1.885313399,      0.7154583956,     0.08847150785
       1794,             17.94,      -8.976229778,      -9.689495252,      -10.26406267,                 0,       1.881904173,      0.6765886555,      0.0882924902
       1795,             17.95,      -8.971375481,       -9.68727304,      -10.25752949,                 0,       1.877209487,      0.6319857588,     0.08811272161
       1796,             17.96,      -8.965808778,      -9.684406533,      -10.24952874,                 0,       1.871398884,      0.5820387799,      0.0879385161
       1797,             17.97,      -8.959306027,      -9.680619922,      -10.24017663,                 0,       1.864658734,      0.5271510355,     0.08777592485
       1798,             17.98,      -8.952234966,      -9.676265486,      -10.23057626,                 0,       1.857200967,      0.4677551676,     0.08763053057
       1799,             17.99,      -8.944989106,      -9.671618371,      -10.22143547,                 0,       1.849258784,       0.404310092,     0.08750720323
       1800,                18,       -8.93777405,      -9.666869902,      -10.21301007,                 0,       1.841096064,      0.3373054542,     0.08740999726
       1801,             18.01,      -8.930713587,      -9.662063602,      -10.20539737,                 0,       1.832987817,       0.267262392,     0.08734216449
       1802,             18.02,      -8.923895378,       -9.65727053,      -10.19855979,                 0,       1.825213826,      0.1947257517,     0.08730667501
       1803,             18.03,      -8.917316638,      -9.652446207,       -10.1922627,                 0,       1.818036775,      0.1202715785,     0.08730476769
       1804,             18.04,      -8.911255329,      -9.647908469,      -10.18653524,                 0,       1.811720829,     0.04451578098,     0.08733770611
       1805,             18.05,      -8.905559001,      -9.643274402,      -10.18161362,                 0,        1.80647727,    -0.03189736537,     0.08740510884
       1806,             18.06,      -8.900153314,      -9.638534966,      -10.17757495,                 0,       1.802471409,     -0.1082997918,     0.08750429739
       1807,             18.07,         -8.908166,       -9.64695316,      -10.18243833,                 0,       1.800474205,     -0.1840235366,     0.08763132685
       1808,             18.08,      -8.906331993,      -9.643163026,      -10.18457594,                 0,       1.799812879,     -0.2582918441,      0.0877811443
       1809,             18.09,      -8.911049664,      -9.645604118,      -10.19127991,                 0,       1.800784489,     -0.3304881616,     0.08794804342
       1810,              18.1,      -8.915152859,      -9.647427621,      -10.19918546,                 0,       1.803281898,     -0.3998442116,     0.08812586447
       1811,             18.11,      -8.917230001,      -9.646790697,      -10.20721188,                 0,       1.807002374,     -0.4656773845,      0.0883081539
       1812,             18.12,      -8.919273279,      -9.646110742,      -10.21631813,                 0,       1.811862869,     -0.5273318536,      0.0884884213
       1813,             18.13,       -8.93454824,      -9.661322461,      -10.23554238,                 0,       1.818667034,     -0.5843011131,     0.08866040686
       1814,             18.14,      -8.941965388,       -9.66351731,      -10.25212327,                 0,       1.826288497,     -0.6358475116,     0.08881807966
       1815,             18.15,      -8.954945768,       -9.67073516,      -10.27110625,                 0,       1.834462186,     -0.6815290419,     0.08895595701
       1816,             18.16,      -8.967267645,      -9.677911133,      -10.28985862,                 0,       1.842889627,      -0.720884314,     0.08906926765
       1817,             18.17,      -8.978388112,      -9.684261826,      -10.30775662,                 0,       1.851274063,     -0.7535692965,      0.0891541953
       1818,             18.18,      -8.988454252,      -9.690086202,      -10.32466791,                 0,       1.859327695,     -0.7793053506,     0.08920791171
       1819,             18.19,      -8.996949376,      -9.695333086,      -10.33935491,                 0,       1.866780016,     -0.7978864269,     0.08922863168
       1820,              18.2,      -9.003367686,      -9.699815353,      -10.34965517,                 0,       1.873381759,     -0.8092005111,     0.08921570286
       1821,             18.21,      -9.007456775,      -9.703395106,      -10.35319488,                 0,       1.878915276,     -0.8132108024,     0.08916961436
       1822,             18.22,      -9.009004497,      -9.705830519,       -10.3488305,                 0,       1.883213005,     -0.8099582607,     0.08909192185
       1823,             18.23,      -9.008023289,      -9.707028863,      -10.33829679,                 0,       1.886149296,     -0.7995429472,     0.08898523688
       1824,             18.24,      -9.004848585,      -9.707129593,      -10.32462104,                 0,       1.887641523,     -0.7821406634,     0.08885319875
       1825,             18.25,      -8.999841348,      -9.706205162,      -10.30942388,                 0,       1.887642555,     -0.7579740838,     0.08870036342
       1826,             18.26,      -8.993537178,      -9.704410848,      -10.29287628,                 0,       1.886148375,      -0.727313312,     0.08853219919
       1827,             18.27,      -8.986358015,      -9.701692101,       -10.2754583,                 0,       1.883211626,     -0.6904653198,     0.08835478724
       1828,             18.28,        -8.9785954,      -9.698098133,      -10.25821019,                 0,       1.878936458,     -0.6477638304,     0.08817448483
       1829,             18.29,      -8.970290939,      -9.693739608,      -10.24206118,                 0,       1.873484937,     -0.5995835828,     0.08799765164
       1830,              18.3,      -8.961638077,      -9.688869576,      -10.22713475,                 0,       1.867040062,     -0.5463199736,     0.08783044646
       1831,             18.31,      -8.952756481,      -9.683615162,      -10.21315335,                 0,       1.859805921,     -0.4883948476,     0.08767863237
       1832,             18.32,      -8.943880769,      -9.678136484,      -10.20020246,                 0,       1.852005542,     -0.4262621147,     0.08754733506
       1833,             18.33,      -8.935082141,        -9.6725068,      -10.18844455,                 0,       1.843891821,     -0.3604009485,     0.08744089754
       1834,             18.34,      -8.926540123,       -9.66682389,      -10.17817475,                 0,       1.835736175,       -0.29132091,     0.08736277174
       1835,             18.35,      -8.918455501,      -9.661277509,      -10.16950589,                 0,       1.827817959,     -0.2195585688,     0.08731616917
       1836,             18.36,      -8.910793383,      -9.655853519,       -10.1623405,                 0,       1.820406657,     -0.1456794292,     0.08730288496
       1837,             18.37,      -8.903542934,        -9.6505739,      -10.15650607,                 0,       1.813763557,    -0.07028619081,     0.08732387371
       1838,             18.38,      -8.897101044,      -9.645815606,      -10.15215125,                 0,       1.808134368,     0.00598500169,     0.08737985758
       1839,             18.39,      -8.890809133,      -9.640848469,      -10.14901192,                 0,        1.80368434,     0.08247274612,     0.08746874161
       1840,              18.4,      -8.894071883,      -9.648397297,       -10.1510735,                 0,       1.801010483,      0.1585139626,     0.08758693268
       1841,             18.41,      -8.893570507,      -9.647467695,      -10.15358812,                 0,       1.799884161,      0.2333603204,     0.08772971857
       1842,             18.42,       -8.89385067,      -9.646415883,      -10.15737357,                 0,       1.800229268,      0.3063357549,     0.08789157902
       1843,             18.43,      -8.898337338,      -9.649970837,      -10.16382617,                 0,       1.802298643,      0.3767459141,     0.08806650576
       1844,             18.44,      -8.899209968,      -9.648818103,      -10.16946557,                 0,       1.805599616,      0.4438367832,     0.08824811687
       1845,             18.45,      -8.900264823,      -9.647991798,      -10.17594309,                 0,       1.810047364,      0.5069716568,     0.08842990113
       1846,             18.46,      -8.910537857,      -9.654899718,      -10.18818428,                 0,       1.816260756,      0.5655992433,     0.08860549575
       1847,             18.47,      -8.919034957,      -9.659380999,      -10.20144444,                 0,       1.823634819,      0.6190398102,     0.08876877411
       1848,             18.48,      -8.928673034,      -9.663856505,      -10.21522183,                 0,       1.831644021,      0.6667533467,     0.08891404895
       1849,             18.49,      -8.939803872,      -9.669954799,      -10.22946923,                 0,       1.840021352,      0.7082830738,     0.08903628438
       1850,              18.5,      -8.950099081,      -9.675355123,      -10.24318758,                 0,        1.84845805,      0.7432494545,     0.08913132929
       1851,             18.51,      -8.959523863,      -9.680054944,      -10.25594484,                 0,       1.856661338,      0.7713564033,     0.08919601249
       1852,             18.52,      -8.967996581,      -9.684168476,      -10.26722369,                 0,        1.86435245,      0.7923700425,     0.08922817923
       1853,             18.53,      -8.975225865,      -9.687675459,      -10.27697329,                 0,       1.871276656,      0.8061499739,     0.08922678713
       1854,             18.54,      -8.980988153,      -9.690498323,      -10.28519862,                 0,       1.877205787,      0.8126313584,     0.08919193841
       1855,             18.55,      -8.985118967,      -9.692605986,      -10.29099995,                 0,       1.881955003,      0.8118358977,     0.08912482662
       1856,             18.56,      -8.987323399,       -9.69385318,      -10.29268445,                 0,       1.885380195,       0.803841549,     0.08902770996
       1857,             18.57,       -8.98761275,      -9.694271449,      -10.28943572,                 0,       1.887380961,      0.7887960518,     0.08890388418
       1858,             18.58,      -8.986138633,        -9.6937911,      -10.28264668,                 0,       1.887891345,      0.7669031926,     0.08875760321
       1859,             18.59,      -8.983251717,      -9.692560462,      -10.27502952,                 0,       1.886894878,      0.7384164666,     0.08859404984
       1860,              18.6,      -8.979373251,      -9.690867103,       -10.2683257,                 0,       1.884431184,      0.7036331061,     0.08841912593
       1861,             18.61,      -8.974917393,      -9.688918408,      -10.26212473,                 0,       1.880592329,      0.6628767101,     0.08823912339
       1862,             18.62,      -8.969853341,      -9.686520055,       -10.2550684,                 0,       1.875519974,      0.6165094151,     0.08806041981
       1863,             18.63,      -8.964023661,      -9.683381898,       -10.2465118,                 0,       1.869388937,       0.564925175,     0.08788926667
       1864,             18.64,      -8.957295659,      -9.679371615,      -10.23699188,                 0,       1.862392129,      0.5085349577,     0.08773158931
       1865,             18.65,      -8.950191452,      -9.674946378,      -10.22755456,                 0,       1.854749733,      0.4477812535,     0.08759276265
       1866,             18.66,      -8.942987807,      -9.670302851,      -10.21866284,                 0,       1.846705717,      0.3831323384,     0.08747740988
       1867,             18.67,      -8.935847102,       -9.66555704,      -10.21052894,                 0,       1.838529751,      0.3150878722,     0.08738929982
       1868,             18.68,      -8.928913768,      -9.660796447,      -10.20321281,                 0,       1.830498553,      0.2441772119,     0.08733166062
       1869,             18.69,      -8.922178656,      -9.656001484,      -10.19656419,                 0,       1.822887826,      0.1709538806,     0.08730690073
       1870,              18.7,       -8.91571102,      -9.651194182,      -10.19040887,                 0,       1.815956381,      0.0960072108,     0.08731581783
       1871,             18.71,      -8.909916163,       -9.64682088,      -10.18498376,                 0,       1.809969057,     0.01996351221,      0.0873599828
       1872,             18.72,      -8.904214621,      -9.642045085,      -10.18028715,                 0,       1.805104504,    -0.05652491865,     0.08743799009
       1873,             18.73,      -8.904452116,      -9.643127575,      -10.17972706,                 0,       1.801732565,     -0.1327877225,     0.08754664922
       1874,             18.74,       -8.90780559,      -9.645981855,      -10.18319625,                 0,       1.800171504,     -0.2081273253,     0.08768161726
       1875,             18.75,      -8.906603981,      -9.642796332,       -10.1858245,                 0,       1.799949674,      -0.281805176,     0.08783758456
       1876,             18.76,      -8.913238277,      -9.647279703,      -10.19409679,                 0,       1.801506785,     -0.3531817508,      0.0880087008
       1877,             18.77,      -8.915543349,      -9.646915598,      -10.20152631,                 0,       1.804409272,     -0.4214721154,     0.08818867875
       1878,             18.78,      -8.917958333,       -9.64664508,      -10.21002603,                 0,       1.808495995,     -0.4860366983,     0.08837102153
       1879,             18.79,      -8.924462375,      -9.652606669,      -10.22225731,                 0,       1.813997793,     -0.5462497537,     0.08854928824
       1880,              18.8,      -8.937247135,      -9.662274613,      -10.24097117,                 0,        1.82110289,     -0.6015370899,     0.08871727826
       1881,             18.81,      -8.946287512,      -9.665898314,      -10.25834941,                 0,       1.828933191,     -0.6512511385,     0.08886911761
       1882,             18.82,      -8.959117885,      -9.673152067,      -10.27743609,                 0,       1.837220563,     -0.6949412297,     0.08899953634
       1883,             18.83,      -8.971067539,      -9.680067143,      -10.29606776,                 0,       1.845666468,     -0.7321853276,      0.0891040542
       1884,             18.84,      -8.981866161,      -9.686256951,      -10.31387939,                 0,       1.853975668,     -0.7626618235,     0.08917916505
       1885,             18.85,      -8.991446873,      -9.691883844,      -10.33027585,                 0,        1.86186343,     -0.7861113727,     0.08922236471
       1886,             18.86,      -8.999314472,      -9.696901914,      -10.34360669,                 0,       1.869068574,     -0.8023622178,     0.08923222787
       1887,             18.87,      -9.004989601,      -9.701086416,      -10.35163987,                 0,       1.875347032,     -0.8113232171,     0.08920847108
       1888,             18.88,      -9.008214705,      -9.704283927,      -10.35252616,                 0,       1.880501206,     -0.8129865676,     0.08915193308
       1889,             18.89,       -9.00889996,      -9.706302129,      -10.34600879,                 0,       1.884372776,     -0.8074108627,     0.08906451461
       1890,              18.9,      -9.007201974,       -9.70717947,      -10.33429843,                 0,       1.886850921,     -0.7947216305,     0.08894916488
       1891,             18.91,      -9.003451633,      -9.706992183,      -10.31995998,                 0,       1.887862933,     -0.7751119645,     0.08880983737
       1892,             18.92,      -8.998003449,      -9.705775751,      -10.30418735,                 0,       1.887378038,     -0.7488190211,     0.08865140436
       1893,             18.93,      -8.991413768,      -9.703688137,      -10.28727643,                 0,       1.885410376,     -0.7161271682,     0.08847955556
       1894,             18.94,      -8.984060024,      -9.700704323,      -10.26987499,                 0,       1.882030525,     -0.6773520894,     0.08830048814
       1895,             18.95,      -8.976140342,      -9.696877834,      -10.25293737,                 0,       1.877358401,      -0.632839058,     0.08812058131
       1896,             18.96,      -8.967747771,      -9.692371462,      -10.23716674,                 0,       1.871565077,     -0.5829732382,     0.08794615461
       1897,             18.97,      -8.959029334,      -9.687376445,      -10.22252239,                 0,       1.864839164,     -0.5281555538,     0.08778326543
       1898,             18.98,      -8.950177023,      -9.682071585,      -10.20886921,                 0,       1.857394602,     -0.4688200462,     0.08763750484
       1899,             18.99,      -8.941375692,       -9.67656733,      -10.19633095,                 0,        1.84946292,     -0.4054275817,     0.08751375324
       1900,                19,       -8.93268119,      -9.670936577,      -10.18506416,                 0,       1.841305664,     -0.3384668809,      0.0874160781
       1901,             19.01,      -8.924325204,      -9.665323666,      -10.17532276,                 0,       1.833196214,     -0.2684574974,     0.08734773159
       1902,             19.02,      -8.916387103,      -9.659820452,      -10.16713212,                 0,       1.825412891,     -0.1959446545,     0.08731171125
       1903,             19.03,      -8.908880066,       -9.65446065,      -10.16039753,                 0,       1.818219669,     -0.1215052718,     0.08730927703
       1904,             19.04,      -8.901919069,      -9.649382436,      -10.15503824,                 0,       1.811881334,    -0.04575375635,     0.08734167582
       1905,             19.05,      -8.895480521,      -9.644506938,      -10.15104882,                 0,       1.806612001,     0.03066502813,     0.08740857711
       1906,             19.06,      -8.889386328,      -9.639642817,       -10.1483418,                 0,       1.802577539,      0.1070834703,     0.08750732952
       1907,             19.07,      -8.895140559,      -9.649808859,      -10.15211081,                 0,       1.800560472,      0.1828419463,     0.08763399845
       1908,             19.08,      -8.892602838,      -9.646097435,      -10.15426026,                 0,        1.79985335,      0.2571450256,     0.08778355231
       1909,             19.09,       -8.89568411,      -9.647981598,      -10.15952462,                 0,       1.800806819,      0.3293874634,     0.08795029128
       1910,              19.1,       -8.89862595,      -9.649595941,      -10.16555432,                 0,       1.803279736,      0.3987980976,     0.08812806312
       1911,             19.11,      -8.899733493,      -9.648727764,      -10.17147487,                 0,       1.806969565,      0.4646924606,     0.08831041721
       1912,             19.12,      -8.900634052,      -9.647530595,      -10.17815726,                 0,       1.811801148,      0.5264167178,      0.0884908576
       1913,             19.13,      -8.914553983,      -9.658194791,      -10.19284824,                 0,       1.818623466,       0.583476032,     0.08866311185
       1914,             19.14,      -8.921042036,      -9.659749824,      -10.20540848,                 0,       1.826204433,      0.6351099173,     0.08882115109
       1915,             19.15,      -8.932235229,      -9.665733587,      -10.21973052,                 0,        1.83437327,      0.6808817921,     0.08895947965
       1916,             19.16,      -8.943198592,      -9.671764475,      -10.23391089,                 0,       1.842802571,      0.7203303207,     0.08907331035
       1917,             19.17,       -8.95316171,      -9.676873738,      -10.24742581,                 0,       1.851196175,      0.7531141474,     0.08915880987
       1918,             19.18,      -8.962308286,       -9.68137773,      -10.25978003,                 0,       1.859263877,      0.7789550029,     0.08921313248
       1919,             19.19,      -8.970423939,      -9.685320805,      -10.27044861,                 0,       1.866734964,       0.797645639,     0.08923447448
       1920,              19.2,      -8.977177132,      -9.688592216,      -10.27959756,                 0,       1.873360764,      0.8090724452,     0.08922216501
       1921,             19.21,      -8.982431696,       -9.69118026,      -10.28721802,                 0,        1.87892746,      0.8131993088,     0.08917667283
       1922,             19.22,      -8.986003754,      -9.693036124,      -10.29201543,                 0,       1.883261235,      0.8100679336,     0.08909953213
       1923,             19.23,      -8.987628964,      -9.694069165,      -10.29218975,                 0,       1.886235476,      0.7997758845,      0.0889933329
       1924,             19.24,       -8.98733084,      -9.694200294,      -10.28742517,                 0,       1.887760279,      0.7824936689,      0.0888616958
       1925,             19.25,       -8.98538052,      -9.693455996,       -10.2799919,                 0,       1.887784147,      0.7584394103,     0.08870916146
       1926,             19.26,      -8.982139301,      -9.692050956,      -10.27258492,                 0,        1.88630597,      0.7278838126,     0.08854118954
       1927,             19.27,      -8.978068538,       -9.69029431,      -10.26629125,                 0,       1.883385009,      0.6911329221,     0.08836385597
       1928,             19.28,      -8.973494372,      -9.688275824,      -10.26003864,                 0,       1.879127948,      0.6485191587,      0.0881835146
       1929,             19.29,      -8.968258709,      -9.685712229,      -10.25252515,                 0,       1.873693029,      0.6004200158,     0.08800652622
       1930,              19.3,      -8.962132597,      -9.682276883,      -10.24350682,                 0,       1.867259773,      0.5472340617,     0.08783905696
       1931,             19.31,       -8.95525523,      -9.678117339,      -10.23391793,                 0,       1.860029598,      0.4893814916,     0.08768688216
       1932,             19.32,      -8.948108484,      -9.673608584,      -10.22464414,                 0,       1.852228102,      0.4273127048,     0.08755514283
       1933,             19.33,      -8.940945982,      -9.668962155,      -10.21599534,                 0,       1.844110349,      0.3615066481,      0.0874481975
       1934,             19.34,      -8.933862915,      -9.664203474,      -10.20812016,                 0,       1.835949258,      0.2924735831,     0.08736951531
       1935,             19.35,      -8.927033192,      -9.659471741,      -10.20107603,                 0,       1.828024247,      0.2207498366,     0.08732230929
       1936,             19.36,      -8.920394756,       -9.65468603,      -10.19461188,                 0,       1.820604425,      0.1468987804,     0.08730840423
       1937,             19.37,      -8.914057178,      -9.649995369,      -10.18861033,                 0,       1.813949932,     0.07152328039,      0.0873287422
       1938,             19.38,      -8.908414072,       -9.64557032,      -10.18348915,                 0,       1.808307659,   -0.004741043884,     0.08738409801
       1939,             19.39,       -8.90282219,      -9.640775855,      -10.17908432,                 0,       1.803842668,    -0.08123393535,     0.08747240313
       1940,              19.4,      -8.906656375,      -9.645369119,      -10.18118202,                 0,       1.801126822,     -0.1572859816,     0.08759008311
       1941,             19.41,      -8.907164603,      -9.644683309,       -10.1838668,                 0,        1.79999143,     -0.2321621901,     0.08773243937
       1942,             19.42,      -8.908432103,      -9.643669898,      -10.18815267,                 0,       1.800309737,      -0.305178599,     0.08789395602
       1943,             19.43,      -8.914426973,      -9.647697797,      -10.19658221,                 0,       1.802348895,     -0.3756425642,     0.08806863189
       1944,             19.44,      -8.916296196,      -9.646779666,      -10.20414467,                 0,       1.805648625,     -0.4428029386,     0.08825008398
       1945,             19.45,      -8.918511885,      -9.646399777,      -10.21285731,                 0,       1.810085604,     -0.5060189836,     0.08843180115
       1946,             19.46,      -8.929755306,      -9.657231515,      -10.22867954,                 0,       1.816242124,     -0.5647275491,     0.08860742223
       1947,             19.47,      -8.939493445,      -9.662782385,      -10.24623036,                 0,       1.823607898,     -0.6182634215,      0.0887708101
       1948,             19.48,       -8.95051593,      -9.668223187,      -10.26448664,                 0,       1.831618865,     -0.6660856804,     0.08891626573
       1949,             19.49,      -8.963093744,      -9.675449564,       -10.2835585,                 0,       1.839990113,     -0.7077331677,     0.08903874366
       1950,              19.5,       -8.97465044,      -9.682098748,      -10.30197371,                 0,       1.848423718,     -0.7428220858,     0.08913407872
       1951,             19.51,      -8.985099538,      -9.688113909,      -10.31949396,                 0,        1.85662756,     -0.7710525174,     0.08919908581
       1952,             19.52,      -8.994173866,      -9.693558538,      -10.33513601,                 0,       1.864321798,     -0.7921887483,     0.08923159549
       1953,             19.53,      -9.001351848,      -9.698317893,      -10.34697845,                 0,       1.871252838,     -0.8060891577,       0.089230548
       1954,             19.54,      -9.006284214,      -9.702218674,      -10.35280027,                 0,        1.87718639,     -0.8126862142,      0.0891960285
       1955,             19.55,      -9.008709501,      -9.705068254,      -10.35113963,                 0,       1.881941197,      -0.811998462,     0.08912921726
       1956,             19.56,      -9.008555879,      -9.706670883,       -10.3425968,                 0,       1.885372368,     -0.8041036092,     0.08903236307
       1957,             19.57,      -9.006175662,      -9.707215508,       -10.3298703,                 0,       1.887382602,     -0.7891518642,     0.08890875354
       1958,             19.58,      -9.001847367,      -9.706702958,        -10.315036,                 0,       1.887910743,     -0.7673507108,     0.08876263442
       1959,             19.59,      -8.996018196,      -9.705233328,      -10.29883214,                 0,       1.886940758,     -0.7389531919,     0.08859917534
       1960,              19.6,      -8.989166588,      -9.702855344,      -10.28165067,                 0,       1.884505399,     -0.7042550909,     0.08842426763
       1961,             19.61,      -8.981661583,      -9.699611603,      -10.26431321,                 0,       1.880690847,     -0.6635812156,     0.08824420012
       1962,             19.62,      -8.973571085,        -9.6955464,      -10.24773296,                 0,       1.875636698,     -0.6172912755,     0.08806535355
       1963,             19.63,      -8.965100834,      -9.690902509,      -10.23236889,                 0,       1.869519736,     -0.5657754115,     0.08789398451
       1964,             19.64,      -8.956312688,       -9.68578263,       -10.2180133,                 0,       1.862535729,     -0.5094437268,     0.08773602378
       1965,             19.65,      -8.947495941,      -9.680426118,      -10.20471122,                 0,       1.854905255,     -0.4487408981,     0.08759685466
       1966,             19.66,      -8.938734921,      -9.674891132,      -10.19254741,                 0,       1.846869999,     -0.3841358564,     0.08748111061
       1967,             19.67,       -8.93014948,      -9.669258622,      -10.18178101,                 0,       1.838697208,     -0.3161270729,     0.08739257259
       1968,             19.68,      -8.921968083,      -9.663710934,      -10.17257501,                 0,       1.830662681,      -0.245242973,     0.08733446893
       1969,             19.69,      -8.914178226,      -9.658253841,      -10.16487052,                 0,       1.823041298,     -0.1720380419,      0.0873092338
       1970,              19.7,      -8.906804422,      -9.652944301,      -10.15857673,                 0,       1.816093527,    -0.09710132234,     0.08731768454
       1971,             19.71,      -8.900121355,      -9.648054034,      -10.15368056,                 0,        1.81008433,    -0.02105842619,     0.08736137703
       1972,             19.72,      -8.893712516,      -9.643081475,       -10.1500667,                 0,       1.805195139,     0.05543767927,     0.08743895165
       1973,             19.73,      -8.892530691,      -9.646404664,       -10.1498162,                 0,       1.801797266,      0.1317205826,     0.08754724027
       1974,             19.74,       -8.89450865,      -9.648868132,      -10.15279141,                 0,       1.800215443,      0.2070908443,     0.08768191319
       1975,             19.75,      -8.892529731,      -9.645691002,      -10.15533786,                 0,       1.799957613,      0.2808012677,     0.08783767793
       1976,             19.76,      -8.897329026,      -9.649472177,       -10.1616257,                 0,       1.801504507,       0.352222695,     0.08800868697
       1977,             19.77,      -8.898715767,      -9.649021126,      -10.16728697,                 0,       1.804372991,       0.420561605,     0.08818866159
       1978,             19.78,      -8.900128869,      -9.648494626,      -10.17360965,                 0,       1.808437335,      0.4851818744,     0.08837110486
       1979,             19.79,      -8.905233518,      -9.650264071,      -10.18279881,                 0,       1.813910404,      0.5454594485,     0.08854956731
       1980,              19.8,      -8.916889119,       -9.65901476,      -10.19697102,                 0,       1.821035073,      0.6008292076,     0.08871784411
       1981,             19.81,      -8.924572555,      -9.661602585,       -10.2100217,                 0,       1.828833397,       0.650618961,     0.08887005864
       1982,             19.82,      -8.935858303,      -9.667746741,      -10.22439733,                 0,       1.837119838,      0.6943890623,     0.08900092755
       1983,             19.83,      -8.946516284,       -9.67349171,      -10.23840549,                 0,       1.845569578,      0.7317154978,     0.08910595434
       1984,             19.84,      -8.956228769,      -9.678406867,      -10.25162903,                 0,        1.85388873,      0.7622800925,     0.08918161708
       1985,             19.85,      -8.965062864,      -9.682712002,      -10.26353461,                 0,       1.861791503,      0.7858231729,     0.08922539572
       1986,             19.86,      -8.972790891,      -9.686461615,      -10.27380538,                 0,       1.869015628,      0.8021715561,     0.08923584782
       1987,             19.87,      -8.979066972,       -9.68951116,      -10.28244515,                 0,       1.875319774,      0.8112337102,      0.0892126728
       1988,             19.88,      -8.983769342,       -9.69185331,      -10.28905572,                 0,       1.880505698,      0.8130029627,     0.08915669142
       1989,             19.89,      -8.986707808,      -9.693417024,      -10.29229585,                 0,       1.884411412,      0.8075376064,     0.08906978328
       1990,              19.9,      -8.987708901,      -9.694171875,      -10.29089714,                 0,       1.886923331,       0.794959498,     0.08895487713
       1991,             19.91,      -8.986879326,      -9.694042769,      -10.28526531,                 0,       1.887963061,      0.7754565406,     0.08881590992
       1992,             19.92,      -8.984515572,      -9.693097374,      -10.27777768,                 0,       1.887496846,      0.7492628767,     0.08865774115
       1993,             19.93,      -8.980989357,      -9.691571428,      -10.27063283,                 0,       1.885542737,      0.7166641738,     0.08848605344
       1994,             19.94,      -8.976724086,      -9.689722053,      -10.26429696,                 0,       1.882176675,       0.677974358,     0.08830704008
       1995,             19.95,      -8.971927926,      -9.687529745,      -10.25761317,                 0,       1.877519822,      0.6335386202,     0.08812707832
       1996,             19.96,       -8.96643008,      -9.684714729,      -10.24960999,                 0,        1.87173969,      0.5837452648,     0.08795249014
       1997,             19.97,      -8.960033234,        -9.6810182,        -10.240363,                 0,       1.865022035,      0.5289971717,     0.08778934073
       1998,             19.98,      -8.953075653,      -9.676764789,      -10.23088489,                 0,       1.857579421,      0.4697259423,     0.08764323378
       1999,             19.99,      -8.945933573,      -9.672210178,      -10.22183871,                 0,       1.849645615,      0.4063898612,     0.08751906341
       2000,                20,      -8.938803258,      -9.667541813,      -10.21346644,                 0,       1.841484015,      0.3394777576,     0.08742091169
       2001,             20.01,      -8.931802334,      -9.662794093,      -10.20585863,                 0,        1.83336863,      0.2695098864,     0.08735203408
       2002,             20.02,      -8.925031725,      -9.658050564,      -10.19900265,                 0,       1.825578779,       0.197030611,      0.0873154534
       2003,             20.03,      -8.918485915,      -9.653265204,      -10.19268145,                 0,       1.818377422,      0.1226149377,      0.0873124501
       2004,             20.04,      -8.912394112,      -9.648721611,      -10.18692425,                 0,        1.81202877,     0.04687787291,     0.08734425829
       2005,             20.05,      -8.906707178,      -9.644116171,      -10.18199765,                 0,        1.80674775,    -0.02953687389,      0.0874105942
       2006,             20.06,      -8.901315052,      -9.639398749,      -10.17795231,                 0,       1.802699665,      -0.105961814,      0.0875088299
       2007,             20.07,      -8.908149001,      -9.646888473,      -10.18243251,                 0,       1.800639254,     -0.1817296323,      0.0876350502
       2008,             20.08,      -8.906419889,      -9.643285093,      -10.18452446,                 0,       1.799936311,     -0.2560648705,     0.08778423011
       2009,             20.09,      -8.910806686,       -9.64538975,      -10.19097366,                 0,       1.800851097,     -0.3283456317,     0.08795067671
       2010,              20.1,      -8.915053204,      -9.647391187,      -10.19892942,                 0,       1.803309401,     -0.3978106493,     0.08812824105
       2011,             20.11,      -8.917208899,      -9.646811487,      -10.20696273,                 0,       1.806994673,     -0.4637710404,     0.08831047254
       2012,             20.12,      -8.919359789,      -9.646222214,      -10.21603986,                 0,       1.811809779,      -0.525570559,     0.08849087492
       2013,             20.13,      -8.934328342,      -9.661080131,      -10.23499542,                 0,       1.818569047,         -0.582703,     0.08866317866
       2014,             20.14,      -8.941832091,      -9.663402076,      -10.25156124,                 0,       1.826170564,     -0.6344290151,     0.08882133898
       2015,             20.15,      -8.954623618,      -9.670480048,      -10.27058426,                 0,       1.834332443,     -0.6803028991,     0.08895985254
       2016,             20.16,      -8.966943602,      -9.677669248,      -10.28953986,                 0,       1.842757168,     -0.7198616622,     0.08907392194
       2017,             20.17,      -8.978085847,      -9.684051798,      -10.30765518,                 0,       1.851147842,     -0.7527581113,     0.08915970115
       2018,             20.18,       -8.98815829,      -9.689887916,      -10.32468195,                 0,       1.859216049,      -0.778711946,     0.08921433173
       2019,             20.19,      -8.996674008,       -9.69513995,       -10.3393343,                 0,       1.866690508,      -0.797514046,     0.08923599572
       2020,              20.2,      -9.003132848,      -9.699629949,      -10.34955761,                 0,       1.873321845,     -0.8090498049,     0.08922400542
       2021,             20.21,      -9.007276402,      -9.703223285,       -10.3531483,                 0,        1.87889106,     -0.8132799652,      0.0891788146
       2022,             20.22,      -9.008897712,      -9.705696641,      -10.34901861,                 0,       1.883228951,      -0.810243845,     0.08910194695
       2023,             20.23,      -9.008008855,       -9.70695704,      -10.33871853,                 0,       1.886207397,     -0.8000397465,     0.08899598527
       2024,             20.24,      -9.004951865,      -9.707141035,      -10.32512646,                 0,       1.887742111,      -0.782841457,     0.08886454287
       2025,             20.25,      -9.000071469,      -9.706293989,      -10.30990129,                 0,       1.887785349,     -0.7588701017,     0.08871214865
       2026,             20.26,      -8.993886392,      -9.704565687,      -10.29335305,                 0,       1.886333587,     -0.7283945747,     0.08854425071
       2027,             20.27,      -8.986810298,      -9.701916371,      -10.27599964,                 0,       1.883438406,     -0.6917210545,     0.08836691796
       2028,             20.28,      -8.979139326,      -9.698405057,      -10.25879658,                 0,       1.879201563,     -0.6491823486,     0.08818650455
       2029,             20.29,      -8.970919334,      -9.694128956,      -10.24261917,                 0,       1.873781932,     -0.6011523897,     0.08800937494
       2030,              20.3,      -8.962348824,      -9.689330597,      -10.22763418,                 0,       1.867361126,      -0.548026395,     0.08784169939
       2031,             20.31,      -8.953542842,      -9.684134576,      -10.21361261,                 0,       1.860143351,      -0.490225041,     0.08768925781
       2032,             20.32,      -8.944743414,       -9.67871417,      -10.20065416,                 0,       1.852352937,     -0.4282014724,     0.08755719943
       2033,             20.33,      -8.936024064,      -9.673144748,      -10.18889867,                 0,       1.844242524,     -0.3624340723,     0.08744989292
       2034,             20.34,      -8.927549197,      -9.667516886,      -10.17862021,                 0,       1.836082878,     -0.2934317297,     0.08737081881
       2035,             20.35,      -8.919514522,      -9.662012658,      -10.16992173,                 0,       1.828152443,     -0.2217303574,     0.08732319007
       2036,             20.36,      -8.911883041,       -9.65661603,      -10.16270886,                 0,       1.820720954,     -0.1478946973,     0.08730885599
       2037,             20.37,      -8.904626681,      -9.651332329,      -10.15681947,                 0,       1.814049239,    -0.07252647988,     0.08732874578
       2038,             20.38,      -8.898179305,      -9.646578235,      -10.15241998,                 0,       1.808386288,    0.003738953505,     0.08738367841
       2039,             20.39,      -8.891892683,      -9.641615667,      -10.14924389,                 0,       1.803897506,     0.08024046697,     0.08747160946
       2040,              20.4,      -8.894111516,      -9.648421149,      -10.15100544,                 0,       1.801162786,      0.1563152618,     0.08758897627
       2041,             20.41,      -8.893626564,      -9.647580058,      -10.15347321,                 0,        1.79999786,      0.2312181729,     0.08773109498
       2042,             20.42,      -8.893651367,      -9.646247709,      -10.15709211,                 0,       1.800287044,      0.3042663426,     0.08789246097
       2043,             20.43,       -8.89822379,      -9.649917049,      -10.16357443,                 0,       1.802319687,      0.3747729163,     0.08806707806
       2044,             20.44,      -8.899114196,      -9.648782974,      -10.16922358,                 0,       1.805585152,      0.4419775577,     0.08824856963
       2045,             20.45,      -8.900356168,      -9.648129479,      -10.17573761,                 0,       1.810002862,      0.5052457835,     0.08843042265
       2046,             20.46,       -8.91003932,      -9.654447382,      -10.18767242,                 0,        1.81615584,      0.5640190589,     0.08860626451
       2047,             20.47,       -8.91881983,      -9.659299915,      -10.20097185,                 0,       1.823511278,      0.6176273053,     0.08876995976
       2048,             20.48,      -8.928269046,      -9.663596703,      -10.21468637,                 0,       1.831504832,      0.6655189716,     0.08891580312
       2049,             20.49,      -8.939400394,      -9.669695701,      -10.22899101,                 0,       1.839876613,      0.7072390203,     0.08903873654
       2050,              20.5,      -8.949732828,      -9.675134643,      -10.24279181,                 0,       1.848316263,      0.7424040508,     0.08913457928
       2051,             20.51,      -8.959188246,       -9.67985629,      -10.25564292,                 0,       1.856530837,      0.7707160944,     0.08920013131
       2052,             20.52,      -8.967692114,      -9.683980234,      -10.26701165,                 0,       1.864240864,      0.7919391003,      0.0892332073
       2053,             20.53,      -8.974962508,      -9.687502542,      -10.27677931,                 0,       1.871191181,      0.8059302106,     0.08923273165
       2054,             20.54,      -8.980769814,      -9.690341132,      -10.28491118,                 0,       1.877152317,      0.8126219565,     0.08919877289
       2055,             20.55,      -8.984946099,      -9.692460583,       -10.2905899,                 0,       1.881938191,      0.8120342448,     0.08913249366
       2056,             20.56,      -8.987223656,      -9.693733755,      -10.29230457,                 0,       1.885402502,      0.8042433392,     0.08903612258
       2057,             20.57,      -8.987614822,      -9.694204048,      -10.28931635,                 0,       1.887443621,      0.7893950226,     0.08891292827
       2058,             20.58,      -8.986260233,      -9.693801307,      -10.28285125,                 0,        1.88799515,       0.767691852,     0.08876714232
       2059,             20.59,      -8.983489777,      -9.692652717,       -10.2753961,                 0,       1.887040259,      0.7393856809,     0.08860392326
       2060,              20.6,      -8.979699143,      -9.691016183,      -10.26863189,                 0,       1.884617093,      0.7047729165,     0.08842915611
       2061,             20.61,      -8.975292473,      -9.689093525,      -10.26229116,                 0,       1.880815888,      0.6641767465,     0.08824912609
       2062,             20.62,      -8.970268406,      -9.686721068,      -10.25517481,                 0,       1.875775536,      0.6179579769,     0.08807021277
       2063,             20.63,      -8.964495972,      -9.683631228,      -10.24666919,                 0,       1.869669772,      0.5665100553,     0.08789867659
       2064,             20.64,      -8.957849493,      -9.679693755,      -10.23724648,                 0,       1.862691418,      0.5102433298,     0.08774045725
       2065,             20.65,      -8.950822567,      -9.675340927,      -10.22789382,                 0,       1.855061263,      0.4495996511,     0.08760095053
       2066,             20.66,       -8.94368114,      -9.670755746,       -10.2190579,                 0,       1.847023076,      0.3850464393,     0.08748480322
       2067,             20.67,      -8.936586635,      -9.666057191,       -10.2109436,                 0,        1.83884589,      0.3170825218,     0.08739581075
       2068,             20.68,      -8.929680416,      -9.661327221,      -10.20361152,                 0,       1.830805585,      0.2462367124,     0.08733720375
       2069,             20.69,      -8.922964397,      -9.656557333,      -10.19693585,                 0,       1.823178023,      0.1730619135,     0.08731144126
       2070,              20.7,      -8.916508011,      -9.651769656,       -10.1907573,                 0,       1.816222351,     0.09814641184,     0.08731936011
       2071,             20.71,      -8.910669717,      -9.647375059,      -10.18529737,                 0,        1.81020364,      0.0221157801,     0.08736250517
       2072,             20.72,      -8.904975655,      -9.642621201,       -10.1805882,                 0,       1.805303638,    -0.05437832416,     0.08743955953
       2073,             20.73,      -8.904549833,      -9.643134027,      -10.17972257,                 0,       1.801873441,     -0.1306655974,     0.08754737624
       2074,             20.74,      -8.907870046,      -9.646090576,       -10.1831864,                 0,        1.80027509,     -0.2060515539,     0.08768164616
       2075,             20.75,      -8.906597527,       -9.64282693,      -10.18571514,                 0,       1.800014576,     -0.2797924208,     0.08783707932
       2076,             20.76,      -8.912993313,      -9.647067502,      -10.19380753,                 0,       1.801520707,     -0.3512514954,     0.08800783555
       2077,             20.77,      -8.915466363,      -9.646907468,      -10.20128268,                 0,       1.804388633,     -0.4196451955,     0.08818763643
       2078,             20.78,      -8.917951768,      -9.646685837,       -10.2097749,                 0,       1.808444555,     -0.4843301336,     0.08836998599
       2079,             20.79,      -8.923944264,       -9.65216007,      -10.22168764,                 0,       1.813889685,     -0.5446774574,     0.08854843709
       2080,              20.8,       -8.93704867,      -9.662170179,      -10.24046439,                 0,       1.820971569,     -0.6001197552,     0.08871678185
       2081,             20.81,      -8.945916977,      -9.665634824,      -10.25775354,                 0,       1.828785593,     -0.6499996752,     0.08886913011
       2082,             20.82,      -8.958729606,      -9.672878083,      -10.27689565,                 0,       1.837064867,     -0.6938683274,     0.08900019152
       2083,             20.83,      -8.970700261,      -9.679820871,      -10.29563843,                 0,       1.845510914,     -0.7313001161,      0.0891054583
       2084,             20.84,        -8.9815176,      -9.686029579,       -10.3135398,                 0,       1.853828235,     -0.7619713886,     0.08918139664
       2085,             20.85,      -8.991124957,      -9.691670947,      -10.32998046,                 0,       1.861731677,     -0.7856209727,     0.08922547422
       2086,             20.86,       -8.99903388,      -9.696703921,      -10.34334079,                 0,       1.868959345,      -0.802074159,     0.08923623434
       2087,             20.87,      -9.004764402,      -9.700908765,      -10.35145569,                 0,       1.875266754,     -0.8112379596,     0.08921336138
       2088,             20.88,      -9.008064654,      -9.704140127,      -10.35252302,                 0,       1.880454626,     -0.8131022012,       0.089157664
       2089,             20.89,      -9.008835128,      -9.706204905,      -10.34622608,                 0,       1.884363334,     -0.8077241027,     0.08907101251
       2090,              20.9,      -9.007222481,      -9.707134576,      -10.33466828,                 0,       1.886880459,     -0.7952271138,     0.08895632774
       2091,             20.91,      -9.003561732,      -9.707004705,      -10.32038491,                 0,       1.887932256,     -0.7758028849,     0.08881753925
       2092,             20.92,      -8.998201252,      -9.705841388,      -10.30462184,                 0,       1.887487154,      -0.749687294,     0.08865949538
       2093,             20.93,      -8.991689216,      -9.703804742,      -10.28773429,                 0,       1.885558442,     -0.7171636766,     0.08848786851
       2094,             20.94,      -8.984397676,      -9.700872078,      -10.27036678,                 0,        1.88221562,     -0.6785470521,      0.0883088467
       2095,             20.95,      -8.976536554,      -9.697102231,      -10.25343568,                 0,       1.877576347,     -0.6341815921,     0.08812880872
       2096,             20.96,      -8.968197067,      -9.692647467,       -10.2376359,                 0,       1.871810188,     -0.5844519599,     0.08795407998
       2097,             20.97,      -8.959530295,      -9.687698964,      -10.22295713,                 0,       1.865105037,     -0.5297587407,     0.08779072931
       2098,             20.98,      -8.950720422,      -9.682430404,      -10.20927795,                 0,        1.85767472,     -0.4705348501,     0.08764436589
       2099,             20.99,      -8.941962368,      -9.676960529,      -10.19672835,                 0,       1.849750834,     -0.4072404543,     0.08751989127
       2100,                21,      -8.933307896,      -9.671365517,      -10.18544809,                 0,       1.841594704,     -0.3403637045,     0.08742139732
       2101,             21.01,      -8.924977554,      -9.665776218,      -10.17567797,                 0,       1.833479109,     -0.2704233334,     0.08735213903
       2102,             21.02,      -8.917058601,      -9.660292514,      -10.16745075,                 0,       1.825682248,     -0.1979639945,     0.08731516133
       2103,             21.03,      -8.909564588,      -9.654946153,      -10.16067791,                 0,       1.818468251,     -0.1235617591,     0.08731176159
       2104,             21.04,      -8.902581336,      -9.649851393,       -10.1552722,                 0,       1.812101851,    -0.04783007424,     0.08734315986
       2105,             21.05,      -8.896143481,      -9.644985498,      -10.15124971,                 0,       1.806800165,     0.02858671525,     0.08740911376
       2106,             21.06,      -8.890047267,      -9.640121615,      -10.14851172,                 0,       1.802728972,      0.1050215155,     0.08750701798
       2107,             21.07,       -8.89508617,      -9.649737103,      -10.15203648,                 0,       1.800656095,      0.1808146228,      0.0876329657
       2108,             21.08,      -8.892660485,      -9.646202337,      -10.15417279,                 0,       1.799913228,      0.2551736996,      0.0877819507
       2109,             21.09,      -8.895492066,      -9.647816591,      -10.15928987,                 0,       1.800815266,      0.3274874205,      0.0879482863
       2110,              21.1,      -8.898551361,       -9.64957978,      -10.16535594,                 0,       1.803254815,      0.3969914037,     0.08812583054
       2111,             21.11,      -8.899678495,      -9.648728402,      -10.17127141,                 0,       1.806912912,      0.4629951378,     0.08830813657
       2112,             21.12,      -8.900585378,      -9.647555738,       -10.1779109,                 0,       1.811703468,      0.5248445907,     0.08848870425
       2113,             21.13,      -8.914232491,      -9.657956777,      -10.19242607,                 0,        1.81848638,      0.5820450476,     0.08866125314
       2114,             21.14,      -8.920786136,      -9.659621705,      -10.20497258,                 0,        1.82605011,      0.6338359134,     0.08881974247
       2115,             21.15,      -8.931876655,      -9.665511063,      -10.21926818,                 0,       1.834207568,      0.6797760771,     0.08895865886
       2116,             21.16,      -8.942849397,      -9.671553248,       -10.2334783,                 0,       1.842634258,      0.7194031056,     0.08907319211
       2117,             21.17,      -8.952843006,      -9.676690714,      -10.24703994,                 0,       1.851033031,      0.7523727793,     0.08915948216
       2118,             21.18,      -8.962017846,      -9.681212044,      -10.25946247,                 0,       1.859113412,      0.7784054532,     0.08921465579
       2119,             21.19,      -8.970166328,      -9.685168512,       -10.2702061,                 0,       1.866604088,      0.7972913571,     0.08923687943
       2120,              21.2,      -8.976962378,      -9.688459706,      -10.27938403,                 0,       1.873255905,      0.8089147166,     0.08922545031
       2121,             21.21,      -8.982261885,      -9.691066311,      -10.28696704,                 0,       1.878853802,      0.8132370848,     0.08918080575
       2122,             21.22,      -8.985883185,      -9.692940039,      -10.29174034,                 0,       1.883222681,      0.8102985332,     0.08910445136
       2123,             21.23,      -8.987569787,      -9.693995142,      -10.29201652,                 0,       1.886234152,      0.8001950472,     0.08899895046
       2124,             21.24,      -8.987352899,      -9.694170734,      -10.28747691,                 0,        1.88779743,      0.7830955527,      0.0888678985
       2125,             21.25,      -8.985486089,      -9.693481229,      -10.28024025,                 0,        1.88786027,      0.7592167812,     0.08871580971
       2126,             21.26,      -8.982319618,      -9.692127615,      -10.27288772,                 0,       1.886420894,      0.7288281214,     0.08854812449
       2127,             21.27,      -8.978297897,      -9.690399862,      -10.26653067,                 0,       1.883537053,      0.6922350553,     0.08837090768
       2128,             21.28,      -8.973751645,      -9.688396648,      -10.26020429,                 0,        1.87931362,      0.6497692622,     0.08819051036
       2129,             21.29,      -8.968543862,       -9.68585492,      -10.25268325,                 0,       1.873907044,      0.6018071908,     0.08801329681
       2130,              21.3,      -8.962464915,      -9.682461923,      -10.24371743,                 0,       1.867496149,      0.5487470192,      0.0878454422
       2131,             21.31,      -8.955635125,      -9.678346295,      -10.23418432,                 0,       1.860282083,      0.4910080645,     0.08769273609
       2132,             21.32,      -8.948532189,      -9.673880683,      -10.22495353,                 0,       1.852490826,       0.429040322,     0.08756034026
       2133,             21.33,      -8.941400905,      -9.669265756,       -10.2163245,                 0,       1.844376755,      0.3633218375,      0.0874526363
       2134,             21.34,      -8.934338782,      -9.664531699,      -10.20844835,                 0,       1.836212414,       0.294362077,      0.0873731191
       2135,             21.35,      -8.927519791,      -9.659814573,      -10.20138437,                 0,       1.828276651,      0.2226968076,      0.0873250028
       2136,             21.36,      -8.920884445,      -9.655039838,       -10.1948966,                 0,       1.820839058,      0.1488886804,     0.08731016169
       2137,             21.37,      -8.914526697,      -9.650342136,      -10.18886729,                 0,        1.81415938,     0.07353960087,     0.08732951415
       2138,             21.38,      -8.908879945,      -9.645927418,      -10.18372687,                 0,       1.808487312,   -0.002715560303,     0.08738392394
       2139,             21.39,      -8.903279196,       -9.64113308,      -10.17929977,                 0,       1.803988031,     -0.0792169213,     0.08747136941
       2140,              21.4,      -8.906603822,      -9.645295178,      -10.18114506,                 0,       1.801217834,     -0.1552953149,     0.08758830441
       2141,             21.41,      -8.907213688,      -9.644784128,      -10.18383238,                 0,       1.800047017,     -0.2302183434,     0.08773005745
       2142,             21.42,      -8.908221761,      -9.643505306,      -10.18791015,                 0,       1.800316293,     -0.3032969258,      0.0878911275
       2143,             21.43,      -8.914324384,       -9.64767034,      -10.19635881,                 0,       1.802321048,      -0.373844313,     0.08806552552
       2144,             21.44,      -8.916187738,      -9.646739651,      -10.20388683,                 0,       1.805588983,     -0.4411041782,       0.088246874
       2145,             21.45,      -8.918515041,      -9.646447294,       -10.2126193,                 0,       1.809998423,     -0.5044376458,     0.08842866102
       2146,             21.46,        -8.9292928,      -9.656816254,      -10.22812694,                 0,        1.81610195,     -0.5632755077,     0.08860451706
       2147,             21.47,      -8.939312267,      -9.662712086,      -10.24576302,                 0,        1.82344783,     -0.6169601995,     0.08876829815
       2148,             21.48,      -8.950154382,      -9.667993839,      -10.26394965,                 0,       1.831445634,     -0.6649416813,     0.08891428923
       2149,             21.49,      -8.962738955,      -9.675219213,      -10.28306298,                 0,       1.839811501,     -0.7067597584,     0.08903742514
       2150,              21.5,      -8.974323452,       -9.68189341,      -10.30154737,                 0,       1.848247611,     -0.7420274794,     0.08913351372
       2151,             21.51,      -8.984795087,      -9.687924919,      -10.31912514,                 0,       1.856461428,     -0.7704431112,     0.08919934325
       2152,             21.52,      -8.993903971,      -9.693382264,      -10.33481052,                 0,       1.864172499,     -0.7917689519,     0.08923271596
       2153,             21.53,      -9.001134356,      -9.698161969,      -10.34671615,                 0,       1.871126914,     -0.8058610958,     0.08923254175
       2154,             21.54,      -9.006125435,      -9.702083653,      -10.35266686,                 0,       1.877089307,     -0.8126497925,     0.08919887518
       2155,             21.55,      -9.008618157,      -9.704963952,      -10.35121353,                 0,       1.881877294,      -0.812151829,     0.08913286827
       2156,             21.56,      -9.008540276,      -9.706609041,       -10.3428714,                 0,       1.885344448,     -0.8044433414,     0.08903674186
       2157,             21.57,      -9.006233503,      -9.707198292,      -10.33025016,                 0,       1.887392201,     -0.7896725931,     0.08891375715
       2158,             21.58,      -9.001976082,       -9.70672959,      -10.31544009,                 0,       1.887958477,     -0.7680459054,     0.08876813785
       2159,             21.59,      -8.996205071,      -9.705294172,      -10.29925279,                 0,       1.887026571,     -0.7398150813,     0.08860503061
       2160,              21.6,      -8.989400195,      -9.702951773,      -10.28209829,                 0,       1.884628106,     -0.7052750298,     0.08843031115
       2161,             21.61,      -8.981933994,      -9.699747508,      -10.26477837,                 0,        1.88084791,     -0.6647499975,     0.08825026186
       2162,             21.62,      -8.973881118,      -9.695723998,      -10.24818192,                 0,       1.875823454,     -0.6185985459,      0.0880712644
       2163,             21.63,      -8.965438823,      -9.691108476,      -10.23278241,                 0,       1.869730735,     -0.5672104886,     0.08789958246
       2164,             21.64,       -8.95668102,      -9.686017479,      -10.21840062,                 0,       1.862764998,     -0.5109952162,     0.08774115922
       2165,             21.65,      -8.947886764,      -9.680682933,      -10.20507642,                 0,       1.855146915,     -0.4503966306,     0.08760139659
       2166,             21.66,      -8.939150034,      -9.675170057,      -10.19289766,                 0,       1.847117701,     -0.3858828982,     0.08748494943
       2167,             21.67,      -8.930581275,      -9.669555756,      -10.18210555,                 0,       1.838944207,     -0.3179517725,     0.08739562303
       2168,             21.68,      -8.922407301,      -9.664018477,      -10.17286574,                 0,        1.83090183,     -0.2471311189,      0.0873366477
       2169,             21.69,       -8.91462058,      -9.658568762,      -10.16512317,                 0,       1.823265626,     -0.1739747247,     0.08731050456
       2170,              21.7,      -8.907247712,      -9.653263347,      -10.15879211,                 0,       1.816296307,    -0.09907066245,     0.08731804733
       2171,             21.71,       -8.90053765,      -9.648353673,       -10.1538563,                 0,       1.810258987,    -0.02304377187,      0.0873608074
       2172,             21.72,      -8.894129647,      -9.643390347,      -10.15020968,                 0,       1.805337798,     0.05345360947,     0.08743750803
       2173,             21.73,      -8.892470556,      -9.646305043,      -10.14975386,                 0,       1.801886191,      0.1297547789,     0.08754502232
       2174,             21.74,      -8.894570064,      -9.648968855,      -10.15274438,                 0,       1.800271023,      0.2051640847,     0.08767905241
       2175,             21.75,      -8.892522124,      -9.645716438,      -10.15523677,                 0,       1.799976744,      0.2789290727,     0.08783432493
       2176,             21.76,      -8.897168063,      -9.649324468,      -10.16142958,                 0,       1.801476241,      0.3504231682,     0.08800500281
       2177,             21.77,      -8.898683005,      -9.649044534,      -10.16712224,                 0,       1.804313678,      0.4188545189,     0.08818481613
       2178,             21.78,      -8.900102774,      -9.648521957,      -10.17342092,                 0,        1.80834886,      0.4835830594,     0.08836726982
       2179,             21.79,       -8.90482633,      -9.649904275,      -10.18238683,                 0,       1.813767691,      0.5439816244,     0.08854590967
       2180,              21.8,      -8.916697778,       -9.65895332,      -10.19660782,                 0,       1.820873094,      0.5994925107,     0.08871452444
       2181,             21.81,      -8.924240294,      -9.661404648,      -10.20959056,                 0,       1.828654853,      0.6494338918,     0.08886722335
       2182,             21.82,       -8.93552742,      -9.667546415,      -10.22397193,                 0,       1.836933462,      0.6933677587,     0.08899870465
       2183,             21.83,      -8.946210315,      -9.673317722,      -10.23800875,                 0,       1.845382999,       0.730866719,     0.08910444657
       2184,             21.84,      -8.955944534,      -9.678250015,      -10.25127203,                 0,       1.853709471,      0.7616108418,     0.08918090144
       2185,             21.85,       -8.96480591,      -9.682571176,      -10.26322849,                 0,         1.8616266,      0.7853388422,     0.08922552281
       2186,             21.86,      -8.972567882,      -9.686336498,      -10.27353492,                 0,       1.868871529,      0.8018748501,      0.0892368388
       2187,             21.87,       -8.97888398,      -9.689404207,      -10.28219767,                 0,       1.875202198,      0.8111256055,      0.0892145189
       2188,             21.88,      -8.983632117,      -9.691765891,      -10.28884657,                 0,        1.88041919,       0.813082132,     0.08915935601
       2189,             21.89,      -8.986626413,      -9.693353681,      -10.29217561,                 0,       1.884359325,      0.8078014093,     0.08907320116
       2190,              21.9,      -8.987689933,      -9.694138363,      -10.29091359,                 0,       1.886907877,      0.7954034186,     0.08895895578
       2191,             21.91,      -8.986921377,      -9.694042748,      -10.28541186,                 0,       1.887985582,      0.7760748228,     0.08882053309
       2192,             21.92,      -8.984613308,      -9.693131157,      -10.27799264,                 0,       1.887557565,      0.7500484319,     0.08866276885
       2193,             21.93,      -8.981131295,      -9.691631751,      -10.27084188,                 0,        1.88564048,      0.7176088415,     0.08849132887
       2194,             21.94,      -8.976895361,       -9.68980003,      -10.26448073,                 0,       1.882309078,      0.6790694243,     0.08831239776
       2195,             21.95,      -8.972124813,      -9.687625388,      -10.25779386,                 0,       1.877682935,      0.6347743109,     0.08813235207
       2196,             21.96,      -8.966656129,      -9.684836089,      -10.24982034,                 0,       1.871928656,      0.5851110981,     0.08795751836
       2197,             21.97,      -8.960296779,      -9.681174242,      -10.24061037,                 0,       1.865231581,      0.5304823213,     0.08779397149
       2198,             21.98,      -8.953367808,      -9.676949587,      -10.23115598,                 0,       1.857803672,      0.4713186968,     0.08764733139
       2199,             21.99,      -8.946245235,      -9.672414456,       -10.2221184,                 0,       1.849878266,      0.4080778412,     0.08752251158
       2200,                22,      -8.939129079,      -9.667763916,      -10.21374167,                 0,       1.841718385,      0.3412479621,     0.08742361676
       2201,             22.01,      -8.932132012,      -9.663025238,      -10.20611772,                 0,       1.833597679,      0.2713484503,     0.08735390479
       2202,             22.02,      -8.925365794,      -9.658291566,      -10.19924614,                 0,       1.825795551,      0.1989231427,     0.08731644305
       2203,             22.03,      -8.918818137,      -9.653511655,      -10.19290724,                 0,       1.818575208,      0.1245461227,     0.08731254727
       2204,             22.04,      -8.912704141,      -9.648956562,      -10.18712481,                 0,       1.812200786,     0.04883148316,     0.08734342592
       2205,             22.05,      -8.907019011,      -9.644365201,      -10.18218216,                 0,       1.806889908,    -0.02757755711,     0.08740887883
       2206,             22.06,       -8.90161508,      -9.639645226,      -10.17811032,                 0,       1.802807789,     -0.1040141569,     0.08750632206
       2207,             22.07,      -8.908060358,      -9.646794552,      -10.18236866,                 0,       1.800695335,     -0.1798108542,     0.08763186697
       2208,             22.08,      -8.906475461,       -9.64339282,      -10.18447897,                 0,       1.799958023,     -0.2541950147,     0.08778051362
       2209,             22.09,      -8.910608504,       -9.64524211,       -10.1907381,                 0,       1.800825659,     -0.3265397678,     0.08794658201
       2210,              22.1,      -8.914983791,      -9.647395876,      -10.19872171,                 0,       1.803251242,        -0.3960894,     0.08812393386
       2211,             22.11,      -8.917134836,      -9.646804631,      -10.20672438,                 0,        1.80690682,     -0.4621499602,     0.08830612277
       2212,             22.12,      -8.919257726,      -9.646204218,      -10.21573729,                 0,       1.811683668,     -0.5240650653,      0.0884866491
       2213,             22.13,      -8.934023103,      -9.660852894,       -10.2345096,                 0,       1.818405242,     -0.5813282806,     0.08865923665
       2214,             22.14,      -8.941589257,      -9.663281505,      -10.25108528,                 0,       1.825989345,     -0.6332002717,     0.08881783013
       2215,             22.15,      -8.954286261,      -9.670274793,      -10.27007187,                 0,       1.834140763,     -0.6792314117,     0.08895690984
       2216,             22.16,      -8.966621268,      -9.677471547,      -10.28906067,                 0,       1.842562693,     -0.7189574767,     0.08907165704
       2217,             22.17,      -8.977790996,      -9.683874576,      -10.30722641,                 0,       1.850958063,     -0.7520287619,     0.08915820059
       2218,             22.18,      -8.987891443,      -9.689725928,       -10.3243102,                 0,       1.859038117,     -0.7781635735,     0.08921365583
       2219,             22.19,       -8.99644999,      -9.694994266,      -10.33902941,                 0,       1.866530886,     -0.7971503716,     0.08923617636
       2220,              22.2,      -9.002965507,      -9.699505771,      -10.34935754,                 0,       1.873186704,      -0.808872497,     0.08922504441
       2221,             22.21,      -9.007170896,      -9.703122924,      -10.35311019,                 0,       1.878785334,     -0.8132885384,      0.0891806842
       2222,             22.22,      -9.008859164,      -9.705628734,      -10.34918196,                 0,       1.883156522,     -0.8104362205,     0.08910459214
       2223,             22.23,      -9.008034107,      -9.706922366,       -10.3390294,                 0,       1.886170718,     -0.8004122266,     0.08899932501
       2224,             22.24,      -9.005039646,      -9.707143524,      -10.32550681,                 0,       1.887742573,     -0.7833887448,     0.08886847108
       2225,             22.25,      -9.000213222,      -9.706329396,      -10.31030714,                 0,       1.887823257,     -0.7595856404,     0.08871653323
       2226,             22.26,      -8.994070623,      -9.704630347,       -10.2937796,                 0,       1.886408601,     -0.7292706908,     0.08854894089
       2227,             22.27,      -8.987026399,      -9.702009824,      -10.27644533,                 0,       1.883548781,     -0.6927493587,     0.08837175234
       2228,             22.28,      -8.979382407,      -9.698529687,      -10.25924149,                 0,       1.879344225,     -0.6503537217,     0.08819131866
       2229,             22.29,      -8.971185117,      -9.694280822,      -10.24303693,                 0,        1.87395219,     -0.6024567533,     0.08801400683
       2230,              22.3,      -8.962634475,       -9.68950479,      -10.22802126,                 0,       1.867553754,     -0.5494533424,     0.08784599487
       2231,             22.31,       -8.95384253,      -9.684324553,      -10.21397469,                 0,       1.860352483,     -0.4917632277,     0.08769307559
       2232,             22.32,      -8.945054332,      -9.678917939,        -10.200991,                 0,        1.85257278,     -0.4298389986,      0.0875604176
       2233,             22.33,      -8.936345826,      -9.673361344,      -10.18921081,                 0,       1.844466475,     -0.3641582649,      0.0874524112
       2234,             22.34,      -8.927873818,       -9.66774146,      -10.17890034,                 0,       1.836304239,     -0.2952291233,     0.08737256122
       2235,             22.35,      -8.919839651,      -9.662243016,      -10.17016713,                 0,       1.828364134,     -0.2235869576,     0.08732408154
       2236,             22.36,      -8.912203137,      -9.656846645,      -10.16291786,                 0,       1.820916289,     -0.1497956708,     0.08730886869
       2237,             22.37,       -8.90493101,      -9.651551913,      -10.15699041,                 0,       1.814221184,    -0.07445608379,     0.08732782902
       2238,             22.38,      -8.898477632,      -9.646801641,      -10.15255715,                 0,       1.808530328,    0.001797236968,     0.08738186676
       2239,             22.39,      -8.892179819,      -9.641833998,      -10.14934739,                 0,       1.804009183,     0.07830354525,     0.08746898273
       2240,              22.4,      -8.894047419,      -9.648334831,      -10.15094525,                 0,       1.801222329,      0.1543999698,     0.08758564208
       2241,             22.41,      -8.893692761,      -9.647683688,      -10.15342356,                 0,       1.800024425,       0.229344751,     0.08772718697
       2242,             22.42,      -8.893492921,      -9.646113202,      -10.15691523,                 0,       1.800265495,      0.3024494792,     0.08788812791
       2243,             22.43,      -8.898175379,      -9.649921723,      -10.16342509,                 0,       1.802266102,      0.3730334602,     0.08806248066
       2244,             22.44,      -8.899050508,      -9.648769745,      -10.16905388,                 0,       1.805500432,      0.4403309059,     0.08824387468
       2245,             22.45,      -8.900352838,      -9.648171648,      -10.17556757,                 0,       1.809891639,      0.5037094434,     0.08842579687
       2246,             22.46,      -8.909659475,      -9.654114969,      -10.18727597,                 0,       1.815991776,      0.5626041503,     0.08860186736
       2247,             22.47,      -8.918661084,       -9.65927059,       -10.2006349,                 0,       1.823330402,      0.6163537223,     0.08876594428
       2248,             22.48,       -8.92796353,      -9.663426475,      -10.21429176,                 0,       1.831309924,      0.6643968418,     0.08891230781
       2249,             22.49,      -8.939104447,      -9.669527827,      -10.22860763,                 0,       1.839676249,      0.7062796233,     0.08903588136
       2250,              22.5,      -8.949463193,      -9.674992117,      -10.24243312,                 0,       1.848117958,      0.7416155054,     0.08913245856
       2251,             22.51,      -8.958940338,      -9.679730195,      -10.25532301,                 0,       1.856341898,      0.7701049367,     0.08919881387
       2252,             22.52,      -8.967470858,      -9.683866251,      -10.26674526,                 0,       1.864068017,      0.7915099412,     0.08923273469
       2253,             22.53,      -8.974779776,      -9.687407596,      -10.27655431,                 0,       1.871040691,      0.8056855211,     0.08923311626
       2254,             22.54,      -8.980624495,      -9.690262229,      -10.28470994,                 0,       1.877029361,      0.8125620586,     0.08919999777
       2255,             22.55,      -8.984843954,      -9.692399796,      -10.29043375,                 0,       1.881847071,      0.8121576596,     0.08913451485
       2256,             22.56,        -8.9871755,      -9.693695424,      -10.29225446,                 0,       1.885346061,      0.8045471088,     0.08903886902
       2257,             22.57,      -8.987622176,       -9.69419305,      -10.28941656,                 0,       1.887423788,      0.7898744048,     0.08891630283
       2258,             22.58,      -8.986320054,      -9.693820679,      -10.28306122,                 0,       1.888012969,       0.768340983,     0.08877102572
       2259,             22.59,      -8.983594265,      -9.692699115,      -10.27562857,                 0,       1.887095668,      0.7401973057,     0.08860817328
       2260,              22.6,      -8.979832733,      -9.691077469,      -10.26882447,                 0,       1.884708537,      0.7057390144,     0.08843361517
       2261,             22.61,      -8.975442409,      -9.689163215,      -10.26245619,                 0,       1.880940643,      0.6652887259,     0.08825363032
       2262,             22.62,      -8.970437863,       -9.68680669,      -10.25535654,                 0,       1.875929221,      0.6192059959,     0.08807459875
       2263,             22.63,      -8.964691191,      -9.683741296,       -10.2468895,                 0,        1.86984749,      0.5678838651,     0.08790278705
       2264,             22.64,      -8.958074936,      -9.679832099,      -10.23749773,                 0,       1.862887809,      0.5117320681,     0.08774414612
       2265,             22.65,      -8.951064849,      -9.675497761,      -10.22815313,                 0,       1.855270643,      0.4511918046,     0.08760408925
       2266,             22.66,      -8.943934443,      -9.670925013,      -10.21931627,                 0,       1.847239067,      0.3867296787,     0.08748728357
       2267,             22.67,      -8.936845243,      -9.666236423,      -10.21118995,                 0,        1.83906171,      0.3188437395,      0.0873975478
       2268,             22.68,      -8.929937221,      -9.661510074,      -10.20383709,                 0,       1.831014179,      0.2480622328,     0.08733811438
       2269,             22.69,      -8.923220033,      -9.656745342,      -10.19714387,                 0,        1.82337265,      0.1749374013,     0.08731148758
       2270,              22.7,       -8.91675868,      -9.651960224,      -10.19095009,                 0,        1.81639653,      0.1000564697,     0.08731853948
       2271,             22.71,      -8.910896981,      -9.647552355,       -10.1854617,                 0,       1.810350989,     0.02404427945,     0.08736079104
       2272,             22.72,      -8.905202819,      -9.642810152,      -10.18073443,                 0,        1.80542033,    -0.05244814436,     0.08743700592
       2273,             22.73,      -8.904399287,      -9.642960629,      -10.17962351,                 0,       1.801938517,     -0.1287504874,     0.08754407727
       2274,             22.74,      -8.907919571,      -9.646192165,       -10.1831482,                 0,       1.800307158,     -0.2041712212,     0.08767772756
       2275,             22.75,      -8.906572259,      -9.642851071,       -10.1856168,                 0,       1.800012074,     -0.2779624026,     0.08783268572
       2276,             22.76,      -8.912817178,       -9.64692984,      -10.19357702,                 0,       1.801472418,     -0.3494897193,     0.08800312206
       2277,             22.77,       -8.91542919,      -9.646940869,      -10.20108782,                 0,       1.804308992,     -0.4179708125,     0.08818276744
       2278,             22.78,      -8.917902701,      -9.646702869,      -10.20954954,                 0,       1.808336803,     -0.4827588599,     0.08836512807
       2279,             22.79,      -8.923503769,      -9.651782429,      -10.22118342,                 0,       1.813730638,     -0.5432222518,     0.08854375257
       2280,              22.8,      -8.936864721,      -9.662114261,      -10.24004006,                 0,       1.820791051,     -0.5987997323,     0.08871242777
       2281,             22.81,      -8.945582965,      -9.665440141,      -10.25725458,                 0,       1.828589738,      -0.648825743,     0.08886524992
       2282,             22.82,      -8.958405874,      -9.672683001,      -10.27640199,                 0,       1.836861136,     -0.6928526172,     0.08899691124
       2283,             22.83,      -8.970403441,       -9.67964683,      -10.29517562,                 0,       1.845306774,     -0.7304515437,     0.08910287966
       2284,             22.84,      -8.981243923,      -9.685868964,      -10.31310367,                 0,       1.853630986,     -0.7612971668,      0.0891795965
       2285,             22.85,      -8.990885413,      -9.691524294,      -10.32958988,                 0,       1.861548294,     -0.7851267143,     0.08922450377
       2286,             22.86,      -8.998840671,      -9.696573938,       -10.3430451,                 0,       1.868796079,     -0.8017627846,     0.08923611621
       2287,             22.87,      -9.004626247,      -9.700800413,      -10.35131407,                 0,       1.875129443,     -0.8111108096,     0.08921408914
       2288,             22.88,      -9.007993921,      -9.704061935,      -10.35257586,                 0,        1.88034755,     -0.8131583405,     0.08915920416
       2289,             22.89,      -9.008832824,      -9.706160136,      -10.34644902,                 0,       1.884289944,     -0.8079612455,     0.08907330362
       2290,              22.9,      -9.007279648,      -9.707119446,      -10.33499256,                 0,       1.886843021,     -0.7956410352,      0.0889592813
       2291,             22.91,       -9.00367097,       -9.70701884,      -10.32076234,                 0,       1.887932152,     -0.7763880987,     0.08882104313
       2292,             22.92,      -8.998353318,      -9.705883232,      -10.30503446,                 0,       1.887524596,     -0.7504371473,     0.08866341383
       2293,             22.93,      -8.991873648,      -9.703874626,      -10.28816928,                 0,       1.885632314,     -0.7180704595,     0.08849204918
       2294,             22.94,      -8.984604099,      -9.700967585,      -10.27080546,                 0,       1.882323672,     -0.6796024157,     0.08831312858
       2295,             22.95,      -8.976764507,       -9.69722313,       -10.2538571,                 0,       1.877714803,     -0.6353762032,     0.08813302973
       2296,             22.96,      -8.968441236,      -9.692787737,      -10.23803059,                 0,       1.871974492,     -0.5857758075,     0.08795808206
       2297,             22.97,       -8.95978954,      -9.687857134,       -10.2233285,                 0,       1.865290157,     -0.5312014195,     0.08779436331
       2298,             22.98,      -8.950986729,      -9.682600442,      -10.20962311,                 0,       1.857874972,     -0.4720849621,     0.08764749807
       2299,             22.99,      -8.942232207,      -9.677139837,      -10.19704723,                 0,       1.849959967,      -0.408886027,     0.08752240644
       2300,                23,      -8.933580787,      -9.671550873,      -10.18573442,                 0,       1.841806045,     -0.3420920791,     0.08742320225
       2301,             23.01,      -8.925243745,      -9.665961551,      -10.17592702,                 0,       1.833685702,     -0.2722210429,     0.08735314267
       2302,             23.02,      -8.917319956,      -9.660479197,       -10.1676627,                 0,       1.825877304,     -0.1998169577,       0.087315316
       2303,             23.03,      -8.909820765,      -9.655132692,      -10.16085731,                 0,       1.818645185,     -0.1254550329,     0.08731105404
       2304,             23.04,      -8.902816708,      -9.650023462,      -10.15541401,                 0,       1.812254002,    -0.04974773543,     0.08734155169
       2305,             23.05,      -8.896378251,      -9.645166174,      -10.15136352,                 0,       1.806923423,     0.02666111309,     0.08740664837
       2306,             23.06,       -8.89027005,       -9.64029621,      -10.14859399,                 0,       1.802819102,      0.1031049992,     0.08750378201
       2307,             23.07,      -8.895027138,      -9.649654957,      -10.15196988,                 0,       1.800694884,      0.1789238872,     0.08762907223
       2308,             23.08,      -8.892736251,      -9.646313266,      -10.15412279,                 0,       1.799919194,      0.2533290402,     0.08777753729
       2309,             23.09,      -8.895349626,       -9.64769722,      -10.15911972,                 0,       1.800773762,       0.325703461,     0.08794350382
       2310,              23.1,      -8.898523157,       -9.64960478,      -10.16521524,                 0,       1.803182126,      0.3952888703,     0.08812084051
       2311,             23.11,      -8.899636692,      -9.648736961,      -10.17110994,                 0,       1.806810434,      0.4613892528,     0.08830310516
       2312,             23.12,      -8.900495043,      -9.647540366,      -10.17769258,                 0,       1.811562625,      0.5233505564,     0.08848379493
       2313,             23.13,      -8.913966285,      -9.657774269,      -10.19207551,                 0,       1.818308354,      0.5806779359,     0.08865662298
       2314,             23.14,      -8.920578086,      -9.659539938,      -10.20463091,                 0,        1.82585559,      0.6326113337,     0.08881553857
       2315,             23.15,      -8.931590383,      -9.665353924,      -10.21889666,                 0,       1.834001992,      0.6787051882,     0.08895501282
       2316,             23.16,      -8.942574374,      -9.671405208,      -10.23311359,                 0,       1.842425711,      0.7184960425,     0.08907021488
       2317,             23.17,      -8.952592144,       -9.67656415,      -10.24669579,                 0,       1.850828838,      0.7516370947,     0.08915726019
       2318,             23.18,      -8.961790539,      -9.681101041,      -10.25915811,                 0,       1.858920634,      0.7778474284,     0.08921324988
       2319,             23.19,      -8.969967867,       -9.68507072,      -10.26995513,                 0,       1.866429239,      0.7969149339,     0.08923632247
       2320,              23.2,      -8.976801866,      -9.688380283,      -10.27917952,                 0,       1.873105017,      0.8087218268,     0.08922574572
       2321,             23.21,      -8.982143084,      -9.691005593,      -10.28680083,                 0,       1.878731752,      0.8132274723,     0.08918192803
       2322,             23.22,      -8.985810076,      -9.692898928,      -10.29164047,                 0,        1.88313338,      0.8104703629,     0.08910634837
       2323,             23.23,      -8.987544167,      -9.693971656,      -10.29202952,                 0,       1.886180157,      0.8005449345,     0.08900154431
       2324,             23.24,      -8.987378523,      -9.694173572,      -10.28761626,                 0,       1.887780446,      0.7836186159,     0.08887108624
       2325,             23.25,      -8.985553908,      -9.693512408,      -10.28045048,                 0,       1.887880875,      0.7599068183,     0.08871946289
       2326,             23.26,      -8.982425644,      -9.692176797,      -10.27309822,                 0,       1.886478607,      0.7296776957,     0.08855209558
       2327,             23.27,      -8.978425822,        -9.6904597,      -10.26671842,                 0,       1.883629928,       0.693236118,     0.08837503821
       2328,             23.28,      -8.973895338,       -9.68846692,      -10.26038882,                 0,        1.87943846,       0.650912996,     0.08819463859
       2329,             23.29,      -8.968705587,      -9.685941192,      -10.25288871,                 0,        1.87405937,      0.6030836753,     0.08801726309
       2330,              23.3,      -8.962652493,      -9.682573017,      -10.24395187,                 0,       1.867671131,      0.5501460138,     0.08784909404
       2331,             23.31,      -8.955838995,      -9.678473235,      -10.23442899,                 0,       1.860474084,       0.492518524,     0.08769593334
       2332,             23.32,      -8.948747436,      -9.674021452,      -10.22519731,                 0,       1.852694014,      0.4306506822,     0.08756296162
       2333,             23.33,      -8.941620631,      -9.669413722,      -10.21655842,                 0,       1.844584448,      0.3650196578,     0.08745458158
       2334,             23.34,      -8.934559538,      -9.664685891,      -10.20866825,                 0,       1.836417906,      0.2961341039,     0.08737431191
       2335,             23.35,      -8.927737663,      -9.659971647,      -10.20158566,                 0,       1.828472844,       0.224529262,     0.08732536761
       2336,             23.36,      -8.921097254,      -9.655198609,      -10.19508278,                 0,       1.821019386,      0.1507669891,     0.08730966941
       2337,             23.37,      -8.914723015,      -9.650492321,      -10.18903257,                 0,        1.81431689,     0.07544819502,     0.08732811303
       2338,             23.38,      -8.909074069,      -9.646087019,      -10.18387511,                 0,       1.808617525,  -0.0007929910299,     0.08738164628
       2339,             23.39,        -8.9034601,      -9.641288955,      -10.17942128,                 0,       1.804086497,    -0.07729715645,      0.0874682923
       2340,              23.4,      -8.906493916,      -9.645181408,      -10.18106491,                 0,        1.80126515,     -0.1533951716,     0.08758453231
       2341,             23.41,      -8.907269275,      -9.644888494,      -10.18379037,                 0,       1.800060953,     -0.2283575257,     0.08772572115
       2342,             23.42,      -8.908029732,      -9.643364899,        -10.187691,                 0,       1.800283823,     -0.3014904487,     0.08788637275
       2343,             23.43,       -8.91426243,      -9.647682681,       -10.1961721,                 0,       1.802255727,     -0.3721125946,     0.08806051035
       2344,             23.44,      -8.916104167,      -9.646726056,       -10.2036637,                 0,       1.805493149,     -0.4394628177,     0.08824176263
       2345,             23.45,       -8.91848529,      -9.646475021,      -10.21239775,                 0,       1.809875998,     -0.5029040986,     0.08842361789
       2346,             23.46,      -8.928888667,       -9.65646255,      -10.22762443,                 0,       1.815928863,     -0.5618613615,     0.08859969962
       2347,             23.47,      -8.939147549,      -9.662676152,      -10.24535182,                 0,       1.823255286,     -0.6156845954,     0.08876385821
       2348,             23.48,      -8.949831053,      -9.667813447,      -10.26347211,                 0,       1.831240022,     -0.6638151779,     0.08891036425
       2349,             23.49,      -8.962432463,      -9.675039917,      -10.28259868,                 0,       1.839600278,     -0.7057937138,     0.08903413454
       2350,              23.5,      -8.974046343,      -9.681735078,      -10.30111305,                 0,       1.848038317,     -0.7412303145,     0.08913095179
       2351,             23.51,      -8.984543946,      -9.687780718,      -10.31872644,                 0,       1.856261253,     -0.7698215597,     0.08919757913
       2352,             23.52,      -8.993691112,      -9.693251214,      -10.33447124,                 0,       1.863988159,     -0.7913278034,     0.08923179191
       2353,             23.53,      -9.000975669,      -9.698051514,      -10.34648086,                 0,       1.870964629,     -0.8056029726,     0.08923247126
       2354,             23.54,      -9.006023099,      -9.701993464,      -10.35258676,                 0,       1.876954409,     -0.8125753032,     0.08919964285
       2355,             23.55,      -9.008577422,      -9.704900804,      -10.35132815,                 0,       1.881773976,     -0.8122597318,     0.08913443191
       2356,             23.56,      -9.008563793,      -9.706578382,      -10.34314813,                 0,       1.885275671,     -0.8047308466,     0.08903903233
       2357,             23.57,      -9.006313879,      -9.707198067,      -10.33060987,                 0,       1.887359871,      -0.790135055,     0.08891667923
       2358,             23.58,      -9.002106157,      -9.706758744,      -10.31583261,                 0,       1.887963547,     -0.7686775663,     0.08877157421
       2359,             23.59,      -8.996369071,      -9.705345109,      -10.29967226,                 0,       1.887068985,     -0.7406089502,     0.08860884109
       2360,              23.6,      -8.989588438,      -9.703026664,      -10.28253666,                 0,       1.884706487,     -0.7062232676,     0.08843434028
       2361,             23.61,       -8.98214053,      -9.699847053,      -10.26521595,                 0,       1.880959679,     -0.6658441563,      0.0882543477
       2362,             23.62,      -8.974104277,       -9.69584569,      -10.24859287,                 0,       1.875964318,     -0.6198290204,     0.08807524519
       2363,             23.63,      -8.965672354,      -9.691244675,      -10.23316236,                 0,       1.869895925,     -0.5685673051,     0.08790330225
       2364,             23.64,      -8.956924507,      -9.686167039,      -10.21875679,                 0,       1.862949185,     -0.5124676473,      0.0877444729
       2365,             23.65,      -8.948132908,      -9.680840119,      -10.20540627,                 0,       1.855344443,     -0.4519732122,     0.08760417614
       2366,             23.66,      -8.939399391,      -9.675334334,      -10.19320169,                 0,       1.847322199,     -0.3875514679,     0.08748708677
       2367,             23.67,       -8.93082751,      -9.669723616,      -10.18237506,                 0,       1.839148903,     -0.3196993869,     0.08739703299
       2368,             23.68,        -8.9226454,      -9.664185253,      -10.17309684,                 0,       1.831099725,     -0.2489442173,     0.08733724683
       2369,             23.69,      -8.914850632,      -9.658734521,      -10.16531723,                 0,        1.82345001,     -0.1758390427,     0.08731025409
       2370,              23.7,      -8.907469756,      -9.653426617,      -10.15895185,                 0,       1.816460695,     -0.1009709417,      0.0873169434
       2371,             23.71,      -8.900737667,      -9.648501726,      -10.15397806,                 0,       1.810397008,    -0.02496391672,     0.08735882239
       2372,             23.72,      -8.894326925,      -9.643545281,      -10.15030309,                 0,       1.805445566,     0.05153026879,     0.08743469419
       2373,             23.73,      -8.892335842,      -9.646130631,      -10.14966964,                 0,       1.801942406,       0.127844711,     0.08754147198
       2374,             23.74,       -8.89463756,      -9.649069605,      -10.15270244,                 0,       1.800295207,      0.2032874047,     0.08767488904
       2375,             23.75,      -8.892522888,      -9.645744535,      -10.15515376,                 0,       1.799965758,      0.2771011256,     0.08782969108
       2376,             23.76,      -8.897041239,      -9.649210192,      -10.16126714,                 0,       1.801419401,       0.348661787,     0.08800005179
       2377,             23.77,      -8.898676341,      -9.649091006,      -10.16698677,                 0,       1.804226504,      0.4171790816,     0.08817971055
       2378,             23.78,      -8.900076905,      -9.648547315,      -10.17325349,                 0,       1.808233122,      0.4820092096,     0.08836217484
       2379,             23.79,      -8.904437741,      -9.649567454,      -10.18200668,                 0,       1.813599127,      0.5425220297,     0.08854098662
       2380,              23.8,      -8.916536333,      -9.658920284,      -10.19628789,                 0,       1.820685328,      0.5981670014,     0.08870992921
       2381,             23.81,      -8.923946633,      -9.661243126,      -10.20921545,                 0,       1.828450626,      0.6482532523,     0.08886309886
       2382,             23.82,      -8.935242435,      -9.667387411,      -10.22359977,                 0,       1.836721176,       0.692344244,     0.08899517672
       2383,             23.83,      -8.945948716,      -9.673181916,      -10.23765262,                 0,         1.8451701,       0.730009238,     0.08910161703
       2384,             23.84,      -8.955701944,      -9.678128819,      -10.25094263,                 0,       1.853503309,      0.7609267232,     0.08917884754
       2385,             23.85,      -8.964588633,      -9.682465165,      -10.26293684,                 0,       1.861434071,      0.7848338655,     0.08922429635
       2386,             23.86,      -8.972381958,       -9.68624555,      -10.27327555,                 0,       1.868698956,      0.8015520983,     0.08923646319
       2387,             23.87,      -8.978734642,        -9.6893302,      -10.28197886,                 0,       1.875055228,      0.8109865529,     0.08921498879
       2388,             23.88,      -8.983526564,      -9.691710973,      -10.28870145,                 0,       1.880302301,      0.8131259409,     0.08916063925
       2389,             23.89,      -8.986572094,      -9.693321695,      -10.29214862,                 0,       1.884276048,      0.8080259546,     0.08907523783
       2390,              23.9,      -8.987687303,      -9.694130653,      -10.29100891,                 0,       1.886860676,      0.7958047174,     0.08896165895
       2391,             23.91,      -8.986962813,      -9.694057214,      -10.28558164,                 0,       1.887976007,      0.7766476493,       0.088823792
       2392,             23.92,      -8.984690736,      -9.693164158,      -10.27817704,                 0,       1.887585861,       0.750786283,     0.08866644898
       2393,             23.93,      -8.981234792,      -9.691677396,      -10.27100962,                 0,       1.885705374,      0.7185040844,       0.088495279
       2394,             23.94,      -8.977016468,      -9.689855639,      -10.26464924,                 0,       1.882408166,      0.6801138601,     0.08831645809
       2395,             23.95,      -8.972265556,       -9.68769608,      -10.25798978,                 0,       1.877812497,       0.635958668,     0.08813636156
       2396,             23.96,      -8.966819178,      -9.684927734,      -10.25005116,                 0,       1.872084309,      0.5864253698,      0.0879613197
       2397,             23.97,      -8.960483972,      -9.681288606,       -10.2408605,                 0,       1.865408466,      0.5319161868,     0.08779741592
       2398,             23.98,      -8.953566376,      -9.677077455,       -10.2314042,                 0,       1.857996128,      0.4728609192,     0.08765028527
       2399,             23.99,      -8.946445346,      -9.672550503,      -10.22235377,                 0,        1.85007997,      0.4097165359,     0.08752485943
       2400,                24,      -8.939332096,      -9.667902304,      -10.21395921,                 0,       1.841922515,      0.3429705104,     0.08742526498
       2401,             24.01,      -8.932329545,      -9.663164918,      -10.20631714,                 0,       1.833797268,      0.2731414234,     0.08735476197
       2402,             24.02,      -8.925561408,      -9.658434261,      -10.19943018,                 0,       1.825983792,      0.2007725494,     0.08731646075
       2403,             24.03,      -8.919007779,      -9.653655533,      -10.19307823,                 0,       1.818745551,      0.1264370473,     0.08731171132
       2404,             24.04,      -8.912874423,      -9.649089336,      -10.18727407,                 0,       1.812346563,     0.05074802567,     0.08734169701
       2405,             24.05,       -8.90719167,      -9.644511318,      -10.18231558,                 0,       1.807006986,    -0.02565180017,     0.08740629917
       2406,             24.06,      -8.901772871,      -9.639785783,      -10.17821482,                 0,       1.802891934,     -0.1020962694,     0.08750297701
       2407,             24.07,      -8.907963032,      -9.646695211,      -10.18228437,                 0,       1.800728597,     -0.1779176365,      0.0876278681
       2408,             24.08,      -8.906536619,      -9.643506137,      -10.18443205,                 0,       1.799957601,     -0.2523464484,     0.08777599747
       2409,             24.09,      -8.910428769,      -9.645114015,      -10.19051917,                 0,       1.800778976,     -0.3247509033,     0.08794169824
       2410,              24.1,      -8.914935208,      -9.647420953,      -10.19853512,                 0,       1.803172228,     -0.3943806664,     0.08811884312
       2411,             24.11,      -8.917067467,      -9.646806526,      -10.20650338,                 0,       1.806798345,     -0.4605368771,      0.0883009904
       2412,             24.12,      -8.919137164,      -9.646175964,      -10.21544273,                 0,       1.811537333,     -0.5225630923,     0.08848163776
       2413,             24.13,      -8.933727235,      -9.660644764,      -10.23404464,                 0,       1.818221499,     -0.5799525563,     0.08865450308
       2414,             24.14,       -8.94135358,      -9.663181047,      -10.25064139,                 0,       1.825788018,     -0.6319661931,     0.08881352135
       2415,             24.15,      -8.953970973,      -9.670095858,      -10.26958639,                 0,       1.833928765,     -0.6781504453,     0.08895315737
       2416,             24.16,      -8.966323959,      -9.677299554,      -10.28859085,                 0,       1.842347553,     -0.7180399238,     0.08906857198
       2417,             24.17,       -8.97752215,       -9.68372117,      -10.30678743,                 0,       1.850747173,     -0.7512824066,     0.08915586976
       2418,             24.18,      -8.987653354,      -9.689587221,      -10.32392094,                 0,       1.858838608,     -0.7775948502,     0.08921214048
       2419,             24.19,      -8.996256604,      -9.694872002,      -10.33872188,                 0,       1.866349188,      -0.796763372,     0.08923550997
       2420,              24.2,      -9.002829379,       -9.69940553,      -10.34917961,                 0,       1.873028957,     -0.8086692905,     0.08922523114
       2421,             24.21,      -9.007095525,      -9.703046014,      -10.35310455,                 0,       1.878656432,      -0.813269063,     0.08918169939
       2422,             24.22,      -9.008847491,      -9.705581718,      -10.34936423,                 0,       1.883060405,     -0.8105987569,     0.08910638445
       2423,             24.23,      -9.008080159,      -9.706902805,      -10.33933895,                 0,       1.886110019,     -0.8007534348,     0.08900181735
       2424,             24.24,      -9.005138502,      -9.707152938,      -10.32587914,                 0,       1.887718935,     -0.7839036944,     0.08887156116
       2425,             24.25,      -9.000352868,      -9.706367069,      -10.31071369,                 0,       1.887837157,     -0.7602681986,     0.08872009572
       2426,             24.26,      -8.994242159,      -9.704689051,      -10.29421104,                 0,       1.886459695,     -0.7301135411,     0.08855283012
       2427,             24.27,      -8.987219238,      -9.702091909,        -10.276888,                 0,       1.883635179,     -0.6937444766,     0.08837581024
       2428,             24.28,      -8.979591852,      -9.698634473,      -10.25967338,                 0,       1.879462878,     -0.6514923542,     0.08819538308
       2429,             24.29,      -8.971407254,       -9.69440358,      -10.24343972,                 0,       1.874098623,     -0.6037291212,      0.0880179175
       2430,              24.3,      -8.962865762,      -9.689641168,      -10.22839495,                 0,        1.86772316,     -0.5508492749,     0.08784959866
       2431,             24.31,      -8.954077851,      -9.684469109,      -10.21432234,                 0,       1.860539215,      -0.493271705,     0.08769623179
       2432,             24.32,      -8.945290445,      -9.679069188,      -10.20131103,                 0,       1.852771001,     -0.4314483913,     0.08756300437
       2433,             24.33,      -8.936580754,      -9.673516881,      -10.18949792,                 0,       1.844669502,     -0.3658561577,     0.08745432778
       2434,             24.34,      -8.928102282,      -9.667898183,      -10.17915077,                 0,       1.836505309,     -0.2970023106,     0.08737373063
       2435,             24.35,      -8.920060211,      -9.662398988,      -10.17038102,                 0,       1.828556177,     -0.2254216566,     0.08732442764
       2436,             24.36,      -8.912413459,      -9.656999141,      -10.16309609,                 0,       1.821092697,      -0.151677263,     0.08730836168
       2437,             24.37,      -8.905123251,      -9.651692034,       -10.1571321,                 0,       1.814374985,    -0.07636898528,     0.08732641644
       2438,             24.38,      -8.898665146,      -9.646946377,      -10.15266621,                 0,        1.80865698,  -0.0001306120569,     0.08737958006
       2439,             24.39,      -8.892353759,      -9.641972476,      -10.14942254,                 0,       1.804104137,     0.07637755426,     0.08746589811
       2440,              24.4,       -8.89396633,      -9.648228564,      -10.15087475,                 0,       1.801265748,      0.1524925448,     0.08758186338
       2441,             24.41,      -8.893764928,       -9.64778845,      -10.15337744,                 0,       1.800035233,      0.2274760542,      0.0877228441
       2442,             24.42,      -8.893332603,      -9.645970372,      -10.15674274,                 0,       1.800228625,      0.3006343016,     0.08788336606
       2443,             24.43,       -8.89814292,       -9.64994154,      -10.16328912,                 0,       1.802197278,      0.3712926858,     0.08805745731
       2444,             24.44,      -8.898997534,      -9.648765946,      -10.16889634,                 0,       1.805400478,      0.4386799473,     0.08823875377
       2445,             24.45,      -8.900343161,      -9.648206771,      -10.17540532,                 0,       1.809765069,      0.5021659432,     0.08842074274
       2446,             24.46,      -8.909296844,      -9.653799961,      -10.18689681,                 0,       1.815812496,      0.5611793489,     0.08859703763
       2447,             24.47,      -8.918515761,      -9.659253177,      -10.20032069,                 0,       1.823134032,      0.6150676644,     0.08876149066
       2448,             24.48,      -8.927676652,      -9.663273861,      -10.21392304,                 0,       1.831099268,       0.663259917,     0.08890836808
       2449,             24.49,      -8.938829153,      -9.669378406,      -10.22824608,                 0,       1.839459834,      0.7053033345,     0.08903257536
       2450,              24.5,      -8.949212918,      -9.674866371,      -10.24208961,                 0,       1.847903231,      0.7408082589,     0.08912988108
       2451,             24.51,      -8.958711366,      -9.679620822,      -10.25501233,                 0,       1.856136184,      0.7694735798,      0.0891970346
       2452,             24.52,      -8.967266901,      -9.683768047,      -10.26648208,                 0,       1.863878086,      0.7910593874,     0.08923179648
       2453,             24.53,       -8.97461432,      -9.687328864,      -10.27633587,                 0,       1.870872789,      0.8054184772,     0.08923303318
       2454,             24.54,      -8.980495453,      -9.690199519,      -10.28452926,                 0,       1.876888721,      0.8124792068,     0.08920075508
       2455,             24.55,      -8.984756981,      -9.692355112,       -10.2903169,                 0,       1.881738067,      0.8122578131,      0.0891360711
       2456,             24.56,      -8.987139214,      -9.693671718,      -10.29225067,                 0,       1.885271681,       0.804827594,     0.08904115579
       2457,             24.57,       -8.98763476,      -9.694192633,       -10.2895451,                 0,       1.887386148,      0.7903307454,     0.08891922558
       2458,             24.58,      -8.986376227,      -9.693844463,      -10.28326841,                 0,       1.888013227,      0.7689675652,     0.08877446751
       2459,             24.59,      -8.983685065,      -9.692741547,      -10.27583817,                 0,       1.887133747,      0.7409871294,      0.0886119941
       2460,              24.6,      -8.979944743,      -9.691129169,      -10.26899793,                 0,       1.884782833,      0.7066843258,     0.08843765965
       2461,             24.61,      -8.975566475,      -9.689220651,      -10.26261975,                 0,        1.88104846,      0.6663810867,     0.08825773663
       2462,             24.62,      -8.970578223,       -9.68687787,      -10.25554796,                 0,       1.876066327,      0.6204357432,     0.08807860517
       2463,             24.63,      -8.964853547,      -9.683834682,      -10.24711926,                 0,       1.870009204,      0.5692409332,     0.08790653743
       2464,             24.64,      -8.958259188,      -9.679946133,      -10.23774481,                 0,       1.863068923,       0.513205778,     0.08774749498
       2465,             24.65,      -8.951256698,      -9.675621778,       -10.2283947,                 0,       1.855465457,      0.4527707517,     0.08760690807
       2466,             24.66,      -8.944128972,      -9.671054044,       -10.2195463,                 0,       1.847441117,      0.3884016662,     0.08748946373
       2467,             24.67,      -8.937038903,      -9.666369808,      -10.21140259,                 0,       1.839264113,      0.3205957886,     0.08739900352
       2468,             24.68,       -8.93012482,      -9.661643148,      -10.20402831,                 0,       1.831209853,      0.2498807613,     0.08733876161
       2469,             24.69,      -8.923403856,      -9.656881038,      -10.19731977,                 0,        1.82355486,      0.1768081401,     0.08731128693
       2470,              24.7,      -8.916935403,      -9.652096223,      -10.19111194,                 0,         1.8165588,      0.1019640814,     0.08731748645
       2471,             24.71,      -8.911053203,       -9.64767667,      -10.18559813,                 0,       1.810486894,     0.02597263126,     0.08735885727
       2472,             24.72,      -8.905357831,      -9.642944873,      -10.18085343,                 0,       1.805525973,    -0.05051577658,     0.08743424312
       2473,             24.73,      -8.904207516,      -9.642753837,       -10.1795016,                 0,        1.80199274,     -0.1268309045,     0.08754057712
       2474,             24.74,      -8.907969742,      -9.646294533,      -10.18310232,                 0,       1.800328506,     -0.2022841004,     0.08767361338
       2475,             24.75,      -8.906546865,      -9.642875598,      -10.18551851,                 0,       1.799998863,     -0.2761234515,     0.08782809988
       2476,             24.76,      -8.912651578,      -9.646802511,      -10.19335501,                 0,       1.801413398,     -0.3477170364,      0.0879982177
       2477,             24.77,       -8.91540128,      -9.646983208,      -10.20090295,                 0,       1.804218436,     -0.4162836228,     0.08817770725
       2478,             24.78,      -8.917851542,      -9.646719744,      -10.20933054,                 0,       1.808217897,     -0.4811730762,     0.08836007733
       2479,             24.79,      -8.923068967,      -9.651409566,      -10.22068558,                 0,       1.813560229,     -0.5417510282,     0.08853887264
       2480,              24.8,      -8.936681417,      -9.662065271,      -10.23962476,                 0,       1.820598856,     -0.5974623458,     0.08870787511
       2481,             24.81,      -8.945251135,      -9.665253435,      -10.25676671,                 0,       1.828381864,     -0.6476334247,     0.08886116787
       2482,             24.82,      -8.958089234,      -9.672497747,      -10.27591408,                 0,       1.836645031,     -0.6918177407,     0.08899342604
       2483,             24.83,      -8.970114762,      -9.679481938,      -10.29470776,                 0,       1.845089961,     -0.7295832402,     0.08910009371
       2484,             24.84,      -8.980979689,      -9.685717106,      -10.31265419,                 0,       1.853420786,     -0.7606029263,     0.08917758754
       2485,             24.85,      -8.990657187,      -9.691386725,      -10.32918718,                 0,       1.861351769,     -0.7846124586,     0.08922332412
       2486,             24.86,      -8.998660478,      -9.696453716,      -10.34274828,                 0,       1.868619512,     -0.8014316446,     0.08923578979
       2487,             24.87,      -9.004502225,      -9.700702585,      -10.35118526,                 0,       1.874978751,     -0.8109643954,     0.08921461104
       2488,             24.88,      -9.007936699,      -9.703993484,      -10.35264303,                 0,        1.88022703,     -0.8131959335,     0.08916054259
       2489,             24.89,      -9.008842434,      -9.706123528,       -10.3466799,                 0,       1.884203168,     -0.8081807966,     0.08907539889
       2490,              24.9,      -9.007345699,      -9.707109469,      -10.33531683,                 0,       1.886792411,     -0.7960384909,     0.08896204663
       2491,             24.91,      -9.003784444,      -9.707034439,      -10.32113949,                 0,       1.887919224,     -0.7769581298,     0.08882436784
       2492,             24.92,       -8.99850384,      -9.705923375,      -10.30545112,                 0,       1.887549651,      -0.751173292,      0.0886671634
       2493,             24.93,       -8.99205066,       -9.70394011,      -10.28860898,                 0,       1.885694221,     -0.7189651262,     0.08849607229
       2494,             24.94,      -8.984798181,      -9.701055662,      -10.27124493,                 0,       1.882420105,      -0.680647362,      0.0883172652
       2495,             24.95,      -8.976974803,      -9.697332092,      -10.25427485,                 0,       1.877842047,     -0.6365622011,     0.08813711851
       2496,             24.96,      -8.968662836,      -9.692911954,      -10.23842107,                 0,       1.872128095,     -0.5870929183,     0.08796196533
       2497,             24.97,       -8.96002018,      -9.687994262,      -10.22369561,                 0,       1.865465217,     -0.5326392961,     0.08779789191
       2498,             24.98,      -8.951219564,      -9.682746361,      -10.20996316,                 0,       1.858065843,     -0.4736322543,     0.08765053787
       2499,             24.99,      -8.942462027,      -9.677287183,        -10.197357,                 0,       1.850160344,     -0.4105308347,      0.0875248414
       2500,                25,       -8.93380814,      -9.671703061,      -10.18600815,                 0,       1.842009114,      -0.343821733,     0.08742493823
