"Time_Iter","Outer_Iter","Inner_Iter",    "rms[Rho]"    ,    "rms[RhoU]"   ,    "rms[RhoV]"   ,    "rms[RhoE]"   ,     "rms[nu]"    
          0,           0,           0,      -3.863545102,      -13.50071975,      -13.48617664,       -1.81583767,      -9.127896143
          0,           0,           1,      -4.275869356,      -3.506237365,      -3.345397101,      -2.227628211,      -9.419143596
          0,           0,           2,      -4.431632532,      -3.589628057,      -3.454863375,       -2.37924581,      -9.755498126
          0,           0,           3,      -4.420418878,       -3.66992087,      -3.661369139,      -2.369058991,      -10.01320251
          0,           0,           4,      -4.470500134,      -3.738476567,      -3.751828785,      -2.419588386,      -10.17408017
          0,           0,           5,      -4.533614295,      -3.794886011,      -3.761908338,      -2.483008484,      -10.26887736
          0,           0,           6,      -4.582799036,      -3.843189551,      -3.781988396,      -2.533037193,      -10.33971451
          0,           0,           7,      -4.618616276,      -3.886605886,      -3.807473386,      -2.569876714,      -10.41078763
          0,           0,           8,      -4.642573883,      -3.926617552,      -3.826778385,      -2.594613736,      -10.46436394
          0,           0,           9,      -4.655893004,       -3.96282749,      -3.836057154,      -2.608345531,      -10.50475828
          0,           0,          10,      -4.660257971,      -3.993587867,      -3.835653465,      -2.612850757,      -10.53772617
          0,           0,          11,       -4.65746434,      -4.016514439,      -3.827443949,      -2.610081757,      -10.56508118
          0,           0,          12,      -4.649486501,      -4.029249784,      -3.813816836,      -2.602130705,      -10.58802335
          0,           0,          13,      -4.638382242,      -4.030411987,      -3.797235711,      -2.591110441,          -10.6096
          0,           0,          14,      -4.626002945,      -4.020574428,      -3.779881148,      -2.578882103,      -10.63298818
          0,           0,          15,      -4.613751661,      -4.002117324,      -3.763377705,      -2.566835358,      -10.64979431
          0,           0,          16,      -4.602528108,      -3.978228643,      -3.748700559,      -2.555847614,      -10.66326348
          0,           0,          17,      -4.592780915,      -3.951847353,      -3.736233093,       -2.54634407,      -10.67471982
          0,           0,          18,      -4.584604373,      -3.925110111,      -3.725914689,      -2.538398832,      -10.68468266
          0,           0,          19,      -4.577832895,      -3.899299665,      -3.717416703,      -2.531832323,      -10.69343617
          0,           0,          20,      -4.572124505,      -3.875046801,       -3.71030628,      -2.526296478,      -10.70116018
          0,           0,          21,      -4.567042714,      -3.852580621,      -3.704170324,      -2.521356506,      -10.70857297
          0,           0,          22,      -4.562141423,      -3.831922023,      -3.698684173,      -2.516573494,      -10.71661305
          0,           0,          23,      -4.557049425,      -3.812999808,      -3.693626284,      -2.511585018,      -10.72274775
          0,           0,          24,       -4.55153893,      -3.795703408,      -3.688859969,      -2.506170762,      -10.72677712
          0,           0,          25,      -4.545549863,      -3.779899007,      -3.684300839,      -2.500273659,      -10.72937421
          0,           0,          26,      -4.539166677,      -3.765434677,      -3.679890223,       -2.49397561,      -10.73080992
          0,           0,          27,        -4.5325589,      -3.752148388,      -3.675583702,      -2.487438765,      -10.73126598
          0,           0,          28,      -4.525911793,      -3.739881112,      -3.671355042,      -2.480839256,       -10.7309045
          0,           0,          29,      -4.519363417,      -3.728493825,      -3.667201441,       -2.47430595,      -10.72984008
          0,           0,          30,      -4.512969397,      -3.717880928,      -3.663148195,       -2.46788712,      -10.72814941
          0,           0,          31,      -4.506697758,      -3.707973169,      -3.659247079,      -2.461546761,      -10.72601821
          0,           0,          32,      -4.500448643,      -3.698733218,      -3.655567895,      -2.455185516,      -10.72369357
          0,           0,          33,      -4.494087077,      -3.690146431,      -3.652181927,       -2.44867307,        -10.720577
          0,           0,          34,      -4.487481754,      -3.682206824,      -3.649146365,      -2.441886427,      -10.71638159
          0,           0,          35,       -4.48053717,      -3.674905184,      -3.646492146,      -2.434741179,      -10.71134477
          0,           0,          36,      -4.473210624,      -3.668222846,      -3.644215835,      -2.427206608,      -10.70563841
          0,           0,          37,      -4.465515064,      -3.662130628,      -3.642278386,      -2.419306807,      -10.69941426
          0,           0,          38,       -4.45750838,      -3.656589997,      -3.640610372,      -2.411108615,       -10.6928138
          0,           0,          39,      -4.449275119,      -3.651556299,      -3.639120922,      -2.402702361,      -10.68595775
          0,           0,          40,      -4.440909275,      -3.646980545,      -3.637708563,      -2.394184651,       -10.6789511
          0,           0,          41,      -4.432500985,      -3.642810404,      -3.636270128,      -2.385645499,      -10.67187576
          0,           0,          42,      -4.424129426,      -3.638986423,      -3.634708871,      -2.377162019,      -10.66480338
          0,           0,          43,      -4.415860173,      -3.635437555,      -3.632939816,       -2.36879661,      -10.65778363
          0,           0,          44,      -4.407745507,        -3.6320774,      -3.630892655,      -2.360598006,      -10.65083552
          0,           0,          45,      -4.399825577,      -3.628803365,      -3.628513262,       -2.35260298,      -10.64390725
          0,           0,          46,      -4.392129174,      -3.625498365,      -3.625765386,       -2.34483735,      -10.63692119
          0,           0,          47,      -4.384673963,      -3.622037913,      -3.622632164,        -2.3373163,      -10.62984937
          0,           0,          48,      -4.377466666,       -3.61830117,        -3.6191175,      -2.330044538,      -10.62267878
          0,           0,          49,      -4.370504021,      -3.614183659,       -3.61524597,        -2.3230172,      -10.61539213
          0,           0,          50,      -4.363774732,      -3.609609641,      -3.611061269,      -2.316221766,      -10.60796479
          0,           0,          51,      -4.357261985,      -3.604541664,      -3.606622377,      -2.309640554,      -10.60037407
          0,           0,          52,      -4.350946183,      -3.598984911,       -3.60199789,      -2.303253471,      -10.59259482
          0,           0,          53,      -4.344807121,      -3.592985164,      -3.597259176,      -2.297040152,      -10.58461563
          0,           0,          54,        -4.3388253,      -3.586621505,      -3.592473298,      -2.290981261,       -10.5764333
          0,           0,          55,       -4.33298218,      -3.579994995,      -3.587697035,      -2.285058679,      -10.56805713
          0,           0,          56,      -4.327259799,      -3.573215689,      -3.582972737,       -2.27925504,      -10.55949952
          0,           0,          57,      -4.321640176,      -3.566390425,      -3.578326346,      -2.273553078,      -10.55078473
          0,           0,          58,      -4.316104935,      -3.559612933,      -3.573767614,      -2.267935171,      -10.54193948
          0,           0,          59,      -4.310635629,      -3.552957124,      -3.569292098,      -2.262383632,      -10.53298234
          0,           0,          60,      -4.305214704,      -3.546473853,      -3.564884289,       -2.25688165,      -10.52395269
          0,           0,          61,       -4.29982693,      -3.540190595,      -3.560521041,      -2.251414711,      -10.51486897
          0,           0,          62,       -4.29446097,      -3.534113504,       -3.55617491,       -2.24597217,      -10.50579904
          0,           0,          63,        -4.2891106,      -3.528231024,      -3.551816917,      -2.240548463,      -10.49683284
          0,           0,          64,      -4.283775405,      -3.522518367,      -3.547418719,      -2.235143807,      -10.48802399
          0,           0,          65,      -4.278460653,       -3.51694221,       -3.54295396,       -2.22976407,       -10.4794212
          0,           0,          66,      -4.273176502,      -3.511465181,      -3.538399073,       -2.22441996,      -10.47099689
          0,           0,          67,      -4.267936669,       -3.50604972,       -3.53373368,      -2.219125704,      -10.46276054
          0,           0,          68,      -4.262756775,      -3.500661201,      -3.528940725,      -2.213897371,      -10.45471318
          0,           0,          69,      -4.257652742,      -3.495270123,      -3.524006468,      -2.208751281,      -10.44686116
          0,           0,          70,      -4.252639295,      -3.489853429,      -3.518920402,      -2.203702498,      -10.43919111
          0,           0,          71,      -4.247728861,      -3.484395054,      -3.513675183,      -2.198763735,      -10.43168027
          0,           0,          72,      -4.242930798,       -3.47888582,        -3.5082665,      -2.193944577,      -10.42432692
          0,           0,          73,      -4.238251026,      -3.473322797,      -3.502692986,      -2.189251116,       -10.4171835
          0,           0,          74,      -4.233691922,      -3.467708426,      -3.496956141,      -2.184685847,      -10.41022811
          0,           0,          75,      -4.229252444,       -3.46204951,      -3.491060292,      -2.180247788,      -10.40345372
          0,           0,          76,      -4.224928384,      -3.456356175,      -3.485012544,      -2.175932741,      -10.39685414
          0,           0,          77,      -4.220712687,      -3.450640906,      -3.478822772,      -2.171733606,      -10.39043778
          0,           0,          78,      -4.216595825,      -3.444917699,      -3.472503614,      -2.167640767,      -10.38419859
          0,           0,          79,      -4.212566158,      -3.439201323,      -3.466070434,      -2.163642443,      -10.37811218
          0,           0,          80,      -4.208610365,      -3.433506716,        -3.4595412,      -2.159725141,      -10.37217443
          0,           0,          81,      -4.204713814,      -3.427848443,      -3.452936247,      -2.155874011,      -10.36638538
          0,           0,          82,      -4.200861054,       -3.42224023,      -3.446277933,      -2.152073366,      -10.36072899
          0,           0,          83,      -4.197036249,      -3.416694558,      -3.439590142,      -2.148307093,      -10.35518846
          0,           0,          84,      -4.193223718,      -3.411222318,      -3.432897698,      -2.144559215,      -10.34982456
          0,           0,          85,      -4.189408412,      -3.405832528,      -3.426225708,      -2.140814349,      -10.34461367
          0,           0,          86,      -4.185576421,      -3.400532164,       -3.41959889,      -2.137058234,      -10.33947278
          0,           0,          87,      -4.181715394,      -3.395326079,      -3.413040924,      -2.133278124,      -10.33440582
          0,           0,          88,       -4.17781491,      -3.390217098,      -3.406573876,      -2.129463178,      -10.32936639
          0,           0,          89,      -4.173866716,      -3.385206198,      -3.400217741,      -2.125604686,      -10.32435946
          0,           0,          90,       -4.16986489,      -3.380292846,      -3.393990133,      -2.121696246,      -10.31939582
          0,           0,          91,      -4.165805869,      -3.375475413,      -3.387906101,      -2.117733788,        -10.314509
          0,           0,          92,      -4.161688401,      -3.370751653,      -3.381978081,      -2.113715541,      -10.30963637
          0,           0,          93,      -4.157513375,      -3.366119163,      -3.376215966,      -2.109641865,      -10.30473606
          0,           0,          94,      -4.153283637,      -3.361575817,      -3.370627294,      -2.105515086,      -10.29977584
          0,           0,          95,      -4.149003737,      -3.357120091,      -3.365217481,      -2.101339242,      -10.29472164
          0,           0,          96,      -4.144679703,      -3.352751294,      -3.359990116,      -2.097119877,      -10.28961546
          0,           0,          97,      -4.140318771,      -3.348469619,       -3.35494723,      -2.092863776,       -10.2844615
          0,           0,          98,      -4.135929203,       -3.34427607,      -3.350089562,      -2.088578798,      -10.27925771
          0,           0,          99,      -4.131520053,      -3.340172233,      -3.345416745,       -2.08427365,      -10.27397432
          0,           0,         100,      -4.127101034,      -3.336159931,      -3.340927461,      -2.079957764,       -10.2685474
          0,           0,         101,       -4.12268233,      -3.332240771,      -3.336619501,      -2.075641118,      -10.26300053
          0,           0,         102,      -4.118274475,      -3.328415656,      -3.332489794,      -2.071334121,      -10.25736769
          0,           0,         103,      -4.113888191,      -3.324684264,      -3.328534357,       -2.06704746,      -10.25166306
          0,           0,         104,      -4.109534241,      -3.321044564,       -3.32474823,      -2.062791953,      -10.24586663
          0,           0,         105,       -4.10522326,      -3.317492412,      -3.321125386,      -2.058578386,      -10.24003347
          0,           0,         106,      -4.100965571,      -3.314021261,      -3.317658652,      -2.054417321,      -10.23414504
          0,           0,         107,      -4.096770988,      -3.310622034,      -3.314339645,        -2.0503189,      -10.22815241
          0,           0,         108,      -4.092648617,      -3.307283153,      -3.311158781,      -2.046292629,      -10.22206853
          0,           0,         109,      -4.088606643,       -3.30399079,      -3.308105333,      -2.042347152,      -10.21594937
          0,           0,         110,      -4.084652144,      -3.300729306,      -3.305167572,      -2.038490043,      -10.20976584
          0,           0,         111,      -4.080790901,      -3.297481893,      -3.302332963,      -2.034727589,      -10.20357587
          0,           0,         112,      -4.077027269,      -3.294231386,      -3.299588468,      -2.031064634,      -10.19744102
          0,           0,         113,      -4.073364077,      -3.290961177,      -3.296920886,      -2.027504437,       -10.1913727
          0,           0,         114,      -4.069802573,      -3.287656228,      -3.294317268,      -2.024048584,      -10.18528682
          0,           0,         115,      -4.066342453,       -3.28430405,      -3.291765353,      -2.020696979,      -10.17905632
          0,           0,         116,      -4.062981916,      -3.280895645,      -3.289254024,      -2.017447858,      -10.17281301
          0,           0,         117,      -4.059717799,       -3.27742625,      -3.286773724,        -2.0142979,      -10.16664566
          0,           0,         118,      -4.056545764,      -3.273895911,      -3.284316877,       -2.01124239,       -10.1605882
          0,           0,         119,      -4.053460511,      -3.270309731,      -3.281878189,      -2.008275414,      -10.15461891
          0,           0,         120,      -4.050456049,      -3.266677854,      -3.279454891,      -2.005390142,      -10.14875935
          0,           0,         121,      -4.047525968,      -3.263015089,       -3.27704683,      -2.002579107,      -10.14298392
          0,           0,         122,      -4.044663722,      -3.259340248,      -3.274656483,      -1.999834532,       -10.1371236
          0,           0,         123,      -4.041862909,      -3.255675183,      -3.272288802,      -1.997148652,      -10.13131445
          0,           0,         124,      -4.039117506,      -3.252043611,      -3.269950953,      -1.994514025,      -10.12567806
          0,           0,         125,      -4.036422097,      -3.248469766,      -3.267651913,       -1.99192383,       -10.1201646
          0,           0,         126,      -4.033772017,      -3.244976995,      -3.265401964,      -1.989372106,      -10.11478614
          0,           0,         127,       -4.03116347,      -3.241586323,      -3.263212086,      -1.986853951,      -10.10952946
          0,           0,         128,      -4.028593573,      -3.238315116,      -3.261093284,      -1.984365656,      -10.10443981
          0,           0,         129,      -4.026060345,      -3.235175875,      -3.259055867,      -1.981904763,      -10.09943263
          0,           0,         130,      -4.023562638,      -3.232175253,      -3.257108715,      -1.979470056,      -10.09448042
          0,           0,         131,      -4.021100028,      -3.229313346,      -3.255258579,      -1.977061487,      -10.08963733
          0,           0,         132,      -4.018672661,      -3.226583308,       -3.25350942,      -1.974680029,       -10.0849034
          0,           0,         133,      -4.016281076,      -3.223971346,      -3.251861856,       -1.97232748,       -10.0802797
          0,           0,         134,      -4.013926019,      -3.221457107,      -3.250312728,      -1.970006224,      -10.07577154
          0,           0,         135,      -4.011608248,      -3.219014484,      -3.248854829,       -1.96771897,      -10.07139502
          0,           0,         136,      -4.009328358,       -3.21661284,      -3.247476835,      -1.965468473,      -10.06713568
          0,           0,         137,       -4.00708662,      -3.214218593,      -3.246163446,       -1.96325727,      -10.06292808
          0,           0,         138,      -4.004882856,      -3.211797126,      -3.244895769,      -1.961087422,      -10.05876944
          0,           0,         139,      -4.002716346,      -3.209314876,      -3.243651936,      -1.958960307,      -10.05464374
          0,           0,         140,      -4.000585773,      -3.206741508,      -3.242407961,      -1.956876446,      -10.05058797
          0,           0,         141,      -3.998489201,      -3.204051979,      -3.241138798,      -1.954835385,      -10.04661644
          0,           0,         142,      -3.996424098,      -3.201228325,      -3.239819561,      -1.952835629,      -10.04269777
          0,           0,         143,      -3.994387382,      -3.198261019,      -3.238426825,       -1.95087465,      -10.03882398
          0,           0,         144,      -3.992375502,      -3.195149735,      -3.236939939,      -1.948948936,      -10.03498616
          0,           0,         145,      -3.990384521,      -3.191903467,      -3.235342246,      -1.947054092,      -10.03124205
          0,           0,         146,      -3.988410222,      -3.188539955,      -3.233622114,      -1.945184989,       -10.0274808
          0,           0,         147,      -3.986448203,      -3.185084468,       -3.23177369,       -1.94333593,       -10.0236957
          0,           0,         148,      -3.984493961,      -3.181568061,      -3.229797296,       -1.94150083,      -10.01993815
          0,           0,         149,      -3.982542964,      -3.178025429,      -3.227699433,      -1.939673405,      -10.01619408
          0,           0,         150,      -3.980590699,      -3.174492575,       -3.22549238,      -1.937847339,      -10.01248691
          0,           0,         151,      -3.978632689,       -3.17100443,      -3.223193411,      -1.936016417,      -10.00883681
          0,           0,         152,      -3.976664482,      -3.167592627,      -3.220823696,      -1.934174626,      -10.00523186
          0,           0,         153,      -3.974681622,       -3.16428356,      -3.218406972,      -1.932316211,      -10.00166715
          0,           0,         154,      -3.972679579,      -3.161096841,       -3.21596808,      -1.930435674,      -9.998084877
          0,           0,         155,       -3.97065368,      -3.158044241,      -3.213531481,      -1.928527722,      -9.994490777
          0,           0,         156,      -3.968599021,      -3.155129151,      -3.211119851,      -1.926587193,      -9.990912828
          0,           0,         157,      -3.966510398,      -3.152346602,      -3.208752851,      -1.924608939,        -9.9873764
          0,           0,         158,       -3.96438224,      -3.149683813,      -3.206446136,      -1.922587699,      -9.983896297
          0,           0,         159,       -3.96220858,      -3.147121254,      -3.204210663,      -1.920517981,      -9.980479449
          0,           0,         160,      -3.959983076,      -3.144634156,      -3.202052333,       -1.91839398,      -9.977111905
          0,           0,         161,       -3.95769907,      -3.142194373,      -3.199971955,      -1.916209528,      -9.973737605
          0,           0,         162,      -3.955349715,      -3.139772494,      -3.197965547,      -1.913958116,      -9.970307816
          0,           0,         163,      -3.952928152,      -3.137340051,      -3.196024913,      -1.911632983,      -9.966912327
          0,           0,         164,      -3.950427755,      -3.134871668,      -3.194138478,      -1.909227298,       -9.96357662
          0,           0,         165,      -3.947842418,      -3.132346968,      -3.192292286,      -1.906734404,      -9.960278772
          0,           0,         166,      -3.945166859,      -3.129752089,      -3.190471104,      -1.904148131,      -9.957035148
          0,           0,         167,      -3.942396957,      -3.127080669,      -3.188659535,      -1.901463163,      -9.953793649
          0,           0,         168,      -3.939530071,      -3.124334209,      -3.186843058,      -1.898675433,      -9.950538746
          0,           0,         169,      -3.936565308,      -3.121521776,        -3.1850089,       -1.89578249,      -9.947255648
          0,           0,         170,      -3.933503734,      -3.118659083,      -3.183146671,      -1.892783828,       -9.94401104
          0,           0,         171,      -3.930348514,      -3.115767029,      -3.181248715,      -1.889681165,       -9.94077339
          0,           0,         172,      -3.927104942,      -3.112869841,      -3.179310148,      -1.886478601,      -9.937521892
          0,           0,         173,      -3.923780337,      -3.109992964,      -3.177328566,      -1.883182626,      -9.934337339
          0,           0,         174,      -3.920383863,      -3.107160902,      -3.175303468,      -1.879802035,      -9.931262562
          0,           0,         175,      -3.916926252,      -3.104395165,      -3.173235471,      -1.876347721,       -9.92823136
          0,           0,         176,      -3.913419404,      -3.101712468,      -3.171125352,      -1.872832286,      -9.925057073
          0,           0,         177,      -3.909875946,      -3.099123336,       -3.16897303,      -1.869269568,       -9.92182979
          0,           0,         178,      -3.906308828,      -3.096631178,      -3.166776649,      -1.865674203,      -9.918666843
          0,           0,         179,      -3.902730845,      -3.094231916,      -3.164531759,      -1.862061031,      -9.915623807
          0,           0,         180,      -3.899154223,      -3.091914188,      -3.162230748,      -1.858444552,      -9.912711225
          0,           0,         181,       -3.89559033,      -3.089660129,       -3.15986262,      -1.854838501,      -9.909840653
          0,           0,         182,      -3.892049466,       -3.08744669,       -3.15741314,      -1.851255478,      -9.906960429
          0,           0,         183,      -3.888540713,       -3.08524742,      -3.154865333,      -1.847706633,      -9.903941386
          0,           0,         184,      -3.885071984,      -3.083034599,      -3.152200416,      -1.844201564,      -9.900964368
          0,           0,         185,      -3.881650205,      -3.080781581,      -3.149399087,      -1.840748395,      -9.898055295
          0,           0,         186,       -3.87828152,      -3.078465147,       -3.14644302,      -1.837353853,      -9.895191052
          0,           0,         187,      -3.874971652,      -3.076067698,      -3.143316572,      -1.834023583,      -9.892391283
          0,           0,         188,      -3.871726319,      -3.073579059,      -3.140008512,      -1.830762541,      -9.889612758
          0,           0,         189,      -3.868551625,      -3.070997755,      -3.136513582,      -1.827575406,      -9.886855512
          0,           0,         190,      -3.865454448,      -3.068331592,      -3.132833817,      -1.824467033,      -9.884033506
          0,           0,         191,      -3.862442757,      -3.065597506,       -3.12897946,      -1.821442877,       -9.88114077
          0,           0,         192,      -3.859525824,      -3.062820674,      -3.124969357,      -1.818509348,      -9.878298563
          0,           0,         193,      -3.856714284,      -3.060032963,      -3.120830815,      -1.815674033,      -9.875563369
          0,           0,         194,       -3.85402005,      -3.057270852,      -3.116598918,      -1.812945792,      -9.872911703
          0,           0,         195,      -3.851456055,      -3.054573011,      -3.112315347,      -1.810334684,      -9.870290558
          0,           0,         196,      -3.849035836,      -3.051977712,      -3.108026801,      -1.807851729,      -9.867678791
          0,           0,         197,      -3.846772964,      -3.049520276,      -3.103783151,      -1.805508486,       -9.86505061
          0,           0,         198,      -3.844680368,      -3.047230707,      -3.099635449,      -1.803316508,      -9.862437909
          0,           0,         199,      -3.842769588,       -3.04513167,      -3.095633928,      -1.801286687,      -9.859989992
          0,           0,         200,      -3.841049986,      -3.043236906,        -3.0918261,      -1.799428521,      -9.857692087
          0,           0,         201,      -3.839527981,      -3.041550172,      -3.088255047,      -1.797749356,      -9.855485966
          0,           0,         202,      -3.838206356,      -3.040064752,      -3.084957969,      -1.796253676,      -9.853312985
          0,           0,         203,       -3.83708369,      -3.038763587,      -3.081965025,      -1.794942471,      -9.851177772
          0,           0,         204,      -3.836153929,      -3.037620002,      -3.079298488,      -1.793812715,      -9.849062001
          0,           0,         205,      -3.835406166,      -3.036599062,      -3.076972225,      -1.792857024,      -9.847051416
          0,           0,         206,      -3.834824654,      -3.035659467,      -3.074991495,      -1.792063528,       -9.84522346
          0,           0,         207,      -3.834389053,      -3.034755944,      -3.073353049,      -1.791415951,      -9.843433628
          0,           0,         208,      -3.834074917,      -3.033841995,      -3.072045523,      -1.790893924,      -9.841654295
          0,           0,         209,      -3.833854426,      -3.032872838,      -3.071050111,      -1.790473536,      -9.839872964
          0,           0,         210,      -3.833697339,      -3.031808342,      -3.070341482,      -1.790128111,      -9.838017374
          0,           0,         211,      -3.833572093,      -3.030615715,      -3.069888933,       -1.78982915,      -9.836191001
          0,           0,         212,      -3.833447024,      -3.029271719,       -3.06965772,        -1.7895474,      -9.834414274
          0,           0,         213,       -3.83329162,      -3.027764223,      -3.069610529,      -1.789254006,      -9.832708192
          0,           0,         214,      -3.833077731,      -3.026092916,      -3.069709019,      -1.788921662,      -9.830889952
          0,           0,         215,       -3.83278067,      -3.024269154,      -3.069915378,      -1.788525688,      -9.829027418
          0,           0,         216,      -3.832380088,      -3.022314942,      -3.070193777,      -1.788044956,      -9.826950637
          0,           0,         217,      -3.831860616,      -3.020261183,      -3.070511663,       -1.78746261,      -9.824832181
          0,           0,         218,      -3.831212218,      -3.018145366,      -3.070840795,       -1.78676656,      -9.822772555
          0,           0,         219,      -3.830430252,      -3.016008925,      -3.071157964,      -1.785949722,       -9.82078486
          0,           0,         220,      -3.829515246,      -3.013894498,      -3.071445344,      -1.785009966,      -9.818797135
          0,           0,         221,      -3.828472449,      -3.011843295,      -3.071690453,      -1.783949868,      -9.816636711
          0,           0,         222,      -3.827311234,      -3.009892773,      -3.071885756,      -1.782776283,      -9.814319938
          0,           0,         223,      -3.826044419,      -3.008074715,      -3.072027964,      -1.781499828,      -9.812022025
          0,           0,         224,      -3.824687549,       -3.00641383,      -3.072117067,      -1.780134267,      -9.809872357
          0,           0,         225,      -3.823258253,      -3.004926875,      -3.072155237,      -1.778695938,       -9.80778138
          0,           0,         226,      -3.821775707,      -3.003622338,      -3.072145688,      -1.777203246,      -9.805678859
          0,           0,         227,      -3.820260243,      -3.002500623,      -3.072091601,      -1.775676259,      -9.803548917
          0,           0,         228,      -3.818733069,       -3.00155471,      -3.071995194,      -1.774136369,      -9.801350899
          0,           0,         229,      -3.817216129,      -3.000771223,      -3.071857024,      -1.772606082,      -9.799227073
          0,           0,         230,      -3.815732075,      -3.000131825,      -3.071675565,      -1.771108891,      -9.797234981
          0,           0,         231,      -3.814304294,      -2.999614862,      -3.071447114,      -1.769669206,      -9.795279667
          0,           0,         232,      -3.812956916,      -2.999197143,      -3.071165983,      -1.768312259,      -9.793331004
          0,           0,         233,      -3.811714795,      -2.998855756,      -3.070824976,      -1.767063992,      -9.791511323
          0,           0,         234,       -3.81060342,      -2.998569812,      -3.070416117,      -1.765950887,      -9.789771644
          0,           0,         235,      -3.809648712,       -2.99832199,      -3.069931545,      -1.764999715,      -9.787970069
          0,           0,         236,      -3.808876669,       -2.99809979,      -3.069364499,      -1.764237128,        -9.7861444
          0,           0,         237,       -3.80831289,      -2.997896413,      -3.068710307,      -1.763689167,      -9.784532891
          0,           0,         238,      -3.807981966,      -2.997711213,      -3.067967298,      -1.763380646,      -9.782980617
          0,           0,         239,      -3.807906779,      -2.997549679,      -3.067137565,      -1.763334468,      -9.781478325
          0,           0,         240,      -3.808107694,      -2.997422989,      -3.066227496,      -1.763570829,      -9.780136211
          0,           0,         241,      -3.808601707,      -2.997347155,      -3.065248038,      -1.764106393,        -9.7788168
          0,           0,         242,      -3.809401592,      -2.997341851,      -3.064214676,      -1.764953469,      -9.777496223
          0,           0,         243,      -3.810515074,      -2.997429004,      -3.063147153,      -1.766119214,      -9.776245168
          0,           0,         244,      -3.811944038,      -2.997631246,       -3.06206891,      -1.767604865,      -9.775274597
          0,           0,         245,      -3.813683839,      -2.997970337,      -3.061006334,      -1.769405066,      -9.774332897
          0,           0,         246,       -3.81572274,       -2.99846564,      -3.059987854,      -1.771507322,      -9.773479415
          0,           0,         247,      -3.818041512,       -2.99913273,      -3.059042956,      -1.773891615,      -9.772759913
          0,           0,         248,      -3.820613196,      -2.999982196,      -3.058201165,      -1.776530169,      -9.772049047
          0,           0,         249,      -3.823403094,      -3.001018687,      -3.057491048,      -1.779387438,      -9.771333418
          0,           0,         250,      -3.826368998,      -3.002240234,      -3.056939294,      -1.782420344,      -9.770709297
          0,           0,         251,      -3.829461703,       -3.00363787,      -3.056569884,      -1.785578797,      -9.770390856
          0,           0,         252,      -3.832625812,      -3.005195569,      -3.056403385,      -1.788806504,      -9.770153327
          0,           0,         253,      -3.835800845,      -3.006890492,      -3.056456361,      -1.792042096,      -9.769895128
          0,           0,         254,      -3.838922683,       -3.00869357,      -3.056740904,      -1.795220594,      -9.769662559
          0,           0,         255,        -3.8419253,      -3.010570381,       -3.05726428,      -1.798275172,      -9.769370404
          0,           0,         256,      -3.844742773,      -3.012482313,      -3.058028672,      -1.801139198,      -9.769035264
          0,           0,         257,      -3.847311491,      -3.014387982,      -3.059031023,       -1.80374849,      -9.768747705
          0,           0,         258,      -3.849572479,      -3.016244829,      -3.060262949,       -1.80604368,      -9.768639619
          0,           0,         259,      -3.851473731,      -3.018010846,      -3.061710735,      -1.807972582,      -9.768610937
          0,           0,         260,      -3.852972392,      -3.019646334,      -3.063355396,      -1.809492411,      -9.768443142
          0,           0,         261,      -3.854036687,      -3.021115586,      -3.065172828,       -1.81057172,      -9.768185585
          0,           0,         262,      -3.854647431,      -3.022388395,      -3.067134034,      -1.811191913,      -9.767814635
          0,           0,         263,      -3.854799041,      -3.023441294,      -3.069205469,      -1.811348234,      -9.767289112
          0,           0,         264,      -3.854499971,      -3.024258439,      -3.071349511,      -1.811050161,      -9.766817289
          0,           0,         265,      -3.853772543,      -3.024832092,      -3.073525079,      -1.810321183,      -9.766404491
          0,           0,         266,      -3.852652213,      -3.025162674,      -3.075688436,         -1.809198,      -9.765986102
          0,           0,         267,      -3.851186337,      -3.025258423,      -3.077794183,      -1.807729215,      -9.765564042
          0,           0,         268,      -3.849432535,      -3.025134696,      -3.079796451,      -1.805973635,      -9.764983115
          0,           0,         269,      -3.847456791,         -3.024813,      -3.081650301,      -1.803998311,        -9.7643122
          0,           0,         270,        -3.8453314,      -3.024319851,      -3.083313275,      -1.801876435,      -9.763665094
          0,           0,         271,      -3.843132885,      -3.023685553,      -3.084747074,      -1.799685229,       -9.76310321
          0,           0,         272,      -3.840939981,      -3.022943014,      -3.085919274,      -1.797503904,       -9.76269443
          0,           0,         273,      -3.838831752,      -3.022126642,      -3.086804974,      -1.795411781,      -9.762437237
          0,           0,         274,      -3.836885896,      -3.021271392,      -3.087388285,      -1.793486601,      -9.762318038
          0,           0,         275,      -3.835177242,      -3.020412006,       -3.08766353,      -1.791803037,      -9.762258255
          0,           0,         276,      -3.833776454,      -3.019582433,      -3.087636067,      -1.790431419,      -9.762451624
          0,           0,         277,      -3.832748902,      -3.018815443,      -3.087322629,      -1.789436629,      -9.762797393
          0,           0,         278,      -3.832153695,      -3.018142387,      -3.086751179,      -1.788877155,      -9.763254278
          0,           0,         279,      -3.832042822,      -3.017593097,       -3.08596024,      -1.788804258,      -9.763907526
          0,           0,         280,      -3.832460378,       -3.01719585,      -3.084997762,      -1.789261212,      -9.764747935
          0,           0,         281,      -3.833441811,      -3.016977395,      -3.083919602,      -1.790282579,      -9.765715156
          0,           0,         282,      -3.835013189,      -3.016962977,      -3.082787703,      -1.791893475,       -9.76683557
          0,           0,         283,      -3.837190429,      -3.017176337,      -3.081668099,      -1.794108819,      -9.768243703
          0,           0,         284,      -3.839978488,      -3.017639667,      -3.080628845,      -1.796932536,      -9.769680801
          0,           0,         285,        -3.8433705,      -3.018373488,       -3.07973798,      -1.800356703,      -9.771137874
          0,           0,         286,      -3.847346867,      -3.019396449,      -3.079061581,      -1.804360651,      -9.772715611
          0,           0,         287,      -3.851874338,      -3.020725042,      -3.078661977,      -1.808910066,      -9.774312826
          0,           0,         288,      -3.856905134,      -3.022373224,      -3.078596122,      -1.813956138,      -9.775894647
          0,           0,         289,      -3.862376217,      -3.024351967,      -3.078914157,      -1.819434858,      -9.777460178
          0,           0,         290,      -3.868208836,      -3.026668727,      -3.079658127,      -1.825266611,      -9.779205626
          0,           0,         291,      -3.874308538,      -3.029326866,      -3.080860858,      -1.831356245,      -9.780835281
          0,           0,         292,      -3.880565851,      -3.032325018,      -3.082544949,      -1.837593827,      -9.782318312
          0,           0,         293,      -3.886857863,      -3.035656449,       -3.08472183,      -1.843856284,      -9.783738426
          0,           0,         294,      -3.893050952,      -3.039308406,      -3.087390945,      -1.850010222,      -9.785028976
          0,           0,         295,      -3.899004832,      -3.043261508,      -3.090539014,       -1.85591603,      -9.786195466
          0,           0,         296,      -3.904577963,      -3.047489207,      -3.094139414,      -1.861433342,      -9.787270087
          0,           0,         297,      -3.909634188,      -3.051957361,      -3.098151727,      -1.866427675,      -9.788514992
          0,           0,         298,      -3.914050219,      -3.056623977,      -3.102521544,       -1.87077787,      -9.789660778
          0,           0,         299,      -3.917723349,      -3.061439196,      -3.107180622,      -1.874383702,      -9.790548846
          0,           0,         300,      -3.920578565,      -3.066345562,       -3.11204753,      -1.877172827,      -9.791243024
          0,           0,         301,      -3.922574163,      -3.071278688,      -3.117028953,      -1.879106199,       -9.79179138
          0,           0,         302,      -3.923705095,      -3.076168344,      -3.122021769,      -1.880181205,      -9.792169491
          0,           0,         303,      -3.924003541,      -3.080940047,      -3.126916047,      -1.880432038,      -9.792447832
          0,           0,         304,      -3.923536629,       -3.08551715,      -3.131598972,      -1.879927285,      -9.792895811
          0,           0,         305,      -3.922401654,      -3.089823425,      -3.135959663,      -1.878765062,      -9.793350959
          0,           0,         306,       -3.92071948,      -3.093786042,      -3.139894657,      -1.877066423,      -9.793561115
          0,           0,         307,      -3.918627005,      -3.097338779,      -3.143313704,      -1.874967893,      -9.793614891
          0,           0,         308,      -3.916269547,      -3.100425313,      -3.146145351,      -1.872613947,      -9.793570227
          0,           0,         309,      -3.913793858,      -3.103002268,      -3.148341754,      -1.870150169,      -9.793505931
          0,           0,         310,      -3.911342258,      -3.105041772,      -3.149882136,        -1.8677175,       -9.79336783
          0,           0,         311,      -3.909048075,      -3.106533267,      -3.150774472,      -1.865447803,      -9.793334615
          0,           0,         312,      -3.907032418,      -3.107484368,      -3.151055161,      -1.863460729,      -9.793525677
          0,           0,         313,      -3.905402137,      -3.107920694,       -3.15078675,      -1.861861739,      -9.793657409
          0,           0,         314,      -3.904248745,       -3.10788466,      -3.150054011,      -1.860741074,       -9.79373052
          0,           0,         315,      -3.903648063,      -3.107433383,      -3.148958877,      -1.860173424,      -9.793789851
          0,           0,         316,      -3.903660344,      -3.106635892,      -3.147614808,      -1.860218065,       -9.79395334
          0,           0,         317,      -3.904330685,      -3.105569924,      -3.146141149,      -1.860919267,      -9.794281084
          0,           0,         318,      -3.905689556,      -3.104318556,      -3.144657939,      -1.862306828,      -9.794680097
          0,           0,         319,      -3.907753349,      -3.102966947,      -3.143281472,      -1.864396609,      -9.795403326
          0,           0,         320,      -3.910524846,      -3.101599352,      -3.142120755,      -1.867191007,      -9.796215304
          0,           0,         321,      -3.913993585,      -3.100296547,      -3.141274876,      -1.870679316,      -9.797014713
          0,           0,         322,      -3.918136108,      -3.099133741,      -3.140831198,       -1.87483798,      -9.797877212
          0,           0,         323,      -3.922916109,      -3.098178956,       -3.14086425,      -1.879630743,      -9.798786637
          0,           0,         324,      -3.928284519,      -3.097491867,      -3.141435138,      -1.885008756,      -9.799841506
          0,           0,         325,      -3.934179615,      -3.097123036,      -3.142591331,      -1.890910702,      -9.800874765
          0,           0,         326,      -3.940527243,      -3.097113481,      -3.144366674,      -1.897263051,      -9.801902913
          0,           0,         327,      -3.947241247,      -3.097494495,      -3.146781473,      -1.903980501,      -9.803050138
          0,           0,         328,      -3.954224263,      -3.098287675,      -3.149842638,      -1.910966797,      -9.804177105
          0,           0,         329,      -3.961369035,       -3.09950511,      -3.153543785,      -1.918116058,      -9.805232746
          0,           0,         330,      -3.968560367,      -3.101149672,      -3.157865278,      -1.925314727,      -9.806216914
          0,           0,         331,      -3.975677843,      -3.103215407,      -3.162774214,      -1.932444269,      -9.807163048
          0,           0,         332,      -3.982599347,      -3.105688012,      -3.168224398,      -1.939384646,      -9.808026541
          0,           0,         333,      -3.989205344,      -3.108545377,      -3.174156346,      -1.946018513,      -9.808743929
          0,           0,         334,      -3.995383763,      -3.111758234,      -3.180497429,      -1.952235994,       -9.80932445
          0,           0,         335,      -4.001035158,      -3.115290901,      -3.187162263,      -1.957939716,      -9.809922486
          0,           0,         336,      -4.006077755,      -3.119102145,      -3.194053493,      -1.963049699,      -9.810394586
          0,           0,         337,      -4.010451871,      -3.123146183,       -3.20106313,      -1.967507642,       -9.81078199
          0,           0,         338,      -4.014123209,      -3.127373817,      -3.208074583,      -1.971280102,      -9.811055346
          0,           0,         339,      -4.017084652,      -3.131733725,      -3.214965525,      -1.974360203,      -9.811323347
          0,           0,         340,      -4.019356306,      -3.136173865,      -3.221611631,      -1.976767662,      -9.811396959
          0,           0,         341,      -4.020983788,      -3.140642986,      -3.227891162,      -1.978547106,      -9.811377521
          0,           0,         342,      -4.022035003,      -3.145092193,       -3.23369019,      -1.979764924,       -9.81122603
          0,           0,         343,      -4.022595784,      -3.149476496,      -3.238908166,      -1.980505018,      -9.811026576
          0,           0,         344,      -4.022764894,      -3.153756275,      -3.243463337,      -1.980863929,       -9.81086129
          0,           0,         345,      -4.022648892,      -3.157898584,      -3.247297486,      -1.980945829,      -9.810618284
          0,           0,         346,       -4.02235729,      -3.161878203,      -3.250379448,      -1.980857773,      -9.810271775
          0,           0,         347,      -4.021998297,      -3.165678373,      -3.252706962,      -1.980705535,      -9.809893897
          0,           0,         348,      -4.021675346,      -3.169291156,      -3.254306629,      -1.980590173,      -9.809523595
          0,           0,         349,      -4.021484432,      -3.172717399,      -3.255231955,      -1.980605401,      -9.809124971
          0,           0,         350,      -4.021512243,      -3.175966313,      -3.255559807,      -1.980835709,      -9.808728369
          0,           0,         351,      -4.021834962,      -3.179054682,      -3.255385653,      -1.981355161,      -9.808317951
          0,           0,         352,      -4.022517632,      -3.182005782,      -3.254818202,       -1.98222672,      -9.808043591
          0,           0,         353,      -4.023613919,       -3.18484806,      -3.253973952,      -1.983501987,      -9.807800791
          0,           0,         354,       -4.02516617,      -3.187613671,      -3.252972103,      -1.985221217,      -9.807502275
          0,           0,         355,      -4.027205644,      -3.190336953,      -3.251930175,       -1.98741353,      -9.807336709
          0,           0,         356,      -4.029752842,      -3.193052916,      -3.250960482,      -1.990097207,      -9.807205468
          0,           0,         357,      -4.032817858,      -3.195795795,      -3.250167508,       -1.99328004,      -9.807147558
          0,           0,         358,      -4.036400741,      -3.198597724,      -3.249646117,      -1.996959686,      -9.807174174
          0,           0,         359,      -4.040491824,      -3.201487562,      -3.249480489,       -2.00112402,      -9.807269241
          0,           0,         360,      -4.045072038,      -3.204489867,      -3.249743607,      -2.005751486,      -9.807446626
          0,           0,         361,      -4.050113221,      -3.207624051,      -3.250497172,      -2.010811468,       -9.80775002
          0,           0,         362,      -4.055578456,      -3.210903696,      -3.251791772,      -2.016264718,      -9.808084849
          0,           0,         363,      -4.061422474,      -3.214336016,      -3.253667209,      -2.022063878,      -9.808487441
          0,           0,         364,      -4.067592184,      -3.217921485,      -3.256152862,      -2.028154146,      -9.808906666
          0,           0,         365,      -4.074027367,      -3.221653607,      -3.259268052,      -2.034474156,      -9.809305857
          0,           0,         366,      -4.080661627,      -3.225518837,      -3.263022319,      -2.040957103,       -9.80974424
          0,           0,         367,      -4.087423611,      -3.229496665,      -3.267415604,      -2.047532176,      -9.810167791
          0,           0,         368,      -4.094238568,      -3.233559873,      -3.272438315,      -2.054126308,      -9.810624615
          0,           0,         369,      -4.101030253,      -3.237674982,      -3.278071262,      -2.060666243,      -9.811051198
          0,           0,         370,      -4.107723137,      -3.241802918,      -3.284285499,      -2.067080864,      -9.811615285
          0,           0,         371,      -4.114244898,      -3.245899911,      -3.291042068,      -2.073303718,      -9.812207475
          0,           0,         372,       -4.12052905,      -3.249918645,      -3.298291718,      -2.079275589,      -9.812772646
          0,           0,         373,      -4.126517577,      -3.253809656,      -3.305974646,      -2.084946954,       -9.81330526
          0,           0,         374,      -4.132163387,      -3.257522971,      -3.314020343,      -2.090280156,      -9.813757352
          0,           0,         375,      -4.137432377,      -3.261009934,      -3.322347652,      -2.095251088,      -9.814138341
          0,           0,         376,      -4.142304944,      -3.264225175,      -3.330865145,      -2.099850244,      -9.814512078
          0,           0,         377,      -4.146776773,      -3.267128606,      -3.339471988,      -2.104083038,      -9.814870356
          0,           0,         378,      -4.150858848,      -3.269687353,      -3.348059373,      -2.107969353,      -9.815193821
          0,           0,         379,      -4.154576658,       -3.27187749,      -3.356512693,       -2.11154235,      -9.815613728
          0,           0,         380,      -4.157968689,      -3.273685446,      -3.364714491,      -2.114846674,      -9.816043462
          0,           0,         381,      -4.161084338,      -3.275108982,      -3.372548206,      -2.117936182,      -9.816451571
          0,           0,         382,      -4.163981419,      -3.276157668,      -3.379902589,      -2.120871406,      -9.816817093
          0,           0,         383,      -4.166723485,      -3.276852801,      -3.386676574,      -2.123716912,      -9.817205464
          0,           0,         384,      -4.169377124,      -3.277226804,      -3.392784239,      -2.126538744,      -9.817588558
          0,           0,         385,      -4.172009412,      -3.277322145,      -3.398159408,      -2.129402057,      -9.818010622
          0,           0,         386,      -4.174685621,      -3.277189873,      -3.402759423,      -2.132369041,      -9.818409389
          0,           0,         387,      -4.177467262,      -3.276887893,      -3.406567612,      -2.135497173,      -9.818812305
          0,           0,         388,      -4.180410487,      -3.276479105,      -3.409594198,      -2.138837806,      -9.819341289
          0,           0,         389,      -4.183564846,      -3.276029524,      -3.411875486,      -2.142435081,      -9.819944383
          0,           0,         390,       -4.18697237,       -3.27560649,      -3.413471473,       -2.14632512,      -9.820563833
          0,           0,         391,       -4.19066694,      -3.275277036,      -3.414462154,      -2.150535462,       -9.82126035
          0,           0,         392,      -4.194673892,      -3.275106475,       -3.41494299,        -2.1550847,      -9.822005622
          0,           0,         393,      -4.199009813,      -3.275157219,      -3.415019984,      -2.159982281,      -9.822855318
          0,           0,         394,      -4.203682498,      -3.275487834,      -3.414804863,      -2.165228433,      -9.823752509
          0,           0,         395,      -4.208691028,      -3.276152318,      -3.414410684,      -2.170814217,      -9.824708375
          0,           0,         396,      -4.214025962,      -3.277199566,      -3.413948129,      -2.176721678,      -9.825705804
          0,           0,         397,      -4.219669634,      -3.278672988,      -3.413522597,      -2.182924129,      -9.826798421
          0,           0,         398,       -4.22559655,      -3.280610238,      -3.413232078,      -2.189386559,       -9.82798488
          0,           0,         399,      -4.231773913,      -3.283043032,      -3.413165768,      -2.196066213,      -9.829203685
          0,           0,         400,      -4.238162291,       -3.28599699,      -3.413403297,      -2.202913369,      -9.830430123
          0,           0,         401,       -4.24471643,      -3.289491508,      -3.414014445,      -2.209872335,      -9.831686141
          0,           0,         402,      -4.251386262,      -3.293539578,       -3.41505921,      -2.216882716,      -9.832966524
          0,           0,         403,      -4.258118093,      -3.298147607,      -3.416588092,      -2.223880941,      -9.834277068
          0,           0,         404,      -4.264855993,      -3.303315143,       -3.41864253,      -2.230802056,      -9.835598076
          0,           0,         405,      -4.271543357,      -3.309034546,      -3.421255382,       -2.23758175,      -9.836925863
          0,           0,         406,      -4.278124613,      -3.315290579,      -3.424451392,      -2.244158553,      -9.838259045
          0,           0,         407,      -4.284547012,      -3.322059928,      -3.428247615,      -2.250476086,      -9.839624994
          0,           0,         408,      -4.290762425,       -3.32931065,      -3.432653753,       -2.25648527,      -9.841006023
          0,           0,         409,      -4.296729042,        -3.3370016,      -3.437672381,      -2.262146312,      -9.842348801
          0,           0,         410,      -4.302412877,      -3.345081847,      -3.443299079,      -2.267430347,      -9.843634626
          0,           0,         411,      -4.307788972,      -3.353490158,      -3.449522432,      -2.272320586,      -9.844919969
          0,           0,         412,      -4.312842202,      -3.362154627,      -3.456323926,      -2.276812874,       -9.84622977
          0,           0,         413,      -4.317567634,      -3.370992544,      -3.463677739,      -2.280915622,      -9.847500474
          0,           0,         414,      -4.321970406,      -3.379910626,      -3.471550447,      -2.284649106,      -9.848700068
          0,           0,         415,      -4.326065144,      -3.388805764,      -3.479900688,      -2.288044212,      -9.849846569
          0,           0,         416,      -4.329874957,       -3.39756641,      -3.488678788,      -2.291140736,      -9.850978593
          0,           0,         417,      -4.333430119,      -3.406074751,      -3.497826422,      -2.293985383,      -9.852131604
          0,           0,         418,      -4.336766513,       -3.41420972,       -3.50727637,      -2.296629624,       -9.85327688
          0,           0,         419,      -4.339923975,      -3.421850874,      -3.516952454,      -2.299127549,      -9.854367455
          0,           0,         420,      -4.342944624,      -3.428883005,      -3.526769733,      -2.301533855,      -9.855444466
          0,           0,         421,      -4.345871282,      -3.435201242,      -3.536635076,      -2.303902041,      -9.856514635
          0,           0,         422,       -4.34874606,       -3.44071626,      -3.546448213,      -2.306282901,      -9.857523481
          0,           0,         423,      -4.351609148,      -3.445359121,      -3.556103363,      -2.308723314,      -9.858486713
          0,           0,         424,      -4.354497846,      -3.449085207,      -3.565491505,      -2.311265351,      -9.859447627
          0,           0,         425,      -4.357445838,      -3.451876781,       -3.57450331,      -2.313945679,      -9.860399917
          0,           0,         426,      -4.360482707,      -3.453743855,      -3.583032664,      -2.316795226,      -9.861346223
          0,           0,         427,      -4.363633665,      -3.454723237,      -3.590980655,       -2.31983908,      -9.862286127
          0,           0,         428,      -4.366919474,      -3.454875906,      -3.598259744,      -2.323096568,      -9.863148028
          0,           0,         429,      -4.370356537,      -3.454283029,      -3.604797816,        -2.3265815,      -9.863966253
          0,           0,         430,      -4.373957109,      -3.453041117,      -3.610541718,      -2.330302518,      -9.864747321
          0,           0,         431,      -4.377729622,      -3.451256835,      -3.615459902,      -2.334263536,      -9.865478743
          0,           0,         432,      -4.381679074,       -3.44904195,      -3.619543898,       -2.33846424,      -9.866173774
          0,           0,         433,      -4.385807471,      -3.446508796,      -3.622808408,      -2.342900627,       -9.86687738
          0,           0,         434,      -4.390114284,      -3.443766492,      -3.625290036,      -2.347565555,      -9.867532827
          0,           0,         435,      -4.394596917,      -3.440918026,      -3.627044791,      -2.352449297,      -9.868152131
          0,           0,         436,      -4.399251145,      -3.438058195,      -3.628144663,      -2.357540072,      -9.868728548
          0,           0,         437,      -4.404071516,      -3.435272326,      -3.628673631,      -2.362824549,      -9.869306179
          0,           0,         438,      -4.409051703,      -3.432635648,      -3.628723491,      -2.368288291,      -9.869912057
          0,           0,         439,      -4.414184784,      -3.430213171,      -3.628389854,      -2.373916152,      -9.870528925
          0,           0,         440,       -4.41946344,      -3.428059951,      -3.627768572,      -2.379692586,       -9.87115571
          0,           0,         441,      -4.424880073,      -3.426221593,      -3.626952754,      -2.385601882,      -9.871716927
          0,           0,         442,      -4.430426824,      -3.424734918,      -3.626030439,      -2.391628299,      -9.872228486
          0,           0,         443,      -4.436095502,      -3.423628702,       -3.62508295,       -2.39775611,      -9.872727554
          0,           0,         444,      -4.441877425,       -3.42292443,      -3.624183853,      -2.403969542,      -9.873252738
          0,           0,         445,      -4.447763169,      -3.422637037,      -3.623398419,      -2.410252632,      -9.873918242
          0,           0,         446,      -4.453742254,      -3.422775599,      -3.622783502,      -2.416588987,      -9.874631738
          0,           0,         447,       -4.45980277,      -3.423343962,      -3.622387732,      -2.422961485,      -9.875268722
          0,           0,         448,      -4.465930967,       -3.42434131,      -3.622251916,      -2.429351914,      -9.875883399
          0,           0,         449,      -4.472110829,      -3.425762662,      -3.622409582,      -2.435740591,      -9.876473764
          0,           0,         450,      -4.478323667,      -3.427599304,      -3.622887609,      -2.442105981,      -9.877077892
          0,           0,         451,      -4.484547748,      -3.429839163,      -3.623706873,       -2.44842435,      -9.877661866
          0,           0,         452,      -4.490758009,      -3.432467126,      -3.624882896,      -2.454669483,      -9.878183843
          0,           0,         453,      -4.496925869,      -3.435465311,      -3.626426476,      -2.460812516,      -9.878649952
          0,           0,         454,      -4.503019203,      -3.438813305,      -3.628344256,      -2.466821899,       -9.87907994
          0,           0,         455,      -4.509002469,      -3.442488363,       -3.63063925,      -2.472663539,      -9.879435715
          0,           0,         456,      -4.514837067,      -3.446465589,      -3.633311308,      -2.478301144,      -9.879750389
          0,           0,         457,        -4.5204819,      -3.450718096,      -3.636357515,      -2.483696778,      -9.880053412
          0,           0,         458,      -4.525894192,      -3.455217155,      -3.639772538,      -2.488811654,       -9.88029772
          0,           0,         459,      -4.531030529,      -3.459932342,      -3.643548901,      -2.493607125,      -9.880464311
          0,           0,         460,      -4.535848104,      -3.464831687,      -3.647677189,      -2.498045866,      -9.880557553
          0,           0,         461,      -4.540306133,       -3.46988183,      -3.652146206,      -2.502093191,       -9.88062392
          0,           0,         462,       -4.54436737,      -3.475048196,      -3.656943058,       -2.50571843,      -9.880643117
          0,           0,         463,      -4.547999626,      -3.480295177,      -3.662053187,      -2.508896285,       -9.88063632
          0,           0,         464,       -4.55117721,       -3.48558635,      -3.667460334,       -2.51160808,      -9.880605087
          0,           0,         465,       -4.55388218,      -3.490884712,      -3.673146439,      -2.513842793,      -9.880539119
          0,           0,         466,      -4.556105305,      -3.496152954,      -3.679091499,       -2.51559781,      -9.880480245
          0,           0,         467,      -4.557846674,       -3.50135375,      -3.685273356,      -2.516879316,      -9.880404168
          0,           0,         468,      -4.559115878,      -3.506450095,      -3.691667447,      -2.517702309,      -9.880276139
          0,           0,         469,      -4.559931779,      -3.511405659,      -3.698246504,      -2.518090216,       -9.88011554
          0,           0,         470,      -4.560321862,      -3.516185173,      -3.704980229,      -2.518074162,      -9.879926664
          0,           0,         471,      -4.560321235,       -3.52075483,      -3.711834956,      -2.517691938,      -9.879708446
          0,           0,         472,      -4.559971369,      -3.525082704,      -3.718773319,      -2.516986745,      -9.879470963
          0,           0,         473,      -4.559318647,      -3.529139171,      -3.725753952,      -2.516005825,      -9.879246989
          0,           0,         474,      -4.558412856,      -3.532897321,      -3.732731254,      -2.514799037,      -9.879027337
          0,           0,         475,      -4.557305685,      -3.536333355,      -3.739655266,      -2.513417496,      -9.878782869
          0,           0,         476,      -4.556049327,      -3.539426948,      -3.746471694,        -2.5119123,      -9.878564507
          0,           0,         477,      -4.554695236,      -3.542161569,      -3.753122131,      -2.510333436,      -9.878354835
          0,           0,         478,      -4.553293082,      -3.544524745,       -3.75954454,       -2.50872886,      -9.878139672
          0,           0,         479,      -4.551889912,      -3.546508256,      -3.765674018,       -2.50714378,      -9.877885412
          0,           0,         480,      -4.550529538,      -3.548108262,      -3.771443894,      -2.505620139,      -9.877617712
          0,           0,         481,       -4.54925211,      -3.549325343,      -3.776787175,      -2.504196273,      -9.877337193
          0,           0,         482,      -4.548093888,      -3.550164457,      -3.781638311,       -2.50290674,      -9.877055537
          0,           0,         483,      -4.547087159,      -3.550634825,      -3.785935249,      -2.501782283,      -9.876803964
          0,           0,         484,      -4.546260281,      -3.550749724,      -3.789621674,        -2.5008499,      -9.876592454
          0,           0,         485,      -4.545637831,      -3.550526228,      -3.792649308,      -2.500133003,      -9.876416829
          0,           0,         486,      -4.545240816,      -3.549984869,      -3.794980126,      -2.499651638,      -9.876244043
          0,           0,         487,      -4.545086942,      -3.549149272,      -3.796588288,       -2.49942274,      -9.876054543
          0,           0,         488,      -4.545190898,      -3.548045732,      -3.797461645,      -2.499460413,      -9.875869898
          0,           0,         489,      -4.545564657,      -3.546702788,      -3.797602645,      -2.499776206,      -9.875702005
          0,           0,         490,      -4.546217764,      -3.545150778,      -3.797028582,      -2.500379385,      -9.875559311
          0,           0,         491,      -4.547157609,      -3.543421393,      -3.795771135,       -2.50127718,      -9.875435646
          0,           0,         492,      -4.548389668,      -3.541547255,      -3.793875246,      -2.502474998,      -9.875324869
          0,           0,         493,      -4.549917706,      -3.539561508,      -3.791397445,      -2.503976604,      -9.875246289
          0,           0,         494,      -4.551743933,      -3.537497439,      -3.788403764,      -2.505784251,      -9.875189412
          0,           0,         495,      -4.553869118,      -3.535388134,      -3.784967424,      -2.507898757,      -9.875167999
          0,           0,         496,       -4.55629264,      -3.533266169,      -3.781166446,      -2.510319543,      -9.875183014
          0,           0,         497,      -4.559012492,      -3.531163334,      -3.777081368,      -2.513044599,      -9.875231818
          0,           0,         498,      -4.562025226,      -3.529110403,      -3.772793156,      -2.516070404,      -9.875267407
          0,           0,         499,      -4.565325835,      -3.527136933,      -3.768381421,      -2.519391786,      -9.875327569
          0,           0,         500,      -4.568907588,      -3.525271092,      -3.763922957,       -2.52300173,      -9.875420167
          0,           0,         501,       -4.57276181,      -3.523539527,      -3.759490623,      -2.526891128,      -9.875542124
          0,           0,         502,      -4.576877611,      -3.521967254,      -3.755152543,      -2.531048489,      -9.875699441
          0,           0,         503,      -4.581241572,      -3.520577566,      -3.750971597,      -2.535459603,      -9.875894564
          0,           0,         504,      -4.585837405,      -3.519391966,      -3.747005148,       -2.54010717,      -9.876118693
          0,           0,         505,      -4.590645583,      -3.518430115,      -3.743304964,      -2.544970421,      -9.876344561
          0,           0,         506,      -4.595642967,      -3.517709785,      -3.739917282,      -2.550024724,       -9.87657539
          0,           0,         507,      -4.600802446,      -3.517246828,      -3.736882977,      -2.555241215,      -9.876832743
          0,           0,         508,      -4.606092611,       -3.51705514,      -3.734237793,      -2.560586467,      -9.877125478
          0,           0,         509,      -4.611477495,      -3.517146637,       -3.73201261,      -2.566022238,      -9.877474989
          0,           0,         510,      -4.616916416,      -3.517531222,       -3.73023372,      -2.571505331,      -9.877830566
          0,           0,         511,       -4.62236395,      -3.518216749,      -3.728923087,      -2.576987601,      -9.878170251
          0,           0,         512,      -4.627770092,      -3.519208989,      -3.728098592,      -2.582416173,      -9.878512951
          0,           0,         513,      -4.633080635,      -3.520511577,      -3.727774233,      -2.587733889,      -9.878870525
          0,           0,         514,      -4.638237808,       -3.52212596,      -3.727960285,      -2.592880055,       -9.87925373
          0,           0,         515,      -4.643181214,      -3.524051333,      -3.728663407,       -2.59779149,      -9.879660861
          0,           0,         516,      -4.647849066,      -3.526284563,      -3.729886703,      -2.602403913,      -9.880094402
          0,           0,         517,      -4.652179736,      -3.528820111,      -3.731629709,      -2.606653638,      -9.880528891
          0,           0,         518,      -4.656113565,      -3.531649937,      -3.733888342,      -2.610479545,      -9.880970766
          0,           0,         519,      -4.659594869,      -3.534763408,      -3.736654778,      -2.613825238,      -9.881404262
          0,           0,         520,      -4.662574052,      -3.538147201,      -3.739917267,      -2.616641268,      -9.881845789
          0,           0,         521,      -4.665009684,      -3.541785206,      -3.743659904,      -2.618887291,      -9.882298326
          0,           0,         522,      -4.666870389,      -3.545658439,      -3.747862341,      -2.620533983,      -9.882778229
          0,           0,         523,      -4.668136416,      -3.549744971,      -3.752499447,      -2.621564554,      -9.883278191
          0,           0,         524,       -4.66880073,      -3.554019879,      -3.757540948,      -2.621975735,      -9.883772326
          0,           0,         525,      -4.668869538,      -3.558455229,      -3.762951036,      -2.621778128,      -9.884267323
          0,           0,         526,      -4.668362194,      -3.563020115,      -3.768687987,      -2.620995901,      -9.884763998
          0,           0,         527,      -4.667310502,      -3.567680745,      -3.774703808,      -2.619665845,      -9.885258378
          0,           0,         528,      -4.665757464,      -3.572400611,      -3.780943968,      -2.617835893,      -9.885748815
          0,           0,         529,        -4.6637556,      -3.577140741,      -3.787347231,      -2.615563216,      -9.886243536
          0,           0,         530,      -4.661364975,      -3.581860059,      -3.793845687,      -2.612912078,      -9.886755956
          0,           0,         531,      -4.658651087,      -3.586515843,      -3.800365014,      -2.609951589,      -9.887289225
          0,           0,         532,      -4.655682759,       -3.59106432,      -3.806825067,      -2.606753526,      -9.887820988
          0,           0,         533,      -4.652530154,      -3.595461358,      -3.813140832,      -2.603390317,       -9.88835546
          0,           0,         534,      -4.649263009,      -3.599663287,      -3.819223833,      -2.599933294,      -9.888881029
          0,           0,         535,      -4.645949144,      -3.603627805,      -3.824983994,      -2.596451246,      -9.889394939
          0,           0,         536,      -4.642653262,       -3.60731495,       -3.83033197,      -2.593009291,      -9.889907532
          0,           0,         537,      -4.639436053,      -3.610688113,       -3.83518187,      -2.589668059,      -9.890422006
          0,           0,         538,      -4.636353569,       -3.61371503,      -3.839454267,      -2.586483157,      -9.890940338
          0,           0,         539,      -4.633456846,      -3.616368716,      -3.843079312,      -2.583504863,      -9.891472803
          0,           0,         540,      -4.630791719,      -3.618628277,      -3.845999724,      -2.580778027,      -9.892007115
          0,           0,         541,      -4.628398809,      -3.620479569,      -3.848173407,      -2.578342115,      -9.892536785
          0,           0,         542,      -4.626313616,      -3.621915635,      -3.849575436,      -2.576231366,      -9.893075683
          0,           0,         543,      -4.624566711,      -3.622936917,      -3.850199226,      -2.574475018,      -9.893612648
          0,           0,         544,      -4.623183969,      -3.623551212,      -3.850056743,      -2.573097584,      -9.894148425
          0,           0,         545,      -4.622186839,      -3.623773382,      -3.849177745,      -2.572119145,      -9.894687698
          0,           0,         546,      -4.621592614,      -3.623624839,      -3.847608138,      -2.571555638,      -9.895229065
          0,           0,         547,      -4.621414702,      -3.623132832,      -3.845407609,      -2.571419139,      -9.895743855
          0,           0,         548,      -4.621662869,      -3.622329598,      -3.842646776,      -2.571718116,      -9.896251061
          0,           0,         549,      -4.622343457,      -3.621251406,       -3.83940411,      -2.572457648,      -9.896768676
          0,           0,         550,      -4.623459567,      -3.619937565,      -3.835762874,      -2.573639611,      -9.897292926
          0,           0,         551,      -4.625011206,      -3.618429441,      -3.831808271,      -2.575262821,      -9.897821619
          0,           0,         552,      -4.626995392,       -3.61676951,      -3.827624952,      -2.577323136,      -9.898341845
          0,           0,         553,      -4.629406211,        -3.6150005,      -3.823294971,      -2.579813516,      -9.898848018
          0,           0,         554,      -4.632234846,      -3.613164634,      -3.818896204,      -2.582724038,      -9.899326341
          0,           0,         555,      -4.635469546,      -3.611302984,      -3.814501228,      -2.586041873,      -9.899795516
          0,           0,         556,      -4.639095574,      -3.609454947,      -3.810176599,      -2.589751224,      -9.900246251
          0,           0,         557,      -4.643095107,      -3.607657837,      -3.805982489,      -2.593833229,      -9.900687975
          0,           0,         558,      -4.647447109,      -3.605946579,      -3.801972589,      -2.598265832,      -9.901139063
          0,           0,         559,      -4.652127176,      -3.604353512,      -3.798194226,      -2.603023631,      -9.901582199
          0,           0,         560,      -4.657107367,      -3.602908256,      -3.794688624,      -2.608077715,      -9.902017384
          0,           0,         561,      -4.662356026,      -3.601637665,      -3.791491264,      -2.613395494,      -9.902421591
          0,           0,         562,      -4.667837615,      -3.600565818,        -3.7886323,      -2.618940539,      -9.902798476
          0,           0,         563,       -4.67351257,      -3.599714061,      -3.786136985,      -2.624672458,      -9.903167598
          0,           0,         564,      -4.679337212,      -3.599101073,      -3.784026109,      -2.630546819,      -9.903538785
          0,           0,         565,      -4.685263721,       -3.59874295,        -3.7823164,      -2.636515154,      -9.903910174
          0,           0,         566,      -4.691240228,      -3.598653301,      -3.781020905,      -2.642525067,      -9.904273544
          0,           0,         567,      -4.697211031,      -3.598843341,      -3.780149324,      -2.648520486,      -9.904632953
          0,           0,         568,      -4.703116991,      -3.599321986,      -3.779708296,      -2.654442081,      -9.904968026
          0,           0,         569,       -4.70889612,      -3.600095938,      -3.779701651,      -2.660227887,      -9.905278425
          0,           0,         570,      -4.714484402,      -3.601169758,        -3.7801306,      -2.665814151,      -9.905563983
          0,           0,         571,      -4.719816852,      -3.602545922,      -3.780993893,      -2.671136406,      -9.905829479
          0,           0,         572,      -4.724828817,      -3.604224868,      -3.782287919,      -2.676130787,      -9.906088739
          0,           0,         573,      -4.729457492,       -3.60620502,      -3.784006773,      -2.680735549,      -9.906353039
          0,           0,         574,      -4.733643612,      -3.608482799,      -3.786142278,      -2.684892733,       -9.90662807
          0,           0,         575,      -4.737333243,      -3.611052611,      -3.788683971,      -2.688549934,      -9.906869989
          0,           0,         576,      -4.740479578,      -3.613906831,       -3.79161905,      -2.691662035,      -9.907064601
          0,           0,         577,      -4.743044622,       -3.61703576,      -3.794932289,      -2.694192831,      -9.907242237
          0,           0,         578,       -4.74500065,      -3.620427577,      -3.798605927,      -2.696116408,      -9.907399193
          0,           0,         579,      -4.746331323,      -3.624068281,      -3.802619528,      -2.697418169,      -9.907548521
          0,           0,         580,      -4.747032361,      -3.627941624,      -3.806949829,       -2.69809543,      -9.907689354
          0,           0,         581,      -4.747111727,      -3.632029052,      -3.811570568,      -2.698157525,      -9.907820935
          0,           0,         582,      -4.746589301,      -3.636309639,      -3.816452317,       -2.69762542,      -9.907933562
          0,           0,         583,      -4.745496061,       -3.64076005,      -3.821562324,      -2.696530862,      -9.908011613
          0,           0,         584,      -4.743872855,      -3.645354508,      -3.826864373,      -2.694915124,       -9.90805267
          0,           0,         585,      -4.741768857,      -3.650064803,      -3.832318694,      -2.692827479,      -9.908070469
          0,           0,         586,      -4.739239828,       -3.65486034,      -3.837881932,      -2.690323472,      -9.908089785
          0,           0,         587,      -4.736346288,      -3.659708237,      -3.843507194,      -2.687463144,      -9.908101707
          0,           0,         588,      -4.733151734,      -3.664573489,       -3.84914422,      -2.684309292,      -9.908107633
          0,           0,         589,      -4.729720974,      -3.669419207,      -3.854739678,      -2.680925857,      -9.908102957
          0,           0,         590,      -4.726118642,      -3.674206946,       -3.86023763,      -2.677376499,      -9.908093067
          0,           0,         591,      -4.722407957,       -3.67889712,      -3.865580167,      -2.673723397,      -9.908058678
          0,           0,         592,      -4.718649715,       -3.68344952,      -3.870708257,      -2.670026284,      -9.908014535
          0,           0,         593,      -4.714901526,      -3.687823927,      -3.875562779,      -2.666341726,       -9.90797884
          0,           0,         594,      -4.711217279,      -3.691980812,      -3.880085745,      -2.662722605,       -9.90794139
          0,           0,         595,      -4.707646793,      -3.695882114,      -3.884221683,      -2.659217796,       -9.90790922
          0,           0,         596,      -4.704235648,      -3.699492069,      -3.887919121,      -2.655872004,      -9.907896509
          0,           0,         597,      -4.701025138,      -3.702778057,      -3.891132108,      -2.652725728,       -9.90789047
          0,           0,         598,      -4.698052325,      -3.705711442,      -3.893821693,      -2.649815312,      -9.907899452
          0,           0,         599,      -4.695350172,       -3.70826835,      -3.895957252,      -2.647173081,      -9.907917029
          0,           0,         600,      -4.692947718,       -3.71043036,      -3.897517594,      -2.644827507,      -9.907927621
          0,           0,         601,       -4.69087028,      -3.712185046,      -3.898491737,      -2.642803408,      -9.907958011
          0,           0,         602,      -4.689139668,       -3.71352636,      -3.898879313,      -2.641122155,      -9.907999926
          0,           0,         603,      -4.687774396,      -3.714454813,      -3.898690547,      -2.639801877,      -9.908057443
          0,           0,         604,      -4.686789879,      -3.714977456,      -3.897945832,      -2.638857648,      -9.908132437
          0,           0,         605,      -4.686198611,       -3.71510765,      -3.896674928,      -2.638301664,      -9.908232625
          0,           0,         606,      -4.686010316,      -3.714864649,      -3.894915828,      -2.638143384,      -9.908348877
          0,           0,         607,      -4.686232075,      -3.714273016,       -3.89271341,      -2.638389653,      -9.908470877
          0,           0,         608,      -4.686868413,      -3.713361913,      -3.890117935,      -2.639044785,      -9.908599185
          0,           0,         609,      -4.687921356,      -3.712164296,      -3.887183514,       -2.64011062,      -9.908738313
          0,           0,         610,      -4.689390458,      -3.710716068,      -3.883966603,      -2.641586545,      -9.908882543
          0,           0,         611,      -4.691272789,      -3.709055227,      -3.880524611,      -2.643469482,      -9.909036166
          0,           0,         612,      -4.693562884,      -3.707221033,      -3.876914664,      -2.645753846,      -9.909196315
          0,           0,         613,      -4.696252673,      -3.705253244,      -3.873192561,      -2.648431466,      -9.909365982
          0,           0,         614,      -4.699331364,      -3.703191422,      -3.869411922,       -2.65149148,      -9.909559191
          0,           0,         615,      -4.702785304,      -3.701074333,       -3.86562354,        -2.6549202,       -9.90974651
          0,           0,         616,      -4.706597818,      -3.698939448,      -3.861874912,      -2.658700955,      -9.909929422
          0,           0,         617,      -4.710749017,      -3.696822539,      -3.858209935,       -2.66281391,      -9.910104873
          0,           0,         618,      -4.715215597,      -3.694757368,      -3.854668739,      -2.667235878,      -9.910274871
          0,           0,         619,       -4.71997064,      -3.692775467,      -3.851287632,      -2.671940127,      -9.910439219
          0,           0,         620,       -4.72498341,      -3.690905986,      -3.848099131,      -2.676896193,      -9.910601714
          0,           0,         621,      -4.730219179,      -3.689175611,       -3.84513206,      -2.682069717,      -9.910760007
          0,           0,         622,      -4.735639093,      -3.687608531,      -3.842411692,      -2.687422327,      -9.910905909
          0,           0,         623,      -4.741200101,      -3.686226449,      -3.839959915,      -2.692911578,      -9.911022324
          0,           0,         624,      -4.746854977,      -3.685048625,       -3.83779542,      -2.698490985,         -9.911121
          0,           0,         625,      -4.752552457,      -3.684091936,      -3.835933884,      -2.704110166,      -9.911209292
          0,           0,         626,      -4.758237536,      -3.683370959,      -3.834388151,      -2.709715142,      -9.911286958
          0,           0,         627,      -4.763851934,      -3.682898052,      -3.833168407,      -2.715248796,      -9.911351505
          0,           0,         628,       -4.76933478,      -3.682683447,       -3.83228233,      -2.720651544,      -9.911391655
          0,           0,         629,      -4.774623522,      -3.682735337,      -3.831735231,      -2.725862216,      -9.911422098
          0,           0,         630,      -4.779655064,      -3.683059952,      -3.831530169,      -2.730819159,      -9.911433001
          0,           0,         631,       -4.78436713,      -3.683661638,      -3.831668046,      -2.735461553,      -9.911407994
          0,           0,         632,      -4.788699824,      -3.684542915,      -3.832147688,      -2.739730903,      -9.911363453
          0,           0,         633,      -4.792597311,      -3.685704533,      -3.832965892,      -2.743572662,      -9.911303951
          0,           0,         634,      -4.796009568,       -3.68714551,      -3.834117465,      -2.746937899,      -9.911224916
          0,           0,         635,      -4.798894071,       -3.68886316,      -3.835595239,      -2.749784929,      -9.911127591
          0,           0,         636,      -4.801217342,      -3.690853106,      -3.837390069,      -2.752080786,      -9.911011999
          0,           0,         637,      -4.802956213,      -3.693109286,      -3.839490818,      -2.753802452,      -9.910881477
          0,           0,         638,      -4.804098726,      -3.695623947,      -3.841884325,      -2.754937724,      -9.910739479
          0,           0,         639,      -4.804644587,      -3.698387619,       -3.84455537,       -2.75548567,        -9.9105657
          0,           0,         640,      -4.804605133,      -3.701389101,      -3.847486625,      -2.755456621,      -9.910376331
          0,           0,         641,      -4.804002825,      -3.704615419,      -3.850658607,      -2.754871707,      -9.910161575
          0,           0,         642,      -4.802870297,      -3.708051799,      -3.854049637,       -2.75376198,      -9.909934369
          0,           0,         643,      -4.801249056,      -3.711681626,      -3.857635802,      -2.752167182,      -9.909686717
          0,           0,         644,      -4.799187921,      -3.715486417,      -3.861390935,      -2.750134271,      -9.909431204
          0,           0,         645,       -4.79674132,      -3.719445796,      -3.865286624,      -2.747715806,      -9.909167094
          0,           0,         646,      -4.793967564,      -3.723537486,      -3.869292244,      -2.744968281,      -9.908885505
          0,           0,         647,      -4.790927179,      -3.727737319,      -3.873375037,      -2.741950527,      -9.908602484
          0,           0,         648,      -4.787681386,      -3.732019276,      -3.877500247,       -2.73872224,       -9.90830675
          0,           0,         649,       -4.78429078,      -3.736355557,      -3.881631305,      -2.735342687,      -9.908007914
          0,           0,         650,      -4.780814228,      -3.740716697,      -3.885730099,      -2.731869626,      -9.907695077
          0,           0,         651,       -4.77730801,      -3.745071728,      -3.889757313,      -2.728358453,       -9.90739825
          0,           0,         652,      -4.773825179,      -3.749388396,      -3.893672851,      -2.724861559,      -9.907100163
          0,           0,         653,      -4.770415128,      -3.753633447,      -3.897436349,      -2.721427888,       -9.90681198
          0,           0,         654,      -4.767123339,      -3.757772971,      -3.901007766,      -2.718102669,      -9.906528112
          0,           0,         655,      -4.763991273,      -3.761772818,      -3.904348053,      -2.714927291,      -9.906254958
          0,           0,         656,      -4.761056384,      -3.765599079,      -3.907419877,      -2.711939295,      -9.906004305
          0,           0,         657,      -4.758352213,      -3.769218628,      -3.910188384,      -2.709172456,      -9.905773835
          0,           0,         658,      -4.755908551,      -3.772599706,      -3.912621975,      -2.706656922,      -9.905542913
          0,           0,         659,      -4.753751638,      -3.775712553,      -3.914693059,      -2.704419402,      -9.905326994
          0,           0,         660,      -4.751904383,      -3.778530036,      -3.916378752,      -2.702483372,       -9.90514005
          0,           0,         661,      -4.750386593,      -3.781028278,      -3.917661475,       -2.70086929,      -9.904977157
          0,           0,         662,      -4.749215192,      -3.783187247,      -3.918529442,       -2.69959481,      -9.904830115
          0,           0,         663,      -4.748404437,      -3.784991277,      -3.918976982,      -2.698674985,      -9.904706462
          0,           0,         664,      -4.747966098,      -3.786429501,      -3.919004696,      -2.698122446,      -9.904606451
          0,           0,         665,      -4.747909628,      -3.787496171,      -3.918619437,      -2.697947565,      -9.904545365
          0,           0,         666,      -4.748242293,      -3.788190839,        -3.9178341,      -2.698158584,      -9.904499318
          0,           0,         667,      -4.748969275,      -3.788518401,      -3.916667258,      -2.698761717,      -9.904476475
          0,           0,         668,      -4.750093745,      -3.788488997,      -3.915142646,      -2.699761218,      -9.904489177
          0,           0,         669,      -4.751616892,      -3.788117761,       -3.91328854,      -2.701159417,      -9.904510546
          0,           0,         670,      -4.753537925,       -3.78742446,       -3.91113705,      -2.702956716,      -9.904549076
          0,           0,         671,      -4.755854029,      -3.786433011,      -3.908723374,      -2.705151556,      -9.904603974
          0,           0,         672,      -4.758560297,      -3.785170927,      -3.906085039,      -2.707740337,      -9.904686521
          0,           0,         673,      -4.761649602,       -3.78366871,      -3.903261162,      -2.710717305,      -9.904790805
          0,           0,         674,      -4.765112451,      -3.781959207,      -3.900291762,      -2.714074401,      -9.904930353
          0,           0,         675,      -4.768936791,      -3.780076978,      -3.897217128,      -2.717801063,      -9.905099667
          0,           0,         676,      -4.773107775,      -3.778057674,       -3.89407727,      -2.721883998,      -9.905302668
          0,           0,         677,      -4.777607498,      -3.775937466,      -3.890911449,       -2.72630691,      -9.905521658
          0,           0,         678,      -4.782414703,      -3.773752521,       -3.88775779,      -2.731050199,      -9.905750631
          0,           0,         679,      -4.787504459,      -3.771538541,      -3.884652975,      -2.736090631,      -9.905998862
          0,           0,         680,      -4.792847829,      -3.769330375,      -3.881632014,      -2.741400982,      -9.906267624
          0,           0,         681,      -4.798411535,      -3.767161692,      -3.878728076,      -2.746949688,      -9.906561296
          0,           0,         682,      -4.804157642,      -3.765064721,      -3.875972378,      -2.752700492,      -9.906874076
          0,           0,         683,       -4.81004329,      -3.763070053,      -3.873394123,      -2.758612132,      -9.907206305
          0,           0,         684,      -4.816020499,      -3.761206498,      -3.871020472,      -2.764638097,      -9.907548198
          0,           0,         685,      -4.822036082,      -3.759500979,      -3.868876543,       -2.77072647,      -9.907883112
          0,           0,         686,      -4.828031724,      -3.757978475,       -3.86698543,      -2.776819935,      -9.908213876
          0,           0,         687,      -4.833944262,      -3.756661989,      -3.865368235,      -2.782855963,      -9.908534518
          0,           0,         688,      -4.839706219,      -3.755572536,        -3.8640441,      -2.788767258,      -9.908848196
          0,           0,         689,      -4.845246643,      -3.754729159,      -3.863030247,      -2.794482492,      -9.909169018
          0,           0,         690,      -4.850492276,      -3.754148937,      -3.862342002,       -2.79992739,      -9.909498869
          0,           0,         691,      -4.855369079,       -3.75384701,      -3.861992814,      -2.805026179,      -9.909829461
          0,           0,         692,      -4.859804097,      -3.753836603,      -3.861994262,      -2.809703403,      -9.910155429
          0,           0,         693,      -4.863727613,      -3.754129037,       -3.86235604,       -2.81388608,       -9.91048073
          0,           0,         694,      -4.867075507,      -3.754733737,      -3.863085924,        -2.8175061,      -9.910800846
          0,           0,         695,      -4.869791688,       -3.75565823,      -3.864189721,      -2.820502768,      -9.911114079
          0,           0,         696,      -4.871830441,      -3.756908126,       -3.86567118,      -2.822825305,      -9.911411549
          0,           0,         697,      -4.873158497,      -3.758487078,       -3.86753189,      -2.824435143,      -9.911693653
          0,           0,         698,      -4.873756663,       -3.76039673,       -3.86977114,      -2.825307798,      -9.911952889
          0,           0,         699,       -4.87362085,      -3.762636646,      -3.872385753,       -2.82543416,      -9.912184779
          0,           0,         700,      -4.872762405,      -3.765204213,      -3.875369881,      -2.824821078,      -9.912386065
          0,           0,         701,      -4.871207709,      -3.768094522,      -3.878714781,      -2.823491171,      -9.912559151
          0,           0,         702,      -4.868997093,      -3.771300239,      -3.882408546,      -2.821481891,      -9.912706261
          0,           0,         703,      -4.866183154,      -3.774811442,      -3.886435821,      -2.818843926,      -9.912837309
          0,           0,         704,      -4.862828651,      -3.778615447,      -3.890777486,      -2.815639099,      -9.912944542
          0,           0,         705,      -4.859004136,      -3.782696624,      -3.895410334,      -2.811937952,      -9.913022758
          0,           0,         706,      -4.854785519,      -3.787036196,      -3.900306736,      -2.807817188,      -9.913075856
          0,           0,         707,      -4.850251718,      -3.791612043,      -3.905434318,      -2.803357184,      -9.913098101
          0,           0,         708,      -4.845482515,       -3.79639851,      -3.910755688,      -2.798639688,      -9.913090735
          0,           0,         709,      -4.840556722,      -3.801366238,      -3.916228203,      -2.793745815,      -9.913055863
          0,           0,         710,      -4.835550675,      -3.806482031,      -3.921803839,      -2.788754399,      -9.913001041
          0,           0,         711,       -4.83053709,      -3.811708779,      -3.927429208,      -2.783740717,      -9.912923519
          0,           0,         712,      -4.825584247,      -3.817005464,      -3.933045737,      -2.778775571,      -9.912835639
          0,           0,         713,      -4.820755472,      -3.822327257,      -3.938590089,      -2.773924685,      -9.912732693
          0,           0,         714,      -4.816108873,       -3.82762576,      -3.943994854,      -2.769248389,      -9.912616403
          0,           0,         715,      -4.811697266,      -3.832849396,      -3.949189565,      -2.764801513,      -9.912479869
          0,           0,         716,      -4.807568272,      -3.837943981,      -3.954102039,      -2.760633456,      -9.912327217
          0,           0,         717,        -4.8037645,        -3.8428535,      -3.958660075,      -2.756788375,      -9.912165731
          0,           0,         718,       -4.80032382,      -3.847521087,      -3.962793459,      -2.753305453,      -9.911988386
          0,           0,         719,      -4.797279663,      -3.851890212,      -3.966436207,      -2.750219215,      -9.911800005
          0,           0,         720,      -4.794661337,      -3.855906041,      -3.969528959,      -2.747559856,      -9.911603647
          0,           0,         721,      -4.792494344,      -3.859516942,      -3.972021353,      -2.745353573,      -9.911404353
          0,           0,         722,      -4.790800667,      -3.862676058,       -3.97387422,      -2.743622876,      -9.911199841
          0,           0,         723,      -4.789599034,      -3.865342878,      -3.975061433,      -2.742386858,      -9.910985705
          0,           0,         724,      -4.788905135,      -3.867484695,       -3.97557122,      -2.741661439,      -9.910761289
          0,           0,         725,      -4.788731805,      -3.869077872,      -3.975406843,      -2.741459549,      -9.910528748
          0,           0,         726,      -4.789089143,      -3.870108804,      -3.974586562,      -2.741791274,      -9.910294046
          0,           0,         727,      -4.789984593,      -3.870574507,      -3.973142899,      -2.742663934,      -9.910039708
          0,           0,         728,      -4.791422953,      -3.870482793,      -3.971121263,      -2.744082109,      -9.909769621
          0,           0,         729,      -4.793406342,      -3.869852007,      -3.968578075,      -2.746047602,      -9.909486722
          0,           0,         730,      -4.795934086,      -3.868710343,      -3.965578542,      -2.748559342,      -9.909192696
          0,           0,         731,      -4.799002556,      -3.867094819,      -3.962194279,       -2.75161321,      -9.908885855
          0,           0,         732,      -4.802604925,       -3.86504996,      -3.958500937,      -2.755201812,      -9.908559021
          0,           0,         733,      -4.806730862,      -3.862626304,      -3.954575974,      -2.759314159,       -9.90821528
          0,           0,         734,      -4.811366149,      -3.859878834,      -3.950496682,      -2.763935297,      -9.907845108
          0,           0,         735,      -4.816492229,      -3.856865408,      -3.946338533,      -2.769045843,      -9.907456048
          0,           0,         736,      -4.822085679,      -3.853645291,      -3.942173856,      -2.774621468,      -9.907040018
          0,           0,         737,      -4.828117621,      -3.850277825,      -3.938070867,      -2.780632305,      -9.906595278
          0,           0,         738,      -4.834553085,       -3.84682129,      -3.934092993,       -2.78704232,      -9.906112766
          0,           0,         739,      -4.841350332,      -3.843331976,       -3.93029847,      -2.793808645,      -9.905600605
          0,           0,         740,      -4.848460182,      -3.839863449,      -3.926740174,      -2.800880923,      -9.905046785
          0,           0,         741,       -4.85582539,      -3.836466022,      -3.923465601,      -2.808200706,       -9.90445485
          0,           0,         742,      -4.863380117,      -3.833186398,      -3.920516991,      -2.815700967,      -9.903829573
          0,           0,         743,      -4.871049601,      -3.830067464,      -3.917931534,      -2.823305813,      -9.903168379
          0,           0,         744,      -4.878750099,      -3.827148207,      -3.915741625,      -2.830930493,      -9.902464432
          0,           0,         745,      -4.886389242,      -3.824463723,      -3.913975141,      -2.838481821,      -9.901716314
          0,           0,         746,      -4.893866897,      -3.822045305,      -3.912655728,      -2.845859131,       -9.90091709
          0,           0,         747,      -4.901076681,       -3.81992057,      -3.911803058,      -2.852955877,      -9.900076893
          0,           0,         748,      -4.907908198,      -3.818113625,      -3.911433073,      -2.859661963,      -9.899202994
          0,           0,         749,      -4.914250046,      -3.816645244,      -3.911558179,      -2.865866827,      -9.898287983
          0,           0,         750,      -4.919993554,       -3.81553304,        -3.9121874,      -2.871463225,      -9.897333616
          0,           0,         751,      -4.925037102,      -3.814791642,      -3.913326482,      -2.876351563,      -9.896338041
          0,           0,         752,      -4.929290762,      -3.814432844,      -3.914977949,      -2.880444489,      -9.895306003
          0,           0,         753,      -4.932680889,      -3.814465744,      -3.917141094,       -2.88367138,      -9.894236151
          0,           0,         754,      -4.935154225,      -3.814896845,       -3.91981192,      -2.885982282,      -9.893135629
          0,           0,         755,      -4.936681069,      -3.815730136,      -3.922983027,      -2.887350874,      -9.892007221
          0,           0,         756,      -4.937257137,      -3.816967144,      -3.926643431,      -2.887776105,      -9.890867231
          0,           0,         757,      -4.936903881,      -3.818606945,       -3.93077834,      -2.887282285,      -9.889712278
          0,           0,         758,      -4.935667219,      -3.820646152,      -3.935368872,      -2.885917644,       -9.88854532
          0,           0,         759,      -4.933614845,      -3.823078866,      -3.940391724,      -2.883751507,      -9.887359401
          0,           0,         760,      -4.930832443,      -3.825896601,      -3.945818813,      -2.880870458,      -9.886161729
          0,           0,         761,      -4.927419231,       -3.82908817,      -3.951616884,      -2.877373886,      -9.884951429
          0,           0,         762,       -4.92348328,      -3.832639552,       -3.95774712,      -2.873369378,      -9.883741291
          0,           0,         763,       -4.91913703,      -3.836533733,      -3.964164768,      -2.868968332,      -9.882529226
          0,           0,         764,      -4.914493284,      -3.840750523,      -3.970818825,      -2.864282084,      -9.881321552
          0,           0,         765,      -4.909661896,      -3.845266371,      -3.977651819,      -2.859418717,      -9.880120329
          0,           0,         766,      -4.904747222,      -3.850054169,       -3.98459975,      -2.854480632,      -9.878939036
          0,           0,         767,      -4.899846313,      -3.855083067,      -3.991592233,      -2.849562847,      -9.877771146
          0,           0,         768,      -4.895047806,      -3.860318319,      -3.998552931,      -2.844751959,      -9.876622783
          0,           0,         769,      -4.890431363,      -3.865721169,      -4.005400334,      -2.840125646,      -9.875492851
          0,           0,         770,      -4.886067577,      -3.871248798,      -4.012048945,       -2.83575261,      -9.874387258
          0,           0,         771,      -4.882018188,      -3.876854376,       -4.01841091,      -2.831692815,      -9.873317452
          0,           0,         772,      -4.878336532,      -3.882487225,      -4.024398115,      -2.827997946,      -9.872292489
          0,           0,         773,      -4.875068121,      -3.888093134,      -4.029924701,      -2.824711991,      -9.871309087
          0,           0,         774,      -4.872251287,      -3.893614856,      -4.034909909,      -2.821871877,      -9.870375105
          0,           0,         775,       -4.86991784,      -3.898992812,      -4.039281114,      -2.819508123,      -9.869486489
          0,           0,         776,      -4.868093703,      -3.904166002,      -4.042976839,      -2.817645467,      -9.868643089
          0,           0,         777,      -4.866799501,      -3.909073158,      -4.045949508,      -2.816303439,      -9.867847212
          0,           0,         778,      -4.866051084,       -3.91365409,      -4.048167688,      -2.815496882,      -9.867107196
          0,           0,         779,      -4.865859978,       -3.91785122,      -4.049617615,      -2.815236396,      -9.866419656
          0,           0,         780,       -4.86623376,      -3.921611226,       -4.05030382,       -2.81552871,      -9.865789314
          0,           0,         781,       -4.86717636,       -3.92488673,      -4.050248805,      -2.816376981,      -9.865220813
          0,           0,         782,      -4.868688277,      -3.927637926,      -4.049491807,      -2.817781019,      -9.864720072
          0,           0,         783,       -4.87076673,       -3.92983404,      -4.048086765,      -2.819737445,      -9.864281808
          0,           0,         784,       -4.87340573,       -3.93145452,      -4.046099713,      -2.822239777,      -9.863909124
          0,           0,         785,      -4.876596092,      -3.932489859,      -4.043605822,      -2.825278454,      -9.863595809
          0,           0,         786,      -4.880325368,      -3.932941985,      -4.040686364,      -2.828840807,      -9.863339203
          0,           0,         787,      -4.884577734,      -3.932824182,      -4.037425787,      -2.832910964,      -9.863138228
          0,           0,         788,       -4.88933381,      -3.932160555,       -4.03390909,      -2.837469712,      -9.862991638
          0,           0,         789,      -4.894570428,      -3.930985079,      -4.030219598,      -2.842494315,      -9.862900517
          0,           0,         790,      -4.900260366,      -3.929340313,      -4.026437186,      -2.847958292,      -9.862865664
          0,           0,         791,      -4.906372036,       -3.92727588,      -4.022636967,      -2.853831166,      -9.862881336
          0,           0,         792,      -4.912869162,      -3.924846811,      -4.018888399,      -2.860078208,      -9.862950199
          0,           0,         793,      -4.919710453,      -3.922111873,      -4.015254763,      -2.866660177,      -9.863072287
          0,           0,         794,      -4.926849296,      -3.919131964,      -4.011792951,      -2.873533079,      -9.863244609
          0,           0,         795,      -4.934233513,      -3.915968648,      -4.008553486,      -2.880647988,      -9.863464078
          0,           0,         796,      -4.941805197,       -3.91268288,      -4.005580712,      -2.887950942,      -9.863725723
          0,           0,         797,      -4.949500692,      -3.909333945,      -4.002913115,       -2.89538295,      -9.864034098
          0,           0,         798,      -4.957250767,      -3.905978628,      -4.000583699,      -2.902880175,      -9.864370503
          0,           0,         799,      -4.964981021,      -3.902670598,      -3.998620417,      -2.910374309,      -9.864735136
          0,           0,         800,      -4.972612599,      -3.899459978,      -3.997046589,      -2.917793201,      -9.865133209
          0,           0,         801,      -4.980063251,      -3.896393103,      -3.995881326,      -2.925061764,      -9.865554471
          0,           0,         802,      -4.987248761,      -3.893512399,       -3.99513991,      -2.932103196,      -9.865989737
          0,           0,         803,      -4.994084775,       -3.89085639,       -3.99483415,      -2.938840507,      -9.866430329
          0,           0,         804,      -5.000488966,      -3.888459776,      -3.994972685,      -2.945198344,      -9.866869461
          0,           0,         805,      -5.006383493,      -3.886353572,      -3.995561247,      -2.951105038,      -9.867300297
          0,           0,         806,      -5.011697614,      -3.884565291,      -3.996602869,       -2.95649481,      -9.867710425
          0,           0,         807,      -5.016370297,      -3.883119135,       -3.99809806,      -2.961309975,      -9.868102086
          0,           0,         808,       -5.02035263,        -3.8820362,      -4.000044912,       -2.96550303,      -9.868463893
          0,           0,         809,      -5.023609839,       -3.88133467,      -4.002439178,      -2.969038438,      -9.868812867
          0,           0,         810,      -5.026122712,      -3.881029994,      -4.005274297,      -2.971893976,      -9.869166668
          0,           0,         811,      -5.027888307,      -3.881135049,      -4.008541376,      -2.974061512,      -9.869546052
          0,           0,         812,      -5.028919858,      -3.881660262,      -4.012229139,      -2.975547152,      -9.869929344
          0,           0,         813,      -5.029245905,      -3.882613717,      -4.016323826,      -2.976370732,      -9.870299835
          0,           0,         814,      -5.028908716,      -3.884001215,      -4.020809066,      -2.976564708,       -9.87064618
          0,           0,         815,      -5.027962178,      -3.885826303,      -4.025665712,      -2.976172557,      -9.870961155
          0,           0,         816,      -5.026469323,      -3.888090266,      -4.030871657,      -2.975246805,      -9.871239268
          0,           0,         817,       -5.02449972,      -3.890792076,       -4.03640162,      -2.973846872,      -9.871471233
          0,           0,         818,       -5.02212689,      -3.893928303,      -4.042226934,      -2.972036866,       -9.87165534
          0,           0,         819,      -5.019425929,       -3.89749298,      -4.048315328,      -2.969883466,      -9.871792716
          0,           0,         820,      -5.016471422,      -3.901477431,      -4.054630725,       -2.96745402,      -9.871876229
          0,           0,         821,      -5.013335733,      -3.905870053,      -4.061133083,        -2.9648149,      -9.871899828
          0,           0,         822,      -5.010087671,      -3.910656056,      -4.067778283,      -2.962030173,      -9.871868315
          0,           0,         823,       -5.00679154,      -3.915817165,      -4.074518112,      -2.959160583,      -9.871779788
          0,           0,         824,      -5.003506519,      -3.921331294,      -4.081300356,      -2.956262828,      -9.871639001
          0,           0,         825,      -5.000286329,      -3.927172182,      -4.088069042,      -2.953389103,      -9.871449272
          0,           0,         826,      -4.997179143,      -3.933309026,      -4.094764865,      -2.950586864,      -9.871208843
          0,           0,         827,      -4.994227665,      -3.939706106,       -4.10132581,      -2.947898782,      -9.870920749
          0,           0,         828,      -4.991469341,       -3.94632244,      -4.107688029,      -2.945362818,      -9.870585629
          0,           0,         829,      -4.988936665,      -3.953111488,       -4.11378695,      -2.943012419,      -9.870208731
          0,           0,         830,      -4.986657522,      -3.960020946,      -4.119558622,       -2.94087676,      -9.869789213
          0,           0,         831,      -4.984655566,      -3.966992672,      -4.124941278,       -2.93898104,      -9.869330638
          0,           0,         832,      -4.982950599,        -3.9739628,      -4.129877052,      -2.937346789,      -9.868834783
          0,           0,         833,      -4.981558937,      -3.980862091,      -4.134313785,      -2.935992178,      -9.868301559
          0,           0,         834,      -4.980493747,      -3.987616587,      -4.138206798,      -2.934932317,      -9.867745103
          0,           0,         835,      -4.979765361,      -3.994148609,       -4.14152053,      -2.934179532,      -9.867154977
          0,           0,         836,      -4.979381553,      -4.000378142,      -4.144229921,      -2.933743618,      -9.866534085
          0,           0,         837,      -4.979347775,      -4.006224619,      -4.146321425,       -2.93363206,      -9.865887369
          0,           0,         838,      -4.979667368,      -4.011609081,       -4.14779357,      -2.933850229,       -9.86521601
          0,           0,         839,       -4.98034172,      -4.016456637,      -4.148657014,      -2.934401535,      -9.864521649
          0,           0,         840,      -4.981370404,      -4.020699128,      -4.148934095,       -2.93528756,      -9.863801125
          0,           0,         841,      -4.982751273,       -4.02427781,      -4.148657904,      -2.936508155,      -9.863058855
          0,           0,         842,      -4.984480526,      -4.027145876,      -4.147870976,      -2.938061505,      -9.862295468
          0,           0,         843,      -4.986552747,      -4.029270595,      -4.146623683,      -2.939944172,      -9.861510771
          0,           0,         844,      -4.988960913,      -4.030634883,      -4.144972471,      -2.942151108,      -9.860700911
          0,           0,         845,      -4.991696381,      -4.031238145,      -4.142978036,      -2.944675644,      -9.859861544
          0,           0,         846,      -4.994748849,      -4.031096296,      -4.140703562,       -2.94750946,      -9.858995351
          0,           0,         847,      -4.998106306,      -4.030240977,      -4.138213102,      -2.950642533,      -9.858097326
          0,           0,         848,      -5.001754952,      -4.028718025,      -4.135570154,       -2.95406307,      -9.857175457
          0,           0,         849,      -5.005679125,       -4.02658536,      -4.132836477,       -2.95775743,      -9.856216991
          0,           0,         850,      -5.009861206,      -4.023910486,      -4.130071147,      -2.961710032,      -9.855224198
          0,           0,         851,      -5.014281528,      -4.020767801,      -4.127329863,      -2.965903267,      -9.854194569
          0,           0,         852,      -5.018918291,      -4.017235932,      -4.124664451,      -2.970317404,      -9.853127488
          0,           0,         853,      -5.023747485,      -4.013395246,      -4.122122571,      -2.974930505,       -9.85202639
          0,           0,         854,      -5.028742839,      -4.009325667,      -4.119747585,      -2.979718366,      -9.850881071
          0,           0,         855,      -5.033875792,      -4.005104862,      -4.117578535,      -2.984654463,      -9.849685914
          0,           0,         856,      -5.039115513,      -4.000806825,      -4.115650225,      -2.989709957,      -9.848446601
          0,           0,         857,      -5.044428965,      -3.996500846,      -4.113993368,       -2.99485372,       -9.84716193
          0,           0,         858,      -5.049781041,      -3.992250833,      -4.112634771,      -3.000052435,      -9.845825404
          0,           0,         859,      -5.055134766,      -3.988114937,      -4.111597548,      -3.005270759,      -9.844433372
          0,           0,         860,       -5.06045159,      -3.984145417,      -4.110901336,       -3.01047156,      -9.842986878
          0,           0,         861,      -5.065691774,      -3.980388698,       -4.11056251,       -3.01561625,      -9.841489866
          0,           0,         862,      -5.070814871,      -3.976885561,       -4.11059438,      -3.020665205,      -9.839939683
          0,           0,         863,      -5.075780305,      -3.973671426,      -4.111007374,       -3.02557829,      -9.838340968
          0,           0,         864,      -5.080548047,       -3.97077669,      -4.111809186,      -3.030315474,      -9.836690156
          0,           0,         865,      -5.085079356,      -3.968227087,      -4.113004908,       -3.03483753,      -9.834990128
          0,           0,         866,      -5.089337591,      -3.966044053,      -4.114597123,      -3.039106807,      -9.833248916
          0,           0,         867,      -5.093289041,       -3.96424507,      -4.116585972,      -3.043088044,      -9.831461482
          0,           0,         868,      -5.096903749,      -3.962843995,      -4.118969182,      -3.046749199,      -9.829633507
          0,           0,         869,      -5.100156293,      -3.961851336,      -4.121742072,      -3.050062254,       -9.82777092
          0,           0,         870,      -5.103026472,      -3.961274513,      -4.124897522,      -3.053003956,      -9.825879308
          0,           0,         871,      -5.105499868,      -3.961118052,      -4.128425919,      -3.055556454,      -9.823963156
          0,           0,         872,      -5.107568242,      -3.961383759,      -4.132315073,      -3.057707795,      -9.822020883
          0,           0,         873,      -5.109229743,      -3.962070834,      -4.136550104,      -3.059452245,      -9.820062849
          0,           0,         874,      -5.110488911,      -3.963175951,      -4.141113324,      -3.060790419,      -9.818091113
          0,           0,         875,      -5.111356482,      -3.964693296,      -4.145984085,      -3.061729208,       -9.81610698
          0,           0,         876,      -5.111848996,      -3.966614564,      -4.151138635,      -3.062281504,      -9.814113034
          0,           0,         877,      -5.111988242,      -3.968928924,      -4.156549964,      -3.062465756,      -9.812110369
          0,           0,         878,       -5.11180057,      -3.971622943,      -4.162187667,       -3.06230536,      -9.810106883
          0,           0,         879,      -5.111316107,      -3.974680491,      -4.168017826,      -3.061827944,      -9.808100765
          0,           0,         880,      -5.110567926,      -3.978082609,      -4.174002942,      -3.061064575,      -9.806098594
          0,           0,         881,        -5.1095912,      -3.981807363,      -4.180101911,      -3.060048925,      -9.804102093
          0,           0,         882,       -5.10842238,      -3.985829687,      -4.186270093,      -3.058816448,      -9.802124621
          0,           0,         883,      -5.107098434,      -3.990121224,      -4.192459478,      -3.057403592,      -9.800167087
          0,           0,         884,      -5.105656154,       -3.99465017,      -4.198618979,      -3.055847072,      -9.798231367
          0,           0,         885,      -5.104131562,       -3.99938115,      -4.204694872,      -3.054183228,      -9.796331174
          0,           0,         886,      -5.102559409,       -4.00427513,      -4.210631402,      -3.052447477,      -9.794470795
          0,           0,         887,      -5.100972779,      -4.009289393,      -4.216371567,      -3.050673859,      -9.792651001
          0,           0,         888,      -5.099402784,      -4.014377604,      -4.221858085,      -3.048894689,      -9.790873495
          0,           0,         889,      -5.097878349,      -4.019489975,      -4.227034523,      -3.047140291,      -9.789132545
          0,           0,         890,      -5.096426079,      -4.024573579,      -4.231846578,      -3.045438826,      -9.787428695
          0,           0,         891,      -5.095070187,       -4.02957282,      -4.236243452,      -3.043816182,      -9.785775326
          0,           0,         892,      -5.093832485,       -4.03443008,      -4.240179257,      -3.042295939,      -9.784181409
          0,           0,         893,      -5.092732414,      -4.039086572,      -4.243614402,      -3.040899372,      -9.782653911
          0,           0,         894,      -5.091787112,       -4.04348338,      -4.246516838,      -3.039645506,       -9.78117824
          0,           0,         895,      -5.091011507,      -4.047562685,      -4.248863116,       -3.03855119,      -9.779752207
          0,           0,         896,      -5.090418426,      -4.051269156,      -4.250639161,      -3.037631202,      -9.778385284
          0,           0,         897,      -5.090018713,      -4.054551423,      -4.251840703,       -3.03689836,      -9.777087714
          0,           0,         898,      -5.089821353,      -4.057363606,      -4.252473343,      -3.036363645,      -9.775855738
          0,           0,         899,      -5.089833595,       -4.05966678,      -4.252552241,       -3.03603632,      -9.774689737
          0,           0,         900,      -5.090061067,      -4.061430304,      -4.252101456,       -3.03592405,      -9.773593367
          0,           0,         901,      -5.090507889,      -4.062632909,      -4.251152981,      -3.036033017,       -9.77256091
          0,           0,         902,      -5.091176766,      -4.063263471,      -4.249745558,      -3.036368015,      -9.771584486
          0,           0,         903,      -5.092069081,      -4.063321404,      -4.247923342,      -3.036932547,      -9.770666081
          0,           0,         904,      -5.093184958,      -4.062816647,      -4.245734508,      -3.037728894,      -9.769817224
          0,           0,         905,      -5.094523326,      -4.061769229,      -4.243229874,      -3.038758177,       -9.76903519
          0,           0,         906,      -5.096081952,      -4.060208473,      -4.240461607,        -3.0400204,       -9.76832237
          0,           0,         907,      -5.097857471,      -4.058171877,      -4.237482053,      -3.041514473,      -9.767662677
          0,           0,         908,      -5.099845383,      -4.055703781,      -4.234342743,      -3.043238222,      -9.767050231
          0,           0,         909,      -5.102040046,      -4.052853879,      -4.231093561,      -3.045188373,      -9.766491707
          0,           0,         910,      -5.104434645,      -4.049675712,      -4.227782109,      -3.047360524,      -9.765990875
          0,           0,         911,      -5.107021148,      -4.046225181,      -4.224453227,      -3.049749092,      -9.765544479
          0,           0,         912,      -5.109790241,      -4.042559185,      -4.221148679,      -3.052347254,      -9.765140397
          0,           0,         913,      -5.112731255,      -4.038734409,      -4.217906964,       -3.05514685,      -9.764767319
          0,           0,         914,      -5.115832077,      -4.034806297,      -4.214763242,      -3.058138297,      -9.764430759
          0,           0,         915,      -5.119079055,      -4.030828232,      -4.211749343,      -3.061310465,      -9.764125755
          0,           0,         916,      -5.122456893,      -4.026850903,      -4.208893848,      -3.064650556,      -9.763855349
          0,           0,         917,      -5.125948549,      -4.022921854,      -4.206222209,      -3.068143977,      -9.763610177
          0,           0,         918,      -5.129535138,      -4.019085204,      -4.203756908,        -3.0717742,      -9.763389749
          0,           0,         919,      -5.133195843,      -4.015381487,      -4.201517629,      -3.075522634,      -9.763178741
          0,           0,         920,      -5.136907852,       -4.01184762,      -4.199521436,       -3.07936851,      -9.762986039
          0,           0,         921,      -5.140646316,      -4.008516941,      -4.197782954,      -3.083288777,       -9.76279157
          0,           0,         922,      -5.144384356,      -4.005419321,      -4.196314534,      -3.087258034,      -9.762595194
          0,           0,         923,      -5.148093115,      -4.002581316,      -4.195126409,      -3.091248505,      -9.762386422
          0,           0,         924,      -5.151741877,      -4.000026342,      -4.194226836,      -3.095230065,      -9.762170256
          0,           0,         925,      -5.155298255,      -3.997774873,      -4.193622215,      -3.099170339,      -9.761938807
          0,           0,         926,      -5.158728473,      -3.995844625,      -4.193317187,      -3.103034879,      -9.761687337
          0,           0,         927,      -5.161997734,      -3.994250752,      -4.193314716,      -3.106787442,      -9.761418051
          0,           0,         928,      -5.165070686,       -3.99300601,      -4.193616143,      -3.110390374,      -9.761125464
          0,           0,         929,      -5.167911993,      -3.992120923,      -4.194221226,      -3.113805106,      -9.760821432
          0,           0,         930,      -5.170486987,      -3.991603913,      -4.195128158,      -3.116992768,       -9.76051938
          0,           0,         931,      -5.172762413,      -3.991461413,      -4.196333561,      -3.119914917,      -9.760238385
          0,           0,         932,      -5.174707213,      -3.991697954,      -4.197832465,       -3.12253436,      -9.759952297
          0,           0,         933,      -5.176293356,      -3.992316228,      -4.199618267,       -3.12481606,      -9.759632013
          0,           0,         934,      -5.177496653,      -3.993317119,      -4.201682682,      -3.126728074,      -9.759273236
          0,           0,         935,      -5.178297523,      -3.994699714,      -4.204015664,      -3.128242505,      -9.758877706
          0,           0,         936,       -5.17868168,      -3.996461285,      -4.206605335,      -3.129336404,      -9.758437378
          0,           0,         937,      -5.178640683,      -3.998597235,      -4.209437888,      -3.129992581,      -9.757948143
          0,           0,         938,      -5.178172327,      -4.001101033,        -4.2124975,      -3.130200267,      -9.757401877
          0,           0,         939,      -5.177280847,       -4.00396411,       -4.21576623,      -3.129955592,      -9.756798728
          0,           0,         940,      -5.175976914,      -4.007175733,       -4.21922394,      -3.129261843,      -9.756135268
          0,           0,         941,      -5.174277434,      -4.010722859,      -4.222848216,      -3.128129488,      -9.755412012
          0,           0,         942,      -5.172205149,      -4.014589967,      -4.226614309,       -3.12657595,      -9.754632404
          0,           0,         943,      -5.169788073,      -4.018758865,      -4.230495108,      -3.124625162,      -9.753799323
          0,           0,         944,      -5.167058799,      -4.023208495,      -4.234461154,      -3.122306928,      -9.752915731
          0,           0,         945,      -5.164053703,      -4.027914723,      -4.238480706,      -3.119656118,      -9.751982502
          0,           0,         946,      -5.160812105,       -4.03285014,      -4.242519861,      -3.116711766,      -9.751002903
          0,           0,         947,      -5.157375412,       -4.03798387,      -4.246542753,      -3.113516101,      -9.749979223
          0,           0,         948,      -5.153786286,      -4.043281413,      -4.250511841,      -3.110113577,      -9.748913612
          0,           0,         949,      -5.150087865,      -4.048704534,      -4.254388277,      -3.106549925,      -9.747810323
          0,           0,         950,      -5.146323061,      -4.054211219,      -4.258132381,      -3.102871285,      -9.746670345
          0,           0,         951,      -5.142533946,      -4.059755726,      -4.261704221,       -3.09912342,      -9.745497624
          0,           0,         952,      -5.138761235,      -4.065288753,       -4.26506427,      -3.095351044,      -9.744293431
          0,           0,         953,       -5.13504387,      -4.070757756,      -4.268174165,      -3.091597262,      -9.743063026
          0,           0,         954,      -5.131418689,      -4.076107432,       -4.27099751,      -3.087903123,      -9.741806718
          0,           0,         955,       -5.12792019,      -4.081280408,      -4.273500734,      -3.084307284,      -9.740527361
          0,           0,         956,      -5.124580366,      -4.086218122,      -4.275653935,      -3.080845769,      -9.739227809
          0,           0,         957,      -5.121428607,       -4.09086192,      -4.277431696,      -3.077551814,      -9.737910211
          0,           0,         958,       -5.11849165,       -4.09515435,      -4.278813813,      -3.074455778,      -9.736577452
          0,           0,         959,      -5.115793576,      -4.099040604,      -4.279785909,      -3.071585117,      -9.735231744
          0,           0,         960,      -5.113355835,      -4.102470075,      -4.280339883,      -3.068964401,      -9.733873393
          0,           0,         961,      -5.111197292,      -4.105397934,      -4.280474181,      -3.066615354,      -9.732504686
          0,           0,         962,      -5.109334283,      -4.107786651,      -4.280193852,      -3.064556926,      -9.731126762
          0,           0,         963,      -5.107780689,      -4.109607356,      -4.279510412,      -3.062805367,       -9.72974132
          0,           0,         964,      -5.106547992,      -4.110840932,      -4.278441493,      -3.061374312,      -9.728345664
          0,           0,         965,      -5.105645342,      -4.111478779,      -4.277010333,      -3.060274855,      -9.726939871
          0,           0,         966,      -5.105079606,       -4.11152316,      -4.275245111,      -3.059515625,      -9.725524219
          0,           0,         967,       -5.10485541,      -4.110987123,       -4.27317818,      -3.059102843,      -9.724097498
          0,           0,         968,      -5.104975167,      -4.109893989,      -4.270845243,      -3.059040366,      -9.722658316
          0,           0,         969,      -5.105439085,      -4.108276457,      -4.268284496,      -3.059329718,      -9.721204954
          0,           0,         970,      -5.106245166,      -4.106175401,      -4.265535804,      -3.059970095,       -9.71973761
          0,           0,         971,      -5.107389188,      -4.103638431,      -4.262639906,      -3.060958363,      -9.718254402
          0,           0,         972,      -5.108864667,      -4.100718345,      -4.259637708,      -3.062289028,      -9.716756582
          0,           0,         973,      -5.110662809,      -4.097471541,      -4.256569653,      -3.063954192,      -9.715238854
          0,           0,         974,      -5.112772447,      -4.093956501,      -4.253475192,      -3.065943497,      -9.713699799
          0,           0,         975,      -5.115179976,      -4.090232389,      -4.250392356,      -3.068244048,      -9.712138263
          0,           0,         976,       -5.11786927,       -4.08635783,      -4.247357423,      -3.070840336,      -9.710554888
          0,           0,         977,      -5.120821609,      -4.082389891,      -4.244404669,      -3.073714145,      -9.708949994
          0,           0,         978,       -5.12401561,      -4.078383259,      -4.241566204,      -3.076844476,      -9.707317055
          0,           0,         979,      -5.127427167,      -4.074389637,      -4.238871875,      -3.080207461,      -9.705655036
          0,           0,         980,      -5.131029416,      -4.070457312,      -4.236349221,      -3.083776313,      -9.703961839
          0,           0,         981,      -5.134792735,      -4.066630891,      -4.234023483,      -3.087521292,      -9.702238538
          0,           0,         982,      -5.138684787,      -4.062951173,      -4.231917633,      -3.091409723,      -9.700482519
          0,           0,         983,      -5.142670615,      -4.059455119,      -4.230052442,      -3.095406062,      -9.698697025
          0,           0,         984,      -5.146712824,       -4.05617592,      -4.228446557,      -3.099472037,      -9.696879538
          0,           0,         985,      -5.150771828,      -4.053143109,      -4.227116579,      -3.103566876,      -9.695028638
          0,           0,         986,      -5.154806206,      -4.050382717,       -4.22607716,      -3.107647635,      -9.693151315
          0,           0,         987,      -5.158773164,      -4.047917452,       -4.22534108,       -3.11166964,      -9.691247109
          0,           0,         988,      -5.162629099,      -4.045766882,      -4.224919323,      -3.115587048,      -9.689317674
          0,           0,         989,      -5.166330287,      -4.043947617,      -4.224821144,      -3.119353545,      -9.687368768
          0,           0,         990,      -5.169833662,      -4.042473478,      -4.225054113,      -3.122923149,      -9.685400625
          0,           0,         991,       -5.17309769,      -4.041355649,      -4.225624157,      -3.126251132,       -9.68341225
          0,           0,         992,      -5.176083303,      -4.040602807,      -4.226535562,      -3.129295022,      -9.681409412
          0,           0,         993,      -5.178754858,      -4.040221221,      -4.227790973,       -3.13201565,      -9.679391141
          0,           0,         994,      -5.181081086,      -4.040214834,      -4.229391363,        -3.1343782,      -9.677349905
          0,           0,         995,      -5.183035968,      -4.040585302,      -4.231335977,      -3.136353215,      -9.675295001
          0,           0,         996,      -5.184599516,      -4.041332015,      -4.233622257,      -3.137917485,      -9.673235224
          0,           0,         997,      -5.185758382,      -4.042452077,      -4.236245741,       -3.13905479,      -9.671175226
          0,           0,         998,      -5.186506277,       -4.04394027,      -4.239199929,      -3.139756428,       -9.66911365
          0,           0,         999,      -5.186844171,      -4.045788971,      -4.242476134,      -3.140021498,      -9.667051572
          0,           0,        1000,      -5.186780248,      -4.047988061,      -4.246063303,      -3.139856927,      -9.664999782
          0,           0,        1001,      -5.186329635,      -4.050524796,      -4.249947817,      -3.139277228,      -9.662950325
          0,           0,        1002,      -5.185513918,      -4.053383658,      -4.254113266,      -3.138304018,      -9.660906403
          0,           0,        1003,      -5.184360471,      -4.056546202,      -4.258540221,       -3.13696532,      -9.658866858
          0,           0,        1004,       -5.18290165,      -4.059990873,      -4.263205985,      -3.135294697,      -9.656850831
          0,           0,        1005,      -5.181173901,      -4.063692841,      -4.268084353,      -3.133330283,      -9.654856799
          0,           0,        1006,      -5.179216814,      -4.067623833,      -4.273145385,      -3.131113748,      -9.652879748
          0,           0,        1007,       -5.17707219,      -4.071751996,       -4.27835521,      -3.128689269,      -9.650932693
          0,           0,        1008,      -5.174783146,      -4.076041795,      -4.283675879,      -3.126102532,       -9.64902664
          0,           0,        1009,      -5.172393295,      -4.080453974,      -4.289065293,       -3.12339983,      -9.647157489
          0,           0,        1010,       -5.16994602,      -4.084945598,      -4.294477235,      -3.120627247,      -9.645326199
          0,           0,        1011,      -5.167483852,      -4.089470206,      -4.299861537,      -3.117829979,      -9.643522674
          0,           0,        1012,      -5.165047967,      -4.093978086,      -4.305164406,      -3.115051767,      -9.641757054
          0,           0,        1013,      -5.162677783,      -4.098416724,       -4.31032896,       -3.11233446,      -9.640036143
          0,           0,        1014,      -5.160410669,      -4.102731415,      -4.315295975,      -3.109717696,      -9.638364698
          0,           0,        1015,      -5.158281735,      -4.106866079,      -4.320004877,      -3.107238676,       -9.63675018
          0,           0,        1016,      -5.156323706,      -4.110764268,      -4.324394975,      -3.104932034,      -9.635179962
          0,           0,        1017,      -5.154566865,      -4.114370357,      -4.328406918,      -3.102829778,      -9.633660689
          0,           0,        1018,      -5.153039031,      -4.117630906,      -4.331984336,      -3.100961285,      -9.632208625
          0,           0,        1019,      -5.151765598,      -4.120496117,      -4.335075601,      -3.099353345,      -9.630825014
          0,           0,        1020,      -5.150769576,      -4.122921349,      -4.337635606,      -3.098030226,      -9.629507952
          0,           0,        1021,      -5.150071667,      -4.124868592,      -4.339627476,      -3.097013762,      -9.628240441
          0,           0,        1022,      -5.149690341,      -4.126307813,      -4.341024063,      -3.096323454,      -9.627019723
          0,           0,        1023,      -5.149641904,      -4.127218088,      -4.341809141,      -3.095976559,      -9.625849176
          0,           0,        1024,      -5.149940572,      -4.127588419,      -4.341978179,      -3.095988183,      -9.624730967
          0,           0,        1025,       -5.15059852,       -4.12741819,      -4.341538635,      -3.096371353,      -9.623660927
          0,           0,        1026,      -5.151625919,      -4.126717217,       -4.34050975,      -3.097137076,      -9.622632004
          0,           0,        1027,      -5.153030951,      -4.125505384,      -4.338921851,      -3.098294372,      -9.621652842
          0,           0,        1028,      -5.154819792,      -4.123811904,       -4.33681523,      -3.099850282,      -9.620717428
          0,           0,        1029,      -5.156996578,      -4.121674253,      -4.334238684,       -3.10180985,      -9.619822933
          0,           0,        1030,      -5.159563323,      -4.119136869,      -4.331247835,      -3.104176068,      -9.618959178
          0,           0,        1031,      -5.162519821,      -4.116249699,      -4.327903348,      -3.106949787,      -9.618122869
          0,           0,        1032,      -5.165863495,      -4.113066687,       -4.32426915,      -3.110129595,      -9.617321621
          0,           0,        1033,      -5.169589215,      -4.109644291,      -4.320410764,      -3.113711654,      -9.616547818
          0,           0,        1034,      -5.173689082,      -4.106040104,      -4.316393801,      -3.117689492,      -9.615801573
          0,           0,        1035,      -5.178152158,      -4.102311617,       -4.31228268,      -3.122053755,      -9.615078856
          0,           0,        1036,      -5.182964171,      -4.098515168,      -4.308139582,      -3.126791923,      -9.614376709
          0,           0,        1037,      -5.188107176,      -4.094705087,      -4.304023651,      -3.131887975,      -9.613691258
          0,           0,        1038,      -5.193559184,      -4.090933033,      -4.299990411,      -3.137322024,      -9.613002477
          0,           0,        1039,       -5.19929378,      -4.087247519,      -4.296091395,      -3.143069918,      -9.612303837
          0,           0,        1040,      -5.205279719,      -4.083693596,      -4.292373932,      -3.149102825,      -9.611597108
          0,           0,        1041,      -5.211480543,       -4.08031268,      -4.288881085,      -3.155386806,      -9.610877334
          0,           0,        1042,      -5.217854229,      -4.077142491,      -4.285651682,      -3.161882413,      -9.610138146
          0,           0,        1043,      -5.224352909,      -4.074217074,      -4.282720434,      -3.168544333,      -9.609385944
          0,           0,        1044,      -5.230922705,        -4.0715669,      -4.280118097,      -3.175321108,      -9.608613861
          0,           0,        1045,      -5.237503724,         -4.069219,      -4.277871668,      -3.182155008,      -9.607819367
          0,           0,        1046,      -5.244030271,      -4.067197132,      -4.276004591,      -3.188982072,      -9.607002402
          0,           0,        1047,      -5.250431347,      -4.065521958,      -4.274536964,      -3.195732415,       -9.60615602
          0,           0,        1048,       -5.25663148,      -4.064211232,      -4.273485725,      -3.202330851,      -9.605281217
          0,           0,        1049,      -5.262551949,      -4.063279964,      -4.272864824,      -3.208697889,      -9.604372891
          0,           0,        1050,      -5.268112417,      -4.062740593,      -4.272685362,      -3.214751159,      -9.603431169
          0,           0,        1051,      -5.273232983,      -4.062603119,      -4.272955702,      -3.220407285,      -9.602461722
          0,           0,        1052,      -5.277836597,      -4.062875224,      -4.273681539,      -3.225584184,      -9.601477217
          0,           0,        1053,       -5.28185175,      -4.063562367,      -4.274865929,      -3.230203731,      -9.600494178
          0,           0,        1054,      -5.285215285,      -4.064667847,       -4.27650928,      -3.234194665,      -9.599498237
          0,           0,        1055,      -5.287875144,      -4.066192839,      -4.278609305,      -3.237495554,      -9.598469676
          0,           0,        1056,      -5.289792824,      -4.068136399,       -4.28116092,      -3.240057602,      -9.597405471
          0,           0,        1057,      -5.290945329,      -4.070495442,      -4.284156103,      -3.241847061,      -9.596300526
          0,           0,        1058,      -5.291326423,      -4.073264683,      -4.287583715,      -3.242847011,      -9.595153934
          0,           0,        1059,      -5.290947066,      -4.076436555,      -4.291429268,      -3.243058338,      -9.593967618
          0,           0,        1060,      -5.289834972,      -4.080001089,      -4.295674661,      -3.242499797,      -9.592740722
          0,           0,        1061,      -5.288033353,      -4.083945772,       -4.30029788,      -3.241207163,      -9.591477765
          0,           0,        1062,      -5.285598963,      -4.088255376,      -4.305272673,      -3.239231552,      -9.590177819
          0,           0,        1063,      -5.282599638,      -4.092911766,      -4.310568205,      -3.236637085,      -9.588844519
          0,           0,        1064,      -5.279111556,      -4.097893686,      -4.316148722,      -3.233498127,      -9.587482689
          0,           0,        1065,      -5.275216422,       -4.10317654,      -4.321973231,      -3.229896328,      -9.586095289
          0,           0,        1066,       -5.27099879,      -4.108732167,       -4.32799524,      -3.225917703,      -9.584682248
          0,           0,        1067,      -5.266543648,      -4.114528628,      -4.334162584,      -3.221649929,      -9.583246761
          0,           0,        1068,      -5.261934376,      -4.120530019,      -4.340417374,      -3.217179987,      -9.581791953
          0,           0,        1069,      -5.257251116,      -4.126696329,       -4.34669614,      -3.212592234,       -9.58032125
          0,           0,        1070,       -5.25256956,      -4.132983373,      -4.352930201,      -3.207966917,      -9.578837295
          0,           0,        1071,      -5.247960116,      -4.139342815,      -4.359046329,      -3.203379121,      -9.577343248
          0,           0,        1072,       -5.24348742,      -4.145722321,      -4.364967742,      -3.198898096,      -9.575841001
          0,           0,        1073,      -5.239210122,      -4.152065872,      -4.370615478,      -3.194586912,      -9.574333479
          0,           0,        1074,      -5.235180894,      -4.158314259,      -4.375910141,       -3.19050238,      -9.572824192
          0,           0,        1075,      -5.231446594,      -4.164405807,      -4.380774012,      -3.186695161,      -9.571315905
          0,           0,        1076,      -5.228048542,      -4.170277318,      -4.385133439,      -3.183210018,       -9.56981201
          0,           0,        1077,      -5.225022869,      -4.175865259,      -4.388921424,      -3.180086159,      -9.568314561
          0,           0,        1078,      -5.222400892,      -4.181107174,      -4.392080214,      -3.177357623,       -9.56682534
          0,           0,        1079,      -5.220209501,      -4.185943279,      -4.394563738,      -3.175053693,      -9.565345469
          0,           0,        1080,      -5.218471534,      -4.190318187,      -4.396339675,      -3.173199296,      -9.563875949
          0,           0,        1081,      -5.217206124,      -4.194182668,      -4.397390972,      -3.171815378,      -9.562417484
          0,           0,        1082,      -5.216429008,      -4.197495351,      -4.397716661,      -3.170919251,      -9.560969721
          0,           0,        1083,      -5.216152797,      -4.200224243,      -4.397331896,      -3.170524892,      -9.559534072
          0,           0,        1084,      -5.216387192,      -4.202347954,      -4.396267209,      -3.170643188,      -9.558108946
          0,           0,        1085,      -5.217139153,      -4.203856538,      -4.394567049,      -3.171282133,      -9.556692695
          0,           0,        1086,      -5.218413015,      -4.204751858,      -4.392287767,       -3.17244697,      -9.555286309
          0,           0,        1087,      -5.220210551,      -4.205047473,      -4.389495206,      -3.174140271,      -9.553890533
          0,           0,        1088,      -5.222530974,      -4.204768025,       -4.38626212,      -3.176361965,      -9.552502193
          0,           0,        1089,      -5.225370889,      -4.203948201,      -4.382665591,      -3.179109299,       -9.55111864
          0,           0,        1090,      -5.228724184,      -4.202631355,      -4.378784627,      -3.182376744,      -9.549739935
          0,           0,        1091,      -5.232581865,      -4.200867875,      -4.374698027,      -3.186155839,      -9.548363559
          0,           0,        1092,      -5.236931829,      -4.198713444,      -4.370482612,      -3.190434968,      -9.546989992
          0,           0,        1093,      -5.241758579,      -4.196227279,      -4.366211832,      -3.195199076,      -9.545615913
          0,           0,        1094,      -5.247042883,      -4.193470456,      -4.361954747,      -3.200429326,      -9.544238091
          0,           0,        1095,      -5.252761371,      -4.190504395,      -4.357775345,      -3.206102689,      -9.542853218
          0,           0,        1096,      -5.258886092,      -4.187389557,      -4.353732161,      -3.212191484,      -9.541460397
          0,           0,        1097,      -5.265384022,      -4.184184358,      -4.349878129,      -3.218662871,      -9.540057654
          0,           0,        1098,      -5.272216555,       -4.18094434,      -4.346260625,      -3.225478316,      -9.538645216
          0,           0,        1099,      -5.279338986,       -4.17772155,      -4.342921643,      -3.232593037,      -9.537226404
          0,           0,        1100,      -5.286700032,      -4.174564134,      -4.339898068,      -3.239955491,      -9.535795202
          0,           0,        1101,      -5.294241422,      -4.171516097,      -4.337221995,      -3.247506914,      -9.534349413
          0,           0,        1102,      -5.301897617,      -4.168617208,      -4.334921085,      -3.255180991,      -9.532885023
          0,           0,        1103,      -5.309595728,      -4.165903017,      -4.333018917,      -3.262903723,      -9.531399622
          0,           0,        1104,      -5.317255713,      -4.163404952,      -4.331535329,      -3.270593568,      -9.529896907
          0,           0,        1105,      -5.324790936,      -4.161150474,      -4.330486738,      -3.278161961,       -9.52838036
          0,           0,        1106,      -5.332109171,      -4.159163266,      -4.329886417,      -3.285514285,       -9.52684844
          0,           0,        1107,      -5.339114131,      -4.157463441,      -4.329744739,      -3.292551404,      -9.525300086
          0,           0,        1108,      -5.345707561,       -4.15606775,      -4.330069379,      -3.299171783,      -9.523738544
          0,           0,        1109,      -5.351791897,      -4.154989785,      -4.330865464,      -3.305274219,      -9.522166686
          0,           0,        1110,       -5.35727342,      -4.154240167,      -4.332135681,      -3.310761119,      -9.520585348
          0,           0,        1111,      -5.362065765,      -4.153826711,      -4.333880338,       -3.31554218,      -9.518993533
          0,           0,        1112,      -5.366093573,      -4.153754566,      -4.336097373,      -3.319538238,      -9.517392108
          0,           0,        1113,       -5.36929599,      -4.154026327,      -4.338782316,      -3.322685001,      -9.515782619
          0,           0,        1114,        -5.3716297,      -4.154642123,      -4.341928207,        -3.3249363,      -9.514162163
          0,           0,        1115,      -5.373071189,      -4.155599668,      -4.345525458,      -3.326266544,      -9.512535055
          0,           0,        1116,      -5.373617979,      -4.156894292,      -4.349561673,      -3.326672094,      -9.510899877
          0,           0,        1117,      -5.373288712,       -4.15851894,      -4.354021419,      -3.326171402,      -9.509258632
          0,           0,        1118,      -5.372122051,      -4.160464145,      -4.358885951,      -3.324803894,      -9.507613611
          0,           0,        1119,      -5.370174545,      -4.162717983,      -4.364132891,      -3.322627733,      -9.505968614
          0,           0,        1120,      -5.367517674,      -4.165266002,      -4.369735888,      -3.319716708,      -9.504325298
          0,           0,        1121,      -5.364234399,      -4.168091149,      -4.375664236,      -3.316156584,      -9.502678615
          0,           0,        1122,      -5.360415514,       -4.17117367,      -4.381882485,      -3.312041249,      -9.501029134
          0,           0,        1123,      -5.356156105,      -4.174491026,      -4.388350067,      -3.307468977,      -9.499383846
          0,           0,        1124,      -5.351552344,      -4.178017807,      -4.395020946,      -3.302539059,      -9.497749598
          0,           0,        1125,      -5.346698762,      -4.181725662,      -4.401843338,      -3.297348942,      -9.496132171
          0,           0,        1126,       -5.34168609,      -4.185583264,      -4.408759545,      -3.291991982,       -9.49452524
          0,           0,        1127,      -5.336599656,      -4.189556317,      -4.415705936,      -3.286555795,      -9.492933393
          0,           0,        1128,      -5.331518323,      -4.193607616,      -4.422613155,      -3.281121171,      -9.491361133
          0,           0,        1129,      -5.326513878,      -4.197697193,        -4.4294066,      -3.275761474,      -9.489808797
          0,           0,        1130,      -5.321650801,      -4.201782547,      -4.436007237,      -3.270542433,      -9.488273138
          0,           0,        1131,      -5.316986318,      -4.205818991,      -4.442332793,      -3.265522229,      -9.486760124
          0,           0,        1132,      -5.312570662,      -4.209760111,      -4.448299373,      -3.260751796,      -9.485271702
          0,           0,        1133,      -5.308447476,      -4.213558368,      -4.453823475,      -3.256275271,      -9.483809289
          0,           0,        1134,      -5.304654292,      -4.217165832,      -4.458824386,      -3.252130506,      -9.482375803
          0,           0,        1135,       -5.30122305,      -4.220535043,      -4.463226851,      -3.248349635,        -9.4809717
          0,           0,        1136,      -5.298180621,       -4.22361999,      -4.466963869,      -3.244959623,      -9.479600999
          0,           0,        1137,      -5.295549303,      -4.226377174,      -4.469979442,      -3.241982804,      -9.478265079
          0,           0,        1138,      -5.293347292,       -4.22876672,      -4.472231039,       -3.23943737,      -9.476965241
          0,           0,        1139,      -5.291589093,      -4.230753488,      -4.473691571,      -3.237337821,      -9.475701703
          0,           0,        1140,      -5.290285892,      -4.232308114,       -4.47435068,      -3.235695344,      -9.474469471
          0,           0,        1141,      -5.289445859,      -4.233407943,      -4.474215211,      -3.234518154,      -9.473265552
          0,           0,        1142,      -5.289074409,       -4.23403777,      -4.473308816,      -3.233811764,      -9.472091234
          0,           0,        1143,      -5.289174395,      -4.234190352,      -4.471670734,      -3.233579205,      -9.470942376
          0,           0,        1144,      -5.289746254,      -4.233866662,      -4.469353873,      -3.233821189,      -9.469817854
          0,           0,        1145,        -5.2907881,      -4.233075846,      -4.466422371,      -3.234536224,      -9.468721055
          0,           0,        1146,      -5.292295765,      -4.231834903,      -4.462948867,      -3.235720676,      -9.467655194
          0,           0,        1147,      -5.294262791,      -4.230168109,      -4.459011684,      -3.237368784,      -9.466629674
          0,           0,        1148,      -5.296680372,      -4.228106219,      -4.454692143,      -3.239472633,      -9.465638028
          0,           0,        1149,      -5.299537262,      -4.225685502,      -4.450072125,      -3.242022075,      -9.464667667
          0,           0,        1150,      -5.302819621,      -4.222946677,      -4.445232008,      -3.245004621,      -9.463710857
          0,           0,        1151,      -5.306510845,      -4.219933795,       -4.44024901,      -3.248405284,      -9.462767092
          0,           0,        1152,      -5.310591335,      -4.216693143,      -4.435195945,      -3.252206392,      -9.461840863
          0,           0,        1153,      -5.315038252,        -4.2132722,      -4.430140368,      -3.256387364,      -9.460933048
          0,           0,        1154,      -5.319825243,      -4.209718692,      -4.425144061,      -3.260924467,       -9.46003292
          0,           0,        1155,      -5.324922146,      -4.206079766,      -4.420262803,      -3.265790546,      -9.459121217
          0,           0,        1156,      -5.330294707,      -4.202401297,      -4.415546353,      -3.270954755,      -9.458196329
          0,           0,        1157,      -5.335904294,      -4.198727335,      -4.411038606,      -3.276382283,      -9.457262967
          0,           0,        1158,      -5.341707672,      -4.195099682,      -4.406777863,      -3.282034111,      -9.456320699
          0,           0,        1159,      -5.347656821,      -4.191557588,      -4.402797168,      -3.287866809,       -9.45536671
          0,           0,        1160,      -5.353698871,      -4.188137554,      -4.399124686,      -3.293832406,      -9.454400244
          0,           0,        1161,      -5.359776162,      -4.184873231,      -4.395784094,      -3.299878361,      -9.453420142
          0,           0,        1162,       -5.36582649,      -4.181795389,      -4.392794959,      -3.305947681,      -9.452424931
          0,           0,        1163,      -5.371783568,       -4.17893194,      -4.390173099,      -3.311979212,      -9.451409061
          0,           0,        1164,      -5.377577757,      -4.176308008,      -4.387930914,      -3.317908145,      -9.450373249
          0,           0,        1165,      -5.383137087,      -4.173946032,      -4.386077675,      -3.323666778,      -9.449321169
          0,           0,        1166,      -5.388388581,       -4.17186588,      -4.384619783,      -3.329185554,        -9.4482493
          0,           0,        1167,      -5.393259894,      -4.170084976,      -4.383560978,      -3.334394382,      -9.447152136
          0,           0,        1168,       -5.39768121,      -4.168618431,      -4.382902512,      -3.339224232,      -9.446028381
          0,           0,        1169,      -5.401587338,      -4.167479164,      -4.382643285,      -3.343608966,      -9.444876642
          0,           0,        1170,      -5.404919907,      -4.166678015,      -4.382779941,       -3.34748732,      -9.443700223
          0,           0,        1171,      -5.407629506,       -4.16622385,      -4.383306927,      -3.350804953,      -9.442503846
          0,           0,        1172,      -5.409677635,      -4.166123644,      -4.384216526,      -3.353516422,      -9.441289388
          0,           0,        1173,      -5.411038303,      -4.166382546,      -4.385498849,      -3.355586943,       -9.44006864
          0,           0,        1174,      -5.411699129,      -4.167003929,      -4.387141812,      -3.356993801,      -9.438841073
          0,           0,        1175,      -5.411661853,      -4.167989416,       -4.38913108,      -3.357727291,      -9.437596032
          0,           0,        1176,      -5.410942203,      -4.169338884,          -4.39145,      -3.357791094,       -9.43632851
          0,           0,        1177,      -5.409569137,       -4.17105045,      -4.394079522,      -3.357202065,      -9.435037326
          0,           0,        1178,      -5.407583518,      -4.173120428,      -4.396998095,      -3.355989449,      -9.433727289
          0,           0,        1179,      -5.405036358,      -4.175543275,      -4.400181586,       -3.35419359,       -9.43239871
          0,           0,        1180,      -5.401986768,      -4.178311504,      -4.403603192,      -3.351864253,      -9.431052656
          0,           0,        1181,      -5.398499768,      -4.181415586,      -4.407233372,      -3.349058692,      -9.429690222
          0,           0,        1182,      -5.394644127,      -4.184843828,      -4.411039815,      -3.345839609,      -9.428313894
          0,           0,        1183,      -5.390490323,      -4.188582236,      -4.414987447,      -3.342273134,      -9.426925752
          0,           0,        1184,      -5.386108749,      -4.192614364,      -4.419038495,      -3.338426938,      -9.425528075
          0,           0,        1185,      -5.381568193,      -4.196921158,      -4.423152629,      -3.334368562,      -9.424123527
          0,           0,        1186,      -5.376934636,      -4.201480794,       -4.42728719,      -3.330164013,      -9.422713151
          0,           0,        1187,      -5.372270353,      -4.206268519,      -4.431397524,      -3.325876635,      -9.421299446
          0,           0,        1188,      -5.367633292,      -4.211256513,      -4.435437431,      -3.321566276,      -9.419885756
          0,           0,        1189,      -5.363076708,      -4.216413774,       -4.43935974,      -3.317288698,      -9.418474949
          0,           0,        1190,      -5.358648998,      -4.221706042,      -4.443117012,      -3.313095234,      -9.417071353
          0,           0,        1191,      -5.354393699,      -4.227095789,      -4.446662365,      -3.309032615,       -9.41567908
          0,           0,        1192,       -5.35034961,      -4.232542278,      -4.449950404,      -3.305142969,      -9.414301598
          0,           0,        1193,      -5.346551003,      -4.238001728,       -4.45293823,      -3.301463914,      -9.412941268
          0,           0,        1194,      -5.343027881,      -4.243427589,      -4.455586493,       -3.29802875,      -9.411600178
          0,           0,        1195,      -5.339806279,       -4.24877096,      -4.457860441,      -3.294866697,      -9.410280536
          0,           0,        1196,      -5.336908569,       -4.25398116,      -4.459730907,      -3.292003157,      -9.408984387
          0,           0,        1197,      -5.334353761,      -4.259006466,      -4.461175187,          -3.28946,      -9.407713356
          0,           0,        1198,      -5.332157798,      -4.263795002,      -4.462177746,      -3.287255838,      -9.406468564
          0,           0,        1199,      -5.330333819,        -4.2682958,      -4.462730707,      -3.285406292,      -9.405250702
          0,           0,        1200,      -5.328892398,      -4.272459977,      -4.462834092,      -3.283924232,      -9.404059691
          0,           0,        1201,      -5.327841762,      -4.276242002,      -4.462495793,      -3.282819998,      -9.402894815
          0,           0,        1202,      -5.327187961,      -4.279600999,      -4.461731286,       -3.28210159,      -9.401755019
          0,           0,        1203,      -5.326935018,      -4.282502014,      -4.460563093,      -3.281774822,      -9.400638764
          0,           0,        1204,      -5.327085039,      -4.284917171,      -4.459020039,      -3.281843453,      -9.399545805
          0,           0,        1205,      -5.327638296,       -4.28682665,      -4.457136352,      -3.282309276,      -9.398475043
          0,           0,        1206,      -5.328593268,      -4.288219401,      -4.454950654,      -3.283172182,      -9.397424879
          0,           0,        1207,      -5.329946665,      -4.289093564,      -4.452504914,      -3.284430182,      -9.396393954
          0,           0,        1208,      -5.331693403,      -4.289456539,        -4.4498434,      -3.286079411,      -9.395380617
          0,           0,        1209,      -5.333826567,      -4.289324717,      -4.447011682,      -3.288114085,      -9.394382095
          0,           0,        1210,       -5.33633733,      -4.288722889,      -4.444055724,      -3.290526437,      -9.393396709
          0,           0,        1211,      -5.339214854,       -4.28768337,      -4.441021085,      -3.293306622,      -9.392426193
          0,           0,        1212,      -5.342446161,      -4.286244908,      -4.437952243,       -3.29644259,       -9.39146729
          0,           0,        1213,      -5.346015981,      -4.284451449,      -4.434892049,      -3.299919937,       -9.39051817
          0,           0,        1214,      -5.349906581,      -4.282350833,      -4.431881301,      -3.303721731,      -9.389576627
          0,           0,        1215,      -5.354097575,      -4.279993493,      -4.428958438,       -3.30782832,      -9.388640623
          0,           0,        1216,      -5.358565725,      -4.277431219,      -4.426159337,      -3.312217126,      -9.387706654
          0,           0,        1217,      -5.363284745,      -4.274716031,       -4.42351719,      -3.316862435,      -9.386773121
          0,           0,        1218,      -5.368225107,      -4.271899197,      -4.421062462,      -3.321735187,      -9.385838613
          0,           0,        1219,      -5.373353869,      -4.269030413,      -4.418822897,      -3.326802793,      -9.384900227
          0,           0,        1220,      -5.378634547,      -4.266157134,      -4.416823575,      -3.332028975,      -9.383959033
          0,           0,        1221,      -5.384027037,      -4.263324084,      -4.415086991,      -3.337373668,      -9.383011811
          0,           0,        1222,      -5.389487615,      -4.260572887,      -4.413633157,      -3.342792994,      -9.382052346
          0,           0,        1223,      -5.394969054,       -4.25794184,      -4.412479712,      -3.348239343,      -9.381082606
          0,           0,        1224,      -5.400420852,      -4.255465784,      -4.411642032,      -3.353661578,      -9.380099873
          0,           0,        1225,      -5.405789632,      -4.253176054,       -4.41113334,      -3.359005411,      -9.379105899
          0,           0,        1226,      -5.411019717,      -4.251100505,      -4.410964798,      -3.364213948,      -9.378102157
          0,           0,        1227,      -5.416053894,      -4.249263573,      -4.411145593,      -3.369228459,       -9.37709086
          0,           0,        1228,      -5.420834394,      -4.247686372,         -4.411683,      -3.373989348,      -9.376070438
          0,           0,        1229,      -5.425304061,      -4.246386802,       -4.41258243,       -3.37843735,      -9.375036175
          0,           0,        1230,      -5.429407697,      -4.245379669,      -4.413847451,      -3.382514911,      -9.373990391
          0,           0,        1231,      -5.433093532,      -4.244676794,      -4.415479789,      -3.386167727,      -9.372934422
          0,           0,        1232,      -5.436314774,      -4.244287122,      -4.417479305,      -3.389346361,      -9.371864848
          0,           0,        1233,      -5.439031123,      -4.244216803,      -4.419843941,      -3.392007872,      -9.370782024
          0,           0,        1234,      -5.441210199,      -4.244469263,      -4.422569646,      -3.394117337,      -9.369690541
          0,           0,        1235,      -5.442828749,      -4.245045254,      -4.425650273,      -3.395649181,      -9.368594869
          0,           0,        1236,      -5.443873566,      -4.245942875,      -4.429077447,      -3.396588202,      -9.367489579
          0,           0,        1237,      -5.444342042,      -4.247157579,      -4.432840409,      -3.396930211,      -9.366376177
          0,           0,        1238,      -5.444242306,      -4.248682154,      -4.436925839,       -3.39668224,      -9.365256708
          0,           0,        1239,      -5.443592938,      -4.250506684,      -4.441317648,        -3.3958623,       -9.36413478
          0,           0,        1240,      -5.442422285,      -4.252618498,      -4.445996767,      -3.394498694,      -9.363012187
          0,           0,        1241,      -5.440767429,      -4.255002102,      -4.450940909,      -3.392628967,      -9.361888761
          0,           0,        1242,       -5.43867289,      -4.257639109,       -4.45612434,      -3.390298554,      -9.360766031
          0,           0,        1243,       -5.43618916,       -4.26050817,      -4.461517652,      -3.387559238,      -9.359647812
          0,           0,        1244,      -5.433371152,      -4.263584908,       -4.46708756,      -3.384467518,      -9.358532072
          0,           0,        1245,      -5.430276671,      -4.266841879,      -4.472796741,      -3.381082989,      -9.357419437
          0,           0,        1246,      -5.426964972,      -4.270248561,      -4.478603734,      -3.377466812,       -9.35630977
          0,           0,        1247,      -5.423495464,      -4.273771393,      -4.484462937,      -3.373680339,       -9.35520545
          0,           0,        1248,      -5.419926597,      -4.277373871,      -4.490324709,      -3.369783935,      -9.354110574
          0,           0,        1249,       -5.41631495,      -4.281016724,      -4.496135637,      -3.365836012,      -9.353028182
          0,           0,        1250,      -5.412714523,      -4.284658184,      -4.501838973,      -3.361892285,      -9.351958973
          0,           0,        1251,      -5.409176216,      -4.288254366,      -4.507375288,      -3.358005219,      -9.350901611
          0,           0,        1252,      -5.405747481,      -4.291759765,      -4.512683349,      -3.354223681,      -9.349855939
          0,           0,        1253,      -5.402472124,      -4.295127887,      -4.517701239,      -3.350592727,       -9.34882354
          0,           0,        1254,      -5.399390225,      -4.298312004,      -4.522367704,      -3.347153528,      -9.347808458
          0,           0,        1255,      -5.396538149,      -4.301266035,        -4.5266237,      -3.343943401,      -9.346814486
          0,           0,        1256,       -5.39394863,      -4.303945525,      -4.530414087,        -3.3409959,      -9.345843004
          0,           0,        1257,      -5.391650909,      -4.306308702,      -4.533689387,      -3.338340969,       -9.34489594
          0,           0,        1258,      -5.389670889,      -4.308317562,      -4.536407506,      -3.336005126,        -9.3439712
          0,           0,        1259,      -5.388031315,      -4.309938935,      -4.538535321,      -3.334011655,      -9.343061122
          0,           0,        1260,      -5.386751952,      -4.311145483,      -4.540049988,      -3.332380808,      -9.342161701
          0,           0,        1261,      -5.385849752,      -4.311916554,      -4.540939897,      -3.331129995,      -9.341277918
          0,           0,        1262,      -5.385339015,      -4.312238858,      -4.541205175,      -3.330273958,       -9.34041395
          0,           0,        1263,      -5.385231511,      -4.312106903,      -4.540857702,      -3.329824927,      -9.339570548
          0,           0,        1264,      -5.385536598,       -4.31152317,      -4.539920633,      -3.329792742,      -9.338747211
          0,           0,        1265,      -5.386261287,      -4.310498015,       -4.53842747,      -3.330184958,      -9.337943617
          0,           0,        1266,      -5.387410292,      -4.309049295,      -4.536420766,      -3.331006903,      -9.337159708
          0,           0,        1267,      -5.388986036,      -4.307201757,      -4.533950553,      -3.332261713,      -9.336392423
          0,           0,        1268,      -5.390988624,       -4.30498623,      -4.531072616,      -3.333950329,      -9.335637804
          0,           0,        1269,      -5.393415775,      -4.302438661,      -4.527846729,      -3.336071452,      -9.334895754
          0,           0,        1270,      -5.396262717,      -4.299599071,      -4.524334946,      -3.338621469,      -9.334159369
          0,           0,        1271,      -5.399522044,      -4.296510471,      -4.520600039,      -3.341594333,      -9.333424927
          0,           0,        1272,       -5.40318353,      -4.293217807,      -4.516704122,      -3.344981406,      -9.332687355
          0,           0,        1273,      -5.407233905,      -4.289766963,      -4.512707512,      -3.348771269,      -9.331945873
          0,           0,        1274,      -5.411656596,      -4.286203864,      -4.508667821,      -3.352949487,      -9.331196218
          0,           0,        1275,      -5.416431433,      -4.282573702,      -4.504639281,      -3.357498348,      -9.330433268
          0,           0,        1276,      -5.421534335,      -4.278920281,      -4.500672282,      -3.362396565,      -9.329659651
          0,           0,        1277,      -5.426936968,      -4.275285506,      -4.496813081,      -3.367618956,      -9.328875554
          0,           0,        1278,      -5.432606411,       -4.27170899,      -4.493103675,      -3.373136119,      -9.328078559
          0,           0,        1279,       -5.43850483,      -4.268227771,      -4.489581787,      -3.378914101,      -9.327270663
          0,           0,        1280,      -5.444589198,      -4.264876143,      -4.486280942,      -3.384914089,      -9.326451096
          0,           0,        1281,      -5.450811084,      -4.261685561,      -4.483230607,      -3.391092155,       -9.32561831
          0,           0,        1282,      -5.457116548,      -4.258684615,      -4.480456376,      -3.397399071,      -9.324770501
          0,           0,        1283,      -5.463446202,      -4.255899063,       -4.47798017,      -3.403780247,      -9.323907012
          0,           0,        1284,      -5.469735462,      -4.253351899,      -4.475820447,      -3.410175832,      -9.323025386
          0,           0,        1285,      -5.475915067,      -4.251063452,      -4.473992411,      -3.416521019,      -9.322127738
          0,           0,        1286,      -5.481911896,      -4.249051495,      -4.472508201,      -3.422746621,      -9.321208964
          0,           0,        1287,      -5.487650133,      -4.247331372,      -4.471377066,      -3.428779938,      -9.320269249
          0,           0,        1288,      -5.493052788,      -4.245916116,      -4.470605515,      -3.434545974,      -9.319311091
          0,           0,        1289,      -5.498043584,      -4.244816569,      -4.470197438,         -3.439969,      -9.318336796
          0,           0,        1290,      -5.502549143,       -4.24404149,        -4.4701542,      -3.444974455,      -9.317349637
          0,           0,        1291,      -5.506501404,      -4.243597653,      -4.470474713,      -3.449491127,      -9.316353469
          0,           0,        1292,      -5.509840131,      -4.243489927,       -4.47115547,      -3.453453536,      -9.315349512
          0,           0,        1293,       -5.51251535,      -4.243721341,      -4.472190559,      -3.456804364,      -9.314337663
          0,           0,        1294,      -5.514489523,      -4.244293134,      -4.473571646,      -3.459496787,      -9.313316477
          0,           0,        1295,      -5.515739283,      -4.245204786,      -4.475287944,      -3.461496512,      -9.312289348
          0,           0,        1296,       -5.51625656,      -4.246454026,      -4.477326155,      -3.462783361,      -9.311251911
          0,           0,        1297,      -5.516048985,      -4.248036829,      -4.479670402,      -3.463352231,      -9.310205531
          0,           0,        1298,      -5.515139549,      -4.249947395,      -4.482302145,      -3.463213362,       -9.30915291
          0,           0,        1299,      -5.513565531,      -4.252178101,      -4.485200101,      -3.462391869,      -9.308096628
          0,           0,        1300,      -5.511376816,      -4.254719455,      -4.488340168,      -3.460926593,      -9.307039355
          0,           0,        1301,      -5.508633748,      -4.257560024,      -4.491695355,       -3.45886838,       -9.30598488
          0,           0,        1302,      -5.505404708,      -4.260686352,      -4.495235749,      -3.456277937,      -9.304934329
          0,           0,        1303,      -5.501763614,      -4.264082882,      -4.498928513,      -3.453223462,      -9.303889989
          0,           0,        1304,      -5.497787487,      -4.267731855,      -4.502737942,       -3.44977821,      -9.302854694
          0,           0,        1305,      -5.493554252,      -4.271613231,      -4.506625582,      -3.446018155,      -9.301831212
          0,           0,        1306,       -5.48914082,      -4.275704604,      -4.510550441,      -3.442019887,      -9.300819796
          0,           0,        1307,      -5.484621548,      -4.279981137,      -4.514469294,      -3.437858798,      -9.299822347
          0,           0,        1308,      -5.480067043,      -4.284415522,       -4.51833711,      -3.433607619,      -9.298840668
          0,           0,        1309,      -5.475543319,      -4.288977971,      -4.522107595,      -3.429335309,      -9.297876404
          0,           0,        1310,      -5.471111266,      -4.293636256,      -4.525733868,      -3.425106262,      -9.296930771
          0,           0,        1311,      -5.466826366,      -4.298355806,      -4.529169265,      -3.420979823,      -9.296005096
          0,           0,        1312,      -5.462738634,      -4.303099869,      -4.532368252,      -3.417010035,      -9.295101039
          0,           0,        1313,      -5.458892702,      -4.307829763,      -4.535287431,      -3.413245588,      -9.294220513
          0,           0,        1314,      -5.455328025,      -4.312505213,      -4.537886598,      -3.409729915,      -9.293365225
          0,           0,        1315,      -5.452079156,      -4.317084796,      -4.540129819,      -3.406501391,      -9.292536276
          0,           0,        1316,      -5.449176062,      -4.321526486,      -4.541986455,      -3.403593605,      -9.291734669
          0,           0,        1317,      -5.446644463,      -4.325788301,      -4.543432093,      -3.401035657,      -9.290960508
          0,           0,        1318,      -5.444506157,      -4.329829051,      -4.544449319,      -3.398852483,      -9.290213284
          0,           0,        1319,      -5.442779333,      -4.333609159,      -4.545028284,      -3.397065163,      -9.289492756
          0,           0,        1320,      -5.441478859,      -4.337091536,      -4.545167025,      -3.395691216,      -9.288798891
          0,           0,        1321,      -5.440616528,      -4.340242485,      -4.544871515,       -3.39474486,      -9.288131755
          0,           0,        1322,      -5.440201266,      -4.343032572,      -4.544155446,      -3.394237246,      -9.287491059
          0,           0,        1323,      -5.440239302,      -4.345437446,      -4.543039752,      -3.394176639,      -9.286875992
          0,           0,        1324,      -5.440734286,      -4.347438547,      -4.541551907,      -3.394568564,       -9.28628686
          0,           0,        1325,       -5.44168737,      -4.349023659,      -4.539725055,      -3.395415907,      -9.285723743
          0,           0,        1326,      -5.443097235,      -4.350187285,      -4.537597003,      -3.396718961,      -9.285184453
          0,           0,        1327,      -5.444960077,      -4.350930804,      -4.535209171,      -3.398475436,      -9.284667666
          0,           0,        1328,      -5.447269547,      -4.351262413,      -4.532605513,      -3.400680412,      -9.284171832
          0,           0,        1329,      -5.450016646,      -4.351196848,      -4.529831493,      -3.403326252,      -9.283694751
          0,           0,        1330,      -5.453189575,      -4.350754908,       -4.52693313,      -3.406402466,      -9.283235056
          0,           0,        1331,      -5.456773547,      -4.349962804,      -4.523956155,       -3.40989553,      -9.282790682
          0,           0,        1332,      -5.460750556,       -4.34885139,      -4.520945289,      -3.413788662,      -9.282360102
          0,           0,        1333,      -5.465099116,      -4.347455294,      -4.517943648,      -3.418061565,      -9.281940561
          0,           0,        1334,      -5.469793969,      -4.345812017,       -4.51499228,      -3.422690132,      -9.281530658
          0,           0,        1335,       -5.47480578,       -4.34396103,      -4.512129819,       -3.42764613,      -9.281132673
          0,           0,        1336,      -5.480100828,      -4.341942913,      -4.509392245,      -3.432896874,      -9.280741445
          0,           0,        1337,      -5.485640706,      -4.339798555,      -4.506812737,       -3.43840491,      -9.280353297
          0,           0,        1338,      -5.491382065,      -4.337568444,      -4.504421607,       -3.44412772,      -9.279965778
          0,           0,        1339,      -5.497276425,      -4.335292056,      -4.502246286,      -3.450017498,      -9.279577277
          0,           0,        1340,      -5.503270086,      -4.333007352,      -4.500311365,      -3.456021009,      -9.279186748
          0,           0,        1341,       -5.50930419,      -4.330750366,       -4.49863866,      -3.462079589,      -9.278794743
          0,           0,        1342,       -5.51531497,      -4.328554903,      -4.497247306,      -3.468129335,      -9.278400586
          0,           0,        1343,      -5.521234239,      -4.326452313,      -4.496153858,      -3.474101525,      -9.278002098
          0,           0,        1344,      -5.526990168,      -4.324471343,      -4.495372394,      -3.479923327,      -9.277597638
          0,           0,        1345,      -5.532508378,      -4.322638054,      -4.494914618,      -3.485518834,      -9.277186901
          0,           0,        1346,      -5.537713371,      -4.320975778,       -4.49478995,      -3.490810456,      -9.276770191
          0,           0,        1347,      -5.542530297,      -4.319505129,       -4.49500561,      -3.495720672,      -9.276350419
          0,           0,        1348,      -5.546887006,      -4.318244026,      -4.495566677,      -3.500174098,      -9.275919126
          0,           0,        1349,      -5.550716316,       -4.31720774,      -4.496476137,      -3.504099824,      -9.275475694
          0,           0,        1350,      -5.553958379,      -4.316408956,      -4.497734909,      -3.507433879,      -9.275015593
          0,           0,        1351,      -5.556562983,      -4.315857828,      -4.499341848,      -3.510121692,      -9.274535068
          0,           0,        1352,      -5.558491634,      -4.315562041,      -4.501293729,      -3.512120356,      -9.274033587
          0,           0,        1353,      -5.559719232,      -4.315526866,      -4.503585213,      -3.513400512,      -9.273512774
          0,           0,        1354,        -5.5602352,      -4.315755198,      -4.506208786,      -3.513947686,      -9.272976453
          0,           0,        1355,      -5.560043945,      -4.316247595,      -4.509154683,      -3.513762946,      -9.272428736
          0,           0,        1356,      -5.559164627,        -4.3170023,      -4.512410797,      -3.512862816,      -9.271868961
          0,           0,        1357,      -5.557630233,      -4.318015248,       -4.51596257,       -3.51127846,      -9.271300679
          0,           0,        1358,      -5.555486074,       -4.31928007,      -4.519792873,      -3.509054205,      -9.270729677
          0,           0,        1359,      -5.552787809,      -4.320788079,      -4.523881887,      -3.506245553,      -9.270152595
          0,           0,        1360,      -5.549599199,      -4.322528256,      -4.528206976,      -3.502916859,       -9.26957028
          0,           0,        1361,      -5.545989736,      -4.324487232,      -4.532742581,      -3.499138849,      -9.268983293
          0,           0,        1362,      -5.542032332,      -4.326649264,      -4.537460125,      -3.494986174,      -9.268393116
          0,           0,        1363,      -5.537801175,      -4.328996226,      -4.542327955,      -3.490535121,      -9.267802184
          0,           0,        1364,      -5.533369866,       -4.33150761,      -4.547311333,      -3.485861616,      -9.267212892
          0,           0,        1365,      -5.528809869,      -4.334160541,      -4.552372481,      -3.481039545,      -9.266628521
          0,           0,        1366,      -5.524189305,      -4.336929825,      -4.557470716,      -3.476139451,      -9.266051628
          0,           0,        1367,      -5.519572075,      -4.339788033,      -4.562562675,      -3.471227574,      -9.265483645
          0,           0,        1368,      -5.515017282,      -4.342705633,      -4.567602663,      -3.466365214,      -9.264925356
          0,           0,        1369,      -5.510578903,      -4.345651168,      -4.572543122,       -3.46160837,      -9.264376641
          0,           0,        1370,      -5.506305675,      -4.348591507,      -4.577335247,      -3.457007608,      -9.263837153
          0,           0,        1371,      -5.502241144,      -4.351492163,      -4.581929741,        -3.4526081,      -9.263306447
          0,           0,        1372,      -5.498423826,      -4.354317689,      -4.586277711,      -3.448449795,      -9.262785018
          0,           0,        1373,      -5.494887453,      -4.357032148,       -4.59033168,      -3.444567678,      -9.262273093
          0,           0,        1374,      -5.491661268,      -4.359599662,      -4.594046702,      -3.440992083,      -9.261770868
          0,           0,        1375,      -5.488770346,      -4.361985033,      -4.597381516,      -3.437749035,      -9.261277891
          0,           0,        1376,      -5.486235911,      -4.364154412,      -4.600299701,      -3.434860594,      -9.260794473
          0,           0,        1377,      -5.484075658,      -4.366076011,      -4.602770769,      -3.432345192,      -9.260319649
          0,           0,        1378,      -5.482304039,      -4.367720828,      -4.604771128,      -3.430217955,      -9.259851029
          0,           0,        1379,      -5.480932532,      -4.369063353,      -4.606284849,      -3.428490986,      -9.259388104
          0,           0,        1380,      -5.479969874,      -4.370082225,      -4.607304194,      -3.427173626,      -9.258931779
          0,           0,        1381,      -5.479422265,      -4.370760815,      -4.607829858,      -3.426272674,      -9.258483908
          0,           0,        1382,      -5.479293524,      -4.371087686,      -4.607870913,      -3.425792575,      -9.258045647
          0,           0,        1383,      -5.479585225,      -4.371056927,      -4.607444451,      -3.425735565,      -9.257616008
          0,           0,        1384,      -5.480296786,       -4.37066832,      -4.606574961,      -3.426101788,      -9.257195036
          0,           0,        1385,      -5.481425526,      -4.369927342,      -4.605293478,      -3.426889371,      -9.256782056
          0,           0,        1386,      -5.482966691,      -4.368845004,      -4.603636563,      -3.428094471,      -9.256375782
          0,           0,        1387,      -5.484913446,      -4.367437527,      -4.601645177,      -3.429711288,      -9.255974761
          0,           0,        1388,      -5.487256831,      -4.365725882,      -4.599363511,      -3.431732041,      -9.255576099
          0,           0,        1389,      -5.489985702,      -4.363735217,      -4.596837843,      -3.434146927,      -9.255178447
          0,           0,        1390,      -5.493086632,      -4.361494204,      -4.594115451,      -3.436944045,      -9.254779345
          0,           0,        1391,      -5.496543794,      -4.359034339,      -4.591243639,      -3.440109295,      -9.254375421
          0,           0,        1392,      -5.500338829,       -4.35638922,      -4.588268888,      -3.443626262,      -9.253965938
          0,           0,        1393,      -5.504450695,      -4.353593848,      -4.585236148,      -3.447476082,      -9.253550995
          0,           0,        1394,      -5.508855509,      -4.350683956,      -4.582188272,      -3.451637289,      -9.253133561
          0,           0,        1395,      -5.513526397,      -4.347695398,      -4.579165593,       -3.45608567,      -9.252707795
          0,           0,        1396,      -5.518433343,      -4.344663614,      -4.576205618,      -3.460794112,      -9.252273258
          0,           0,        1397,      -5.523543078,      -4.341623159,      -4.573342835,      -3.465732468,      -9.251833227
          0,           0,        1398,      -5.528818995,      -4.338607325,       -4.57060861,      -3.470867454,      -9.251383023
          0,           0,        1399,      -5.534221128,      -4.335647829,      -4.568031156,      -3.476162573,      -9.250921645
          0,           0,        1400,      -5.539706214,      -4.332774584,      -4.565635567,      -3.481578119,      -9.250448254
          0,           0,        1401,      -5.545227842,      -4.330015529,      -4.563443882,      -3.487071238,      -9.249961467
          0,           0,        1402,      -5.550736737,      -4.327396517,      -4.561475185,      -3.492596106,      -9.249460819
          0,           0,        1403,      -5.556181178,      -4.324941254,      -4.559745724,      -3.498104214,      -9.248944927
          0,           0,        1404,      -5.561507584,      -4.322671276,      -4.558269028,      -3.503544797,      -9.248414277
          0,           0,        1405,      -5.566661265,       -4.32060595,      -4.557056037,      -3.508865422,       -9.24787061
          0,           0,        1406,      -5.571587352,      -4.318762514,      -4.556115218,      -3.514012732,      -9.247309714
          0,           0,        1407,      -5.576231891,      -4.317156113,      -4.555452673,      -3.518933363,       -9.24673175
          0,           0,        1408,      -5.580543074,      -4.315799858,      -4.555072243,       -3.52357501,      -9.246137829
          0,           0,        1409,      -5.584472565,      -4.314704887,      -4.554975586,      -3.527887616,      -9.245528274
          0,           0,        1410,      -5.587976871,      -4.313880422,      -4.555162247,      -3.531824655,      -9.244909304
          0,           0,        1411,       -5.59101867,      -4.313333826,      -4.555629714,      -3.535344438,      -9.244276911
          0,           0,        1412,      -5.593568035,      -4.313070654,      -4.556373459,      -3.538411378,      -9.243631983
          0,           0,        1413,      -5.595603464,      -4.313094698,      -4.557386959,      -3.540997147,      -9.242974275
          0,           0,        1414,       -5.59711264,      -4.313408017,      -4.558661717,      -3.543081636,      -9.242304568
          0,           0,        1415,      -5.598092867,      -4.314010959,      -4.560187264,      -3.544653659,      -9.241624112
          0,           0,        1416,      -5.598551153,       -4.31490218,      -4.561951163,      -3.545711347,      -9.240935544
          0,           0,        1417,      -5.598503922,      -4.316078637,      -4.563939002,      -3.546262201,      -9.240242181
          0,           0,        1418,      -5.597976391,      -4.317535587,      -4.566134395,      -3.546322796,      -9.239543098
          0,           0,        1419,      -5.597001646,      -4.319266561,      -4.568518989,      -3.545918172,      -9.238840253
          0,           0,        1420,      -5.595619499,      -4.321263344,      -4.571072478,      -3.545080933,      -9.238136524
          0,           0,        1421,      -5.593875186,      -4.323515936,       -4.57377264,      -3.543850154,      -9.237432946
          0,           0,        1422,      -5.591818012,      -4.326012518,      -4.576595396,      -3.542270126,      -9.236731825
          0,           0,        1423,      -5.589499993,      -4.328739412,      -4.579514899,      -3.540389063,      -9.236034861
          0,           0,        1424,      -5.586974578,      -4.331681043,      -4.582503666,      -3.538257798,      -9.235343489
          0,           0,        1425,      -5.584295488,      -4.334819908,      -4.585532752,      -3.535928559,      -9.234659762
          0,           0,        1426,      -5.581515719,      -4.338136558,      -4.588571973,      -3.533453859,      -9.233985438
          0,           0,        1427,      -5.578686701,      -4.341609594,      -4.591590185,      -3.530885532,        -9.2333225
          0,           0,        1428,      -5.575857646,      -4.345215686,      -4.594555631,      -3.528273927,      -9.232672363
          0,           0,        1429,      -5.573075057,      -4.348929625,      -4.597436333,      -3.525667273,      -9.232035946
          0,           0,        1430,      -5.570382381,      -4.352724408,       -4.60020055,      -3.523111198,      -9.231414543
          0,           0,        1431,      -5.567819811,      -4.356571368,      -4.602817284,      -3.520648397,      -9.230809233
          0,           0,        1432,      -5.565424177,       -4.36044036,      -4.605256825,      -3.518318417,      -9.230220242
          0,           0,        1433,      -5.563228938,      -4.364299996,      -4.607491321,      -3.516157555,      -9.229648083
          0,           0,        1434,      -5.561264235,      -4.368117953,      -4.609495352,      -3.514198838,      -9.229093416
          0,           0,        1435,      -5.559556992,      -4.371861331,      -4.611246496,       -3.51247206,       -9.22855624
          0,           0,        1436,      -5.558131047,      -4.375497093,      -4.612725847,      -3.511003874,      -9.228036406
          0,           0,        1437,      -5.557007301,      -4.378992548,       -4.61391848,      -3.509817911,      -9.227534096
          0,           0,        1438,      -5.556203872,      -4.382315898,       -4.61481382,      -3.508934907,      -9.227049292
          0,           0,        1439,      -5.555736246,      -4.385436822,      -4.615405917,      -3.508372853,      -9.226581769
          0,           0,        1440,      -5.555617413,      -4.388327077,      -4.615693594,       -3.50814712,      -9.226130738
          0,           0,        1441,      -5.555857994,       -4.39096111,      -4.615680474,       -3.50827059,      -9.225695558
          0,           0,        1442,      -5.556466339,      -4.393316634,      -4.615374869,      -3.508753764,      -9.225275553
          0,           0,        1443,      -5.557448607,      -4.395375169,      -4.614789557,      -3.509604843,      -9.224869994
          0,           0,        1444,      -5.558808817,      -4.397122496,      -4.613941439,      -3.510829798,      -9.224477603
          0,           0,        1445,      -5.560548868,      -4.398549022,      -4.612851112,      -3.512432401,      -9.224097038
          0,           0,        1446,      -5.562668537,      -4.399650019,      -4.611542359,      -3.514414229,      -9.223726938
          0,           0,        1447,      -5.565165434,      -4.400425735,      -4.610041606,      -3.516774644,      -9.223366024
          0,           0,        1448,      -5.568034941,      -4.400881364,      -4.608377341,      -3.519510733,        -9.2230129
          0,           0,        1449,      -5.571270106,      -4.401026883,      -4.606579548,      -3.522617221,      -9.222665993
          0,           0,        1450,      -5.574861513,      -4.400876758,      -4.604679142,      -3.526086346,      -9.222323127
          0,           0,        1451,      -5.578797122,      -4.400449534,      -4.602707457,      -3.529907706,      -9.221982769
          0,           0,        1452,      -5.583062078,      -4.399767343,      -4.600695766,      -3.534068076,      -9.221643143
          0,           0,        1453,      -5.587638497,      -4.398855336,      -4.598674866,       -3.53855119,      -9.221303111
          0,           0,        1454,      -5.592505236,      -4.397741085,      -4.596674718,      -3.543337507,      -9.220961055
          0,           0,        1455,      -5.597637643,      -4.396453958,      -4.594724149,      -3.548403952,       -9.22061401
          0,           0,        1456,      -5.603007313,      -4.395024517,      -4.592850611,      -3.553723654,      -9.220260033
          0,           0,        1457,      -5.608581851,      -4.393483932,      -4.591079991,      -3.559265677,      -9.219897295
          0,           0,        1458,       -5.61432466,      -4.391863446,      -4.589436481,      -3.564994784,      -9.219524214
          0,           0,        1459,      -5.620194786,      -4.390193892,      -4.587942474,      -3.570871226,      -9.219139086
          0,           0,        1460,      -5.626146835,      -4.388505274,       -4.58661851,      -3.576850605,      -9.218740898
          0,           0,        1461,      -5.632130993,      -4.386826406,       -4.58548324,      -3.582883831,      -9.218328513
          0,           0,        1462,      -5.638093189,      -4.385184628,      -4.584553422,      -3.588917203,      -9.217900468
          0,           0,        1463,      -5.643975435,      -4.383605561,      -4.583843923,      -3.594892667,      -9.217458334
          0,           0,        1464,       -5.64971637,       -4.38211294,      -4.583367743,      -3.600748274,      -9.217002102
          0,           0,        1465,      -5.655252041,      -4.380728475,      -4.583136039,       -3.60641888,      -9.216527356
          0,           0,        1466,      -5.660516953,      -4.379471768,      -4.583158149,      -3.611837121,       -9.21603405
          0,           0,        1467,      -5.665445365,      -4.378360255,      -4.583441621,      -3.616934666,      -9.215522328
          0,           0,        1468,      -5.669972841,      -4.377409179,      -4.583992236,      -3.621643745,      -9.214992072
          0,           0,        1469,      -5.674037999,      -4.376631583,      -4.584814025,      -3.625898927,       -9.21444416
          0,           0,        1470,      -5.677584384,      -4.376038321,       -4.58590927,      -3.629639068,      -9.213878242
          0,           0,        1471,       -5.68056238,      -4.375638071,      -4.587278515,      -3.632809346,      -9.213294163
          0,           0,        1472,      -5.682931027,      -4.375437365,      -4.588920546,      -3.635363267,      -9.212692474
          0,           0,        1473,      -5.684659626,       -4.37544061,      -4.590832371,      -3.637264478,      -9.212073444
          0,           0,        1474,      -5.685728996,      -4.375650123,      -4.593009195,      -3.638488284,      -9.211437786
          0,           0,        1475,      -5.686132287,      -4.376066151,      -4.595444374,      -3.639022703,      -9.210787037
          0,           0,        1476,      -5.685875269,        -4.3766869,      -4.598129369,      -3.638868994,      -9.210121466
          0,           0,        1477,      -5.684976076,      -4.377508552,      -4.601053691,      -3.638041596,      -9.209442247
          0,           0,        1478,      -5.683464431,      -4.378525292,      -4.604204839,      -3.636567491,      -9.208750977
          0,           0,        1479,      -5.681380412,       -4.37972932,      -4.607568248,      -3.634485037,      -9.208049081
          0,           0,        1480,      -5.678772871,       -4.38111088,      -4.611127226,      -3.631842392,      -9.207337732
          0,           0,        1481,      -5.675697624,       -4.38265828,      -4.614862907,      -3.628695647,      -9.206618542
          0,           0,        1482,      -5.672215551,      -4.384357923,      -4.618754221,      -3.625106805,      -9.205892556
          0,           0,        1483,       -5.66839071,      -4.386194353,      -4.622777879,      -3.621141763,      -9.205161994
          0,           0,        1484,      -5.664288587,      -4.388150312,      -4.626908387,      -3.616868392,      -9.204427409
          0,           0,        1485,      -5.659974533,       -4.39020681,      -4.631118103,      -3.612354814,      -9.203688682
          0,           0,        1486,      -5.655512453,      -4.392343232,      -4.635377333,      -3.607667935,      -9.202946804
          0,           0,        1487,      -5.650963744,      -4.394537459,      -4.639654488,       -3.60287225,      -9.202202803
          0,           0,        1488,      -5.646386505,      -4.396766034,      -4.643916304,       -3.59802894,      -9.201457816
          0,           0,        1489,      -5.641834977,      -4.399004357,      -4.648128131,      -3.593195228,      -9.200712439
          0,           0,        1490,      -5.637359202,       -4.40122692,      -4.652254303,      -3.588423969,      -9.199967036
          0,           0,        1491,      -5.633004852,      -4.403407592,      -4.656258589,      -3.583763449,       -9.19922229
          0,           0,        1492,      -5.628813209,      -4.405519935,      -4.660104719,      -3.579257332,       -9.19847896
          0,           0,        1493,      -5.624821247,      -4.407537569,      -4.663756988,      -3.574944741,      -9.197737433
          0,           0,        1494,      -5.621061796,      -4.409434566,      -4.667180913,       -3.57086042,       -9.19699779
          0,           0,        1495,      -5.617563754,      -4.411185876,      -4.670343946,      -3.567034969,      -9.196260655
          0,           0,        1496,      -5.614352337,      -4.412767771,      -4.673216194,      -3.563495098,      -9.195525959
          0,           0,        1497,      -5.611449337,      -4.414158296,      -4.675771138,      -3.560263913,      -9.194792852
          0,           0,        1498,      -5.608873377,      -4.415337713,      -4.677986307,      -3.557361195,      -9.194061609
          0,           0,        1499,      -5.606640166,      -4.416288915,      -4.679843879,      -3.554803674,      -9.193331984
          0,           0,        1500,      -5.604762726,      -4.416997811,      -4.681331178,      -3.552605282,      -9.192603632
          0,           0,        1501,      -5.603251604,      -4.417453638,      -4.682441029,      -3.550777387,      -9.191876879
          0,           0,        1502,      -5.602115057,      -4.417649223,      -4.683171964,      -3.549328999,      -9.191151314
          0,           0,        1503,      -5.601359208,      -4.417581138,      -4.683528258,      -3.548266946,      -9.190426639
          0,           0,        1504,      -5.600988174,      -4.417249786,       -4.68351979,      -3.547596021,      -9.189702147
          0,           0,        1505,      -5.601004169,      -4.416659381,      -4.683161749,      -3.547319103,      -9.188977145
          0,           0,        1506,      -5.601407573,      -4.415817834,      -4.682474189,      -3.547437242,      -9.188252097
          0,           0,        1507,      -5.602196976,      -4.414736554,      -4.681481464,      -3.547949721,      -9.187524223
          0,           0,        1508,      -5.603369197,      -4.413430175,       -4.68021158,      -3.548854085,      -9.186792205
          0,           0,        1509,      -5.604919269,       -4.41191621,      -4.678695487,      -3.550146145,      -9.186054533
          0,           0,        1510,      -5.606840409,      -4.410214659,      -4.676966348,      -3.551819958,      -9.185310202
          0,           0,        1511,      -5.609123957,      -4.408347585,      -4.675058817,      -3.553867772,      -9.184558079
          0,           0,        1512,      -5.611759293,      -4.406338673,       -4.67300835,      -3.556279965,      -9.183796819
          0,           0,        1513,      -5.614733736,      -4.404212787,      -4.670850573,      -3.559044942,      -9.183025005
          0,           0,        1514,      -5.618032431,      -4.401995538,      -4.668620711,      -3.562149032,       -9.18224256
          0,           0,        1515,      -5.621638207,      -4.399712881,      -4.666353101,      -3.565576352,      -9.181447564
          0,           0,        1516,      -5.625531445,      -4.397390738,       -4.66408078,       -3.56930867,      -9.180638776
          0,           0,        1517,      -5.629689929,       -4.39505467,      -4.661835156,       -3.57332526,      -9.179815401
          0,           0,        1518,       -5.63408871,      -4.392729577,      -4.659645752,      -3.577602748,      -9.178976447
          0,           0,        1519,      -5.638699981,      -4.390439459,      -4.657540009,      -3.582114977,      -9.178120643
          0,           0,        1520,      -5.643492977,      -4.388207201,      -4.655543168,      -3.586832883,      -9.177248703
          0,           0,        1521,      -5.648433918,      -4.386054417,      -4.653678176,      -3.591724402,      -9.176358498
          0,           0,        1522,      -5.653486001,      -4.384001313,      -4.651965656,      -3.596754427,      -9.175449566
          0,           0,        1523,      -5.658609474,      -4.382066602,      -4.650423894,      -3.601884816,      -9.174522179
          0,           0,        1524,       -5.66376179,      -4.380267431,      -4.649068856,      -3.607074495,      -9.173576794
          0,           0,        1525,       -5.66889788,       -4.37861934,      -4.647914221,      -3.612279644,      -9.172613659
          0,           0,        1526,      -5.673970546,      -4.377136242,      -4.646971422,      -3.617454011,      -9.171632561
          0,           0,        1527,      -5.678931005,      -4.375830413,      -4.646249701,      -3.622549355,      -9.170632005
          0,           0,        1528,      -5.683729567,      -4.374712498,      -4.645756149,      -3.627516042,      -9.169611984
          0,           0,        1529,      -5.688316483,      -4.373791524,      -4.645495765,      -3.632303788,      -9.168573416
          0,           0,        1530,      -5.692642915,      -4.373074912,       -4.64547149,      -3.636862556,         -9.167517
          0,           0,        1531,      -5.696662038,      -4.372568503,      -4.645684253,      -3.641143595,       -9.16644257
          0,           0,        1532,      -5.700330214,      -4.372276576,      -4.646132997,      -3.645100577,       -9.16535111
          0,           0,        1533,      -5.703608202,      -4.372201864,      -4.646814703,      -3.648690812,      -9.164243559
          0,           0,        1534,       -5.70646234,      -4.372345577,      -4.647724414,      -3.651876472,      -9.163119988
          0,           0,        1535,       -5.70886563,      -4.372707411,      -4.648855241,      -3.654625762,      -9.161983398
          0,           0,        1536,      -5.710798661,      -4.373285562,      -4.650198374,      -3.656913975,      -9.160833882
          0,           0,        1537,      -5.712250305,      -4.374076732,      -4.651743092,      -3.658724353,      -9.159672347
          0,           0,        1538,      -5.713218134,      -4.375076136,      -4.653476768,      -3.660048699,      -9.158499771
          0,           0,        1539,      -5.713708535,      -4.376277502,      -4.655384885,      -3.660887698,      -9.157317168
          0,           0,        1540,      -5.713736504,      -4.377673077,      -4.657451063,      -3.661250914,      -9.156125858
          0,           0,        1541,      -5.713325143,      -4.379253628,      -4.659657086,      -3.661156475,      -9.154926954
          0,           0,        1542,       -5.71250489,      -4.381008449,      -4.661982967,      -3.660630458,      -9.153721624
          0,           0,        1543,      -5.711312546,      -4.382925367,       -4.66440702,      -3.659706023,      -9.152510874
          0,           0,        1544,      -5.709790146,      -4.384990767,      -4.666905973,      -3.658422365,      -9.151295738
          0,           0,        1545,      -5.707983766,      -4.387189615,      -4.669455107,      -3.656823534,      -9.150077192
          0,           0,        1546,       -5.70594231,        -4.3895055,      -4.672028441,      -3.654957211,      -9.148856218
          0,           0,        1547,      -5.703716351,      -4.391920695,       -4.67459896,       -3.65287349,      -9.147633657
          0,           0,        1548,      -5.701357058,      -4.394416232,      -4.677138884,      -3.650623729,      -9.146410648
          0,           0,        1549,      -5.698915257,      -4.396972003,      -4.679619994,      -3.648259514,      -9.145186494
          0,           0,        1550,      -5.696440623,      -4.399566892,         -4.682014,      -3.645831751,      -9.143961944
          0,           0,        1551,      -5.693981035,      -4.402178929,      -4.684292957,      -3.643389916,      -9.142738394
          0,           0,        1552,       -5.69158207,      -4.404785478,      -4.686429708,      -3.640981446,      -9.141515682
          0,           0,        1553,      -5.689286637,      -4.407363461,      -4.688398369,      -3.638651293,      -9.140294149
          0,           0,        1554,      -5.687134726,      -4.409889604,      -4.690174819,      -3.636441593,      -9.139073659
          0,           0,        1555,       -5.68516327,      -4.412340728,       -4.69173719,      -3.634391464,      -9.137854327
          0,           0,        1556,      -5.683406081,      -4.414694049,      -4.693066339,      -3.632536895,      -9.136636523
          0,           0,        1557,      -5.681893853,      -4.416927517,      -4.694146285,       -3.63091071,      -9.135420037
          0,           0,        1558,      -5.680654217,      -4.419020158,      -4.694964582,        -3.6295426,      -9.134204749
          0,           0,        1559,      -5.679711822,      -4.420952422,      -4.695512628,      -3.628459181,      -9.132990464
          0,           0,        1560,      -5.679088439,      -4.422706538,      -4.695785874,      -3.627684095,      -9.131776712
          0,           0,        1561,      -5.678803066,      -4.424266834,      -4.695783944,      -3.627238114,      -9.130562686
          0,           0,        1562,      -5.678872034,      -4.425620047,      -4.695510638,      -3.627139246,      -9.129348018
          0,           0,        1563,      -5.679309103,      -4.426755583,      -4.694973839,      -3.627402841,      -9.128132841
          0,           0,        1564,      -5.680125539,      -4.427665728,      -4.694185317,      -3.628041677,      -9.126916542
          0,           0,        1565,      -5.681330164,      -4.428345798,      -4.693160436,       -3.62906603,      -9.125698406
          0,           0,        1566,      -5.682929386,       -4.42879423,      -4.691917795,       -3.63048371,      -9.124477743
          0,           0,        1567,      -5.684927193,       -4.42901259,      -4.690478797,      -3.632300079,       -9.12325378
          0,           0,        1568,      -5.687325116,      -4.429005521,      -4.688867194,      -3.634518028,       -9.12202604
          0,           0,        1569,      -5.690122151,      -4.428780613,      -4.687108592,      -3.637137919,      -9.120794013
          0,           0,        1570,      -5.693314647,      -4.428348215,      -4.685229969,      -3.640157488,      -9.119554919
          0,           0,        1571,      -5.696896151,      -4.427721189,      -4.683259197,      -3.643571712,      -9.118309408
          0,           0,        1572,       -5.70085721,       -4.42691462,      -4.681224592,      -3.647372626,      -9.117056763
          0,           0,        1573,      -5.705185138,       -4.42594549,      -4.679154501,      -3.651549106,       -9.11579636
          0,           0,        1574,      -5.709863741,      -4.424832332,      -4.677076935,      -3.656086605,      -9.114527763
          0,           0,        1575,      -5.714872999,      -4.423594871,      -4.675019242,      -3.660966852,      -9.113250206
          0,           0,        1576,      -5.720188732,      -4.422253669,      -4.673007842,      -3.666167519,      -9.111963229
          0,           0,        1577,      -5.725782234,      -4.420829775,      -4.671067996,      -3.671661857,      -9.110666615
          0,           0,        1578,      -5.731619911,      -4.419344403,       -4.66922363,      -3.677418324,      -9.109359871
          0,           0,        1579,      -5.737662927,       -4.41781862,        -4.6674972,      -3.683400212,      -9.108042799
          0,           0,        1580,      -5.743866894,      -4.416273079,      -4.665909588,      -3.689565309,      -9.106715177
          0,           0,        1581,      -5.750181634,      -4.414727772,      -4.664480034,      -3.695865607,      -9.105376453
          0,           0,        1582,      -5.756551064,      -4.413201817,      -4.663226094,      -3.702247124,      -9.104026325
          0,           0,        1583,      -5.762913243,      -4.411713285,      -4.662163617,      -3.708649859,      -9.102665375
          0,           0,        1584,      -5.769200643,      -4.410279047,      -4.661306742,      -3.715007957,       -9.10129341
          0,           0,        1585,      -5.775340695,      -4.408914658,      -4.660667896,      -3.721250122,      -9.099910627
          0,           0,        1586,      -5.781256679,      -4.407634263,      -4.660257815,      -3.727300362,      -9.098517308
          0,           0,        1587,      -5.786868977,      -4.406450526,      -4.660085552,      -3.733079093,      -9.097113406
          0,           0,        1588,      -5.792096741,      -4.405374584,      -4.660158501,      -3.738504648,      -9.095699503
          0,           0,        1589,      -5.796859938,      -4.404416006,      -4.660482406,      -3.743495198,      -9.094275706
          0,           0,        1590,      -5.801081736,      -4.403582783,      -4.661061374,       -3.74797105,      -9.092842857
          0,           0,        1591,      -5.804691137,      -4.402881315,      -4.661897883,      -3.751857244,      -9.091401846
          0,           0,        1592,       -5.80762569,      -4.402316414,      -4.662992776,      -3.755086311,      -9.089952946
          0,           0,        1593,      -5.809834112,      -4.401891314,      -4.664345258,      -3.757601028,      -9.088496197
          0,           0,        1594,        -5.8112786,      -4.401607689,      -4.665952874,      -3.759356944,      -9.087032143
          0,           0,        1595,      -5.811936631,      -4.401465671,      -4.667811493,      -3.760324473,      -9.085561817
          0,           0,        1596,      -5.811802073,      -4.401463878,       -4.66991527,      -3.760490342,      -9.084085882
          0,           0,        1597,      -5.810885499,      -4.401599442,      -4.672256618,      -3.759858267,      -9.082605338
          0,           0,        1598,      -5.809213665,      -4.401868048,      -4.674826161,      -3.758448768,      -9.081121094
          0,           0,        1599,      -5.806828221,       -4.40226397,      -4.677612696,      -3.756298159,      -9.079633416
          0,           0,        1600,      -5.803783762,       -4.40278012,      -4.680603152,      -3.753456806,      -9.078141783
          0,           0,        1601,      -5.800145426,        -4.4034081,      -4.683782549,      -3.749986825,      -9.076647067
          0,           0,        1602,      -5.795986233,      -4.404138263,      -4.687133973,      -3.745959444,      -9.075151238
          0,           0,        1603,      -5.791384379,      -4.404959784,      -4.690638558,       -3.74145222,      -9.073655005
          0,           0,        1604,      -5.786420668,      -4.405860745,      -4.694275489,      -3.736546342,      -9.072158894
          0,           0,        1605,      -5.781176203,      -4.406828224,      -4.698022029,      -3.731324152,      -9.070663287
          0,           0,        1606,      -5.775730447,      -4.407848412,      -4.701853579,      -3.725867011,      -9.069168773
          0,           0,        1607,      -5.770159664,      -4.408906728,      -4.705743774,      -3.720253557,      -9.067675914
          0,           0,        1608,      -5.764535776,      -4.409987967,      -4.709664629,       -3.71455838,      -9.066185263
          0,           0,        1609,      -5.758925569,      -4.411076453,      -4.713586731,      -3.708851087,      -9.064697117
          0,           0,        1610,      -5.753390236,      -4.412156209,      -4.717479493,      -3.703195717,      -9.063211901
          0,           0,        1611,      -5.747985177,      -4.413211152,       -4.72131147,      -3.697650449,      -9.061730021
          0,           0,        1612,      -5.742760013,      -4.414225289,      -4.725050736,      -3.692267547,      -9.060251722
          0,           0,        1613,       -5.73775875,      -4.415182932,      -4.728665328,      -3.687093482,      -9.058777173
          0,           0,        1614,      -5.733020054,      -4.416068921,      -4.732123739,      -3.682169183,      -9.057305777
          0,           0,        1615,      -5.728577591,      -4.416868847,      -4.735395471,       -3.67753036,      -9.055838172
          0,           0,        1616,      -5.724460403,      -4.417569278,      -4.738451611,      -3.673207889,       -9.05437445
          0,           0,        1617,      -5.720693295,      -4.418157976,      -4.741265435,      -3.669228202,      -9.052914564
          0,           0,        1618,      -5.717297216,      -4.418624105,      -4.743812999,      -3.665613681,       -9.05145825
          0,           0,        1619,      -5.714289613,      -4.418958416,      -4.746073704,      -3.662383034,      -9.050005411
          0,           0,        1620,      -5.711684765,      -4.419153413,      -4.748030811,      -3.659551645,      -9.048555114
          0,           0,        1621,      -5.709494075,      -4.419203486,      -4.749671869,      -3.657131886,       -9.04710787
          0,           0,        1622,      -5.707726329,      -4.419105013,      -4.750989046,      -3.655133393,      -9.045663285
          0,           0,        1623,      -5.706387912,      -4.418856425,      -4.751979341,      -3.653563308,      -9.044221006
          0,           0,        1624,      -5.705482989,      -4.418458226,      -4.752644659,      -3.652426468,      -9.042780668
          0,           0,        1625,      -5.705013645,       -4.41791298,      -4.752991754,       -3.65172557,      -9.041341821
          0,           0,        1626,      -5.704979986,      -4.417225255,      -4.753032039,      -3.651461285,      -9.039904116
          0,           0,        1627,      -5.705380207,      -4.416401528,       -4.75278127,      -3.651632343,      -9.038467097
          0,           0,        1628,      -5.706210624,      -4.415450059,      -4.752259124,      -3.652235576,      -9.037030262
          0,           0,        1629,       -5.70746567,      -4.414380735,      -4.751488695,       -3.65326593,      -9.035593282
          0,           0,        1630,      -5.709137865,      -4.413204884,      -4.750495931,      -3.654716448,      -9.034155669
          0,           0,        1631,      -5.711217752,      -4.411935084,       -4.74930903,      -3.656578215,      -9.032716981
          0,           0,        1632,      -5.713693802,      -4.410584942,      -4.747957833,      -3.658840278,      -9.031277121
          0,           0,        1633,      -5.716552305,      -4.409168882,      -4.746473228,      -3.661489546,      -9.029835274
          0,           0,        1634,      -5.719777225,      -4.407701923,      -4.744886582,      -3.664510651,      -9.028391074
          0,           0,        1635,      -5.723350045,      -4.406199464,      -4.743229224,      -3.667885807,      -9.026944255
          0,           0,        1636,      -5.727249598,      -4.404677078,      -4.741531974,      -3.671594643,      -9.025494436
          0,           0,        1637,      -5.731451888,      -4.403150318,      -4.739824742,      -3.675614033,      -9.024041259
          0,           0,        1638,       -5.73592992,      -4.401634534,      -4.738136188,      -3.679917919,      -9.022584777
          0,           0,        1639,      -5.740653532,      -4.400144713,      -4.736493435,      -3.684477154,       -9.02112432
          0,           0,        1640,      -5.745589268,      -4.398695328,      -4.734921853,      -3.689259354,      -9.019659824
          0,           0,        1641,      -5.750700276,      -4.397300211,      -4.733444884,      -3.694228802,      -9.018191203
          0,           0,        1642,      -5.755946287,      -4.395972443,      -4.732083919,      -3.699346389,      -9.016718472
          0,           0,        1643,      -5.761283658,      -4.394724254,      -4.730858213,      -3.704569647,      -9.015241694
          0,           0,        1644,      -5.766665533,       -4.39356695,      -4.729784826,      -3.709852869,      -9.013760846
          0,           0,        1645,      -5.772042127,       -4.39251084,      -4.728878601,      -3.715147354,      -9.012275903
          0,           0,        1646,      -5.777361167,       -4.39156519,      -4.728152148,      -3.720401792,      -9.010786555
          0,           0,        1647,      -5.782568497,      -4.390738177,      -4.727615854,      -3.725562816,      -9.009292992
          0,           0,        1648,      -5.787608868,      -4.390036861,      -4.727277887,      -3.730575729,      -9.007795838
          0,           0,        1649,      -5.792426915,      -4.389467156,       -4.72714422,      -3.735385407,      -9.006295553
          0,           0,        1650,        -5.7969683,      -4.389033818,      -4.727218649,      -3.739937388,      -9.004792143
          0,           0,        1651,      -5.801181002,      -4.388740434,      -4.727502809,      -3.744179104,      -9.003286057
          0,           0,        1652,      -5.805016711,      -4.388589412,      -4.727996197,      -3.748061227,       -9.00177773
          0,           0,        1653,      -5.808432247,      -4.388581984,      -4.728696182,      -3.751539077,      -9.000267257
          0,           0,        1654,       -5.81139095,      -4.388718201,      -4.729598024,      -3.754574006,      -8.998755137
          0,           0,        1655,      -5.813863935,      -4.388996946,      -4.730694885,      -3.757134693,      -8.997241751
          0,           0,        1656,      -5.815831145,      -4.389415932,      -4.731977843,      -3.759198248,      -8.995727566
          0,           0,        1657,      -5.817282105,       -4.38997172,      -4.733435906,      -3.760751063,      -8.994212808
          0,           0,        1658,      -5.818216342,      -4.390659733,       -4.73505604,      -3.761789335,      -8.992697947
          0,           0,        1659,      -5.818643414,      -4.391474266,        -4.7368232,       -3.76231922,      -8.991183339
          0,           0,        1660,      -5.818582568,      -4.392408521,      -4.738720374,      -3.762356612,      -8.989669618
          0,           0,        1661,      -5.818062031,      -4.393454624,      -4.740728655,      -3.761926555,      -8.988157133
          0,           0,        1662,      -5.817118013,      -4.394603667,      -4.742827326,      -3.761062351,      -8.986646468
          0,           0,        1663,      -5.815793475,      -4.395845748,      -4.744993982,      -3.759804403,      -8.985138137
          0,           0,        1664,      -5.814136761,      -4.397170023,      -4.747204684,      -3.758198905,      -8.983632566
          0,           0,        1665,      -5.812200167,      -4.398564768,      -4.749434155,      -3.756296439,      -8.982130523
          0,           0,        1666,      -5.810038541,      -4.400017451,      -4.751656013,      -3.754150571,      -8.980632444
          0,           0,        1667,      -5.807707968,      -4.401514816,       -4.75384306,      -3.751816523,      -8.979136729
          0,           0,        1668,      -5.805264586,      -4.403042985,      -4.755967612,      -3.749349946,      -8.977644495
          0,           0,        1669,      -5.802763578,      -4.404587567,      -4.758001875,      -3.746805873,      -8.976156369
          0,           0,        1670,      -5.800258343,      -4.406133788,      -4.759918369,      -3.744237824,      -8.974672646
          0,           0,        1671,      -5.797799846,      -4.407666626,      -4.761690385,      -3.741697115,      -8.973193643
          0,           0,        1672,      -5.795436144,       -4.40917097,      -4.763292462,      -3.739232318,      -8.971719343
          0,           0,        1673,      -5.793212066,      -4.410631786,      -4.764700889,      -3.736888902,      -8.970250149
          0,           0,        1674,      -5.791169018,      -4.412034286,       -4.76589419,       -3.73470899,      -8.968785928
          0,           0,        1675,      -5.789344906,      -4.413364122,      -4.766853601,      -3.732731249,      -8.967326909
          0,           0,        1676,      -5.787774133,      -4.414607563,      -4.767563496,       -3.73099086,      -8.965873201
          0,           0,        1677,      -5.786487668,      -4.415751691,      -4.768011765,      -3.729519562,      -8.964424786
          0,           0,        1678,      -5.785513152,      -4.416784583,      -4.768190106,      -3.728345743,      -8.962981636
          0,           0,        1679,      -5.784875023,      -4.417695485,      -4.768094233,      -3.727494562,      -8.961543604
          0,           0,        1680,       -5.78459467,      -4.418474977,      -4.767723987,      -3.726988088,      -8.960110595
          0,           0,        1681,      -5.784690562,      -4.419115118,      -4.767083333,      -3.726845441,      -8.958683044
          0,           0,        1682,      -5.785178389,      -4.419609567,      -4.766180259,      -3.727082926,      -8.957257488
          0,           0,        1683,      -5.786071165,      -4.419953677,      -4.765026572,      -3.727714153,      -8.955836652
          0,           0,        1684,      -5.787379316,      -4.420144565,      -4.763637605,       -3.72875013,      -8.954419728
          0,           0,        1685,      -5.789110739,      -4.420181144,      -4.762031848,      -3.730199335,      -8.953006414
          0,           0,        1686,      -5.791270815,      -4.420064126,      -4.760230527,      -3.732067752,       -8.95159717
          0,           0,        1687,      -5.793862395,      -4.419795988,       -4.75825714,      -3.734358871,      -8.950190583
          0,           0,        1688,      -5.796885734,       -4.41938091,      -4.756136969,       -3.73707365,      -8.948787225
          0,           0,        1689,      -5.800338389,       -4.41882468,      -4.753896604,      -3.740210436,      -8.947387287
          0,           0,        1690,      -5.804215064,      -4.418134575,      -4.751563463,      -3.743764842,      -8.945990395
          0,           0,        1691,      -5.808507401,      -4.417319217,      -4.749165357,      -3.747729576,      -8.944596012
          0,           0,        1692,      -5.813203736,      -4.416388409,       -4.74673008,       -3.75209423,      -8.943203959
          0,           0,        1693,      -5.818288785,      -4.415352966,      -4.744285045,      -3.756845013,      -8.941813858
          0,           0,        1694,      -5.823743296,      -4.414224523,      -4.741856974,      -3.761964449,       -8.94042546
          0,           0,        1695,      -5.829543651,      -4.413015354,      -4.739471631,      -3.767431029,      -8.939038818
          0,           0,        1696,      -5.835661433,      -4.411738177,      -4.737153605,      -3.773218827,      -8.937654268
          0,           0,        1697,      -5.842062967,      -4.410405979,      -4.734926138,      -3.779297099,      -8.936273142
          0,           0,        1698,      -5.848708862,      -4.409031832,         -4.732811,      -3.785629864,       -8.93488747
          0,           0,        1699,      -5.855553572,      -4.407628733,      -4.730828389,      -3.792175507,      -8.933501516
          0,           0,        1700,      -5.862545017,      -4.406209452,      -4.728996874,      -3.798886424,      -8.932118519
          0,           0,        1701,      -5.869624308,      -4.404786388,      -4.727333361,      -3.805708751,      -8.930736563
          0,           0,        1702,      -5.876725639,      -4.403371451,      -4.725853075,      -3.812582218,      -8.929355494
          0,           0,        1703,       -5.88377641,      -4.401975951,      -4.724569568,        -3.8194402,      -8.927975156
          0,           0,        1704,      -5.890697652,      -4.400610507,      -4.723494729,      -3.826210014,      -8.926595522
          0,           0,        1705,      -5.897404843,      -4.399284964,       -4.72263881,      -3.832813539,      -8.925216769
          0,           0,        1706,      -5.903809159,      -4.398008336,      -4.722010454,      -3.839168215,      -8.923838783
          0,           0,        1707,      -5.909819241,      -4.396788748,      -4.721616726,      -3.845188472,      -8.922458882
          0,           0,        1708,      -5.915343458,      -4.395633402,       -4.72146314,      -3.850787619,       -8.92107955
          0,           0,        1709,      -5.920292646,      -4.394548546,      -4.721553689,      -3.855880163,      -8.919700822
          0,           0,        1710,      -5.924583216,      -4.393539458,       -4.72189087,      -3.860384506,      -8.918322846
          0,           0,        1711,       -5.92814046,      -4.392610437,      -4.722475704,      -3.864225897,      -8.916945927
          0,           0,        1712,      -5.930901829,      -4.391764799,      -4.723307749,      -3.867339439,      -8.915570186
          0,           0,        1713,      -5.932819907,      -4.391004889,      -4.724385112,      -3.869672956,      -8.914196765
          0,           0,        1714,      -5.933864794,      -4.390332091,      -4.725704454,      -3.871189455,      -8.912820636
          0,           0,        1715,      -5.934025673,      -4.389746843,      -4.727260988,      -3.871868949,      -8.911447084
          0,           0,        1716,      -5.933311376,       -4.38924867,      -4.729048477,      -3.871709468,      -8.910075442
          0,           0,        1717,      -5.931749883,      -4.388836205,      -4.731059225,      -3.870727141,      -8.908705923
          0,           0,        1718,      -5.929386833,       -4.38850723,      -4.733284072,      -3.868955344,      -8.907336997
          0,           0,        1719,      -5.926283175,      -4.388258711,      -4.735712382,      -3.866442999,      -8.905969799
          0,           0,        1720,      -5.922512234,      -4.388086846,      -4.738332044,      -3.863252213,      -8.904608234
          0,           0,        1721,       -5.91815645,       -4.38798711,      -4.741129466,      -3.859455466,      -8.903248749
          0,           0,        1722,      -5.913304067,      -4.387954312,      -4.744089589,      -3.855132611,      -8.901883883
          0,           0,        1723,      -5.908046013,      -4.387982654,      -4.747195903,      -3.850367903,      -8.900519576
          0,           0,        1724,      -5.902473141,      -4.388065794,      -4.750430484,      -3.845247253,      -8.899162329
          0,           0,        1725,      -5.896673932,      -4.388196916,      -4.753774049,      -3.839855842,      -8.897809225
          0,           0,        1726,      -5.890732715,      -4.388368805,      -4.757206031,      -3.834276161,      -8.896460277
          0,           0,        1727,      -5.884728381,      -4.388573923,      -4.760704684,       -3.82858651,      -8.895115552
          0,           0,        1728,      -5.878733554,      -4.388804497,      -4.764247215,      -3.822859936,      -8.893774995
          0,           0,        1729,      -5.872814152,      -4.389052604,      -4.767809952,      -3.817163558,      -8.892438791
          0,           0,        1730,      -5.867029257,      -4.389310261,      -4.771368548,      -3.811558226,      -8.891107046
          0,           0,        1731,      -5.861431227,      -4.389569524,      -4.774898217,      -3.806098449,       -8.88977929
          0,           0,        1732,       -5.85606597,      -4.389822578,      -4.778374014,      -3.800832514,      -8.888455623
          0,           0,        1733,      -5.850973337,      -4.390061837,       -4.78177114,      -3.795802757,      -8.887136322
          0,           0,        1734,      -5.846187575,      -4.390280038,      -4.785065288,      -3.791045916,      -8.885821923
          0,           0,        1735,      -5.841737804,      -4.390470335,      -4.788233008,      -3.786593544,      -8.884512522
          0,           0,        1736,      -5.837648505,      -4.390626389,      -4.791252082,       -3.78247244,      -8.883208046
          0,           0,        1737,      -5.833939973,      -4.390742454,      -4.794101918,      -3.778705077,      -8.881908467
          0,           0,        1738,      -5.830628751,       -4.39081345,      -4.796763924,      -3.775310012,      -8.880613808
          0,           0,        1739,      -5.827728017,      -4.390835037,       -4.79922187,      -3.772302263,      -8.879323988
          0,           0,        1740,      -5.825247927,      -4.390803674,      -4.801462213,      -3.769693658,      -8.878038991
          0,           0,        1741,      -5.823195914,      -4.390716664,      -4.803474376,      -3.767493132,      -8.876758711
          0,           0,        1742,       -5.82157694,      -4.390572195,      -4.805250964,      -3.765706988,      -8.875482997
          0,           0,        1743,      -5.820393701,      -4.390369358,      -4.806787915,       -3.76433912,      -8.874211893
          0,           0,        1744,       -5.81964679,      -4.390108161,      -4.808084569,       -3.76339118,      -8.872945266
          0,           0,        1745,       -5.81933482,      -4.389789521,      -4.809143661,      -3.762862725,      -8.871683025
          0,           0,        1746,      -5.819454508,       -4.38941525,      -4.809971231,      -3.762751308,      -8.870425109
          0,           0,        1747,      -5.820000719,      -4.388988022,      -4.810576453,      -3.763052547,      -8.869171188
          0,           0,        1748,      -5.820966481,      -4.388511331,      -4.810971405,      -3.763760149,      -8.867921106
          0,           0,        1749,      -5.822342967,      -4.387989436,      -4.811170768,      -3.764865916,      -8.866674749
          0,           0,        1750,      -5.824119446,      -4.387427298,      -4.811191486,       -3.76635971,       -8.86543209
          0,           0,        1751,      -5.826283208,      -4.386830506,       -4.81105239,      -3.768229403,      -8.864193287
          0,           0,        1752,      -5.828819472,      -4.386205199,        -4.8107738,      -3.770460795,      -8.862958248
          0,           0,        1753,      -5.831711263,      -4.385557981,      -4.810377124,      -3.773037522,      -8.861726723
          0,           0,        1754,      -5.834939283,      -4.384895831,      -4.809884461,      -3.775940944,      -8.860498852
          0,           0,        1755,       -5.83848177,      -4.384226016,      -4.809318217,      -3.779150027,      -8.859274613
          0,           0,        1756,      -5.842314353,      -4.383555997,      -4.808700751,      -3.782641222,      -8.858053742
          0,           0,        1757,       -5.84640991,      -4.382893339,      -4.808054044,      -3.786388346,      -8.856836321
          0,           0,        1758,      -5.850738447,      -4.382245626,      -4.807399407,      -3.790362489,      -8.855622407
          0,           0,        1759,      -5.855267002,      -4.381620373,      -4.806757222,      -3.794531932,      -8.854412007
          0,           0,        1760,      -5.859959592,      -4.381024949,      -4.806146723,       -3.79886212,      -8.853205151
          0,           0,        1761,      -5.864777217,      -4.380466495,      -4.805585804,      -3.803315682,      -8.852002004
          0,           0,        1762,      -5.869677944,      -4.379951858,      -4.805090866,      -3.807852523,       -8.85080259
          0,           0,        1763,      -5.874617087,      -4.379487525,      -4.804676694,      -3.812430005,      -8.849606907
          0,           0,        1764,      -5.879547502,       -4.37907956,      -4.804356356,      -3.817003237,      -8.848414996
          0,           0,        1765,      -5.884420014,       -4.37873355,      -4.804141131,      -3.821525479,      -8.847227032
          0,           0,        1766,      -5.889183994,      -4.378454563,      -4.804040446,      -3.825948682,      -8.846043306
          0,           0,        1767,      -5.893788086,      -4.378247094,      -4.804061844,      -3.830224166,      -8.844863936
          0,           0,        1768,       -5.89818109,      -4.378115038,      -4.804210951,       -3.83430343,       -8.84368897
          0,           0,        1769,      -5.902312983,      -4.378061651,      -4.804491467,       -3.83813909,      -8.842518658
          0,           0,        1770,      -5.906136056,      -4.378089524,      -4.804905154,      -3.841685919,      -8.841353222
          0,           0,        1771,      -5.909606123,      -4.378200563,      -4.805451845,      -3.844901948,      -8.840192775
          0,           0,        1772,       -5.91268375,      -4.378395968,      -4.806129446,      -3.847749586,      -8.839036795
          0,           0,        1773,      -5.915335447,      -4.378676221,       -4.80693396,      -3.850196713,      -8.837886294
          0,           0,        1774,      -5.917534736,      -4.379041075,      -4.807859508,      -3.852217655,      -8.836741438
          0,           0,        1775,      -5.919263048,      -4.379489553,      -4.808898364,       -3.85379402,      -8.835602546
          0,           0,        1776,      -5.920510366,      -4.380019944,      -4.810041002,      -3.854915307,       -8.83446995
          0,           0,        1777,      -5.921275582,      -4.380629809,      -4.811276149,      -3.855579257,      -8.833343788
          0,           0,        1778,      -5.921566537,      -4.381315989,      -4.812590861,      -3.855791929,      -8.832223788
