"Time_Iter","Outer_Iter","Inner_Iter",    "rms[Rho]"    ,    "rms[RhoU]"   ,    "rms[RhoV]"   ,    "rms[RhoW]"   ,    "rms[RhoE]"   
          0,           0,           0,      -2.831253576,      -12.13982363,      -12.13104277,      -12.13828666,       2.332281853
          0,           0,           1,      -2.769469523,     -0.3579539238,     -0.4180408102,     -0.4342470853,       2.612022416
          0,           0,           2,      -2.692306876,     -0.2168852948,     -0.2607336913,     -0.2794438491,       2.747754279
          0,           0,           3,      -2.688857188,     -0.1806908539,     -0.2371393009,      -0.247056569,       2.761519023
          0,           0,           4,      -2.760373411,     -0.1980536581,     -0.2900287976,     -0.3023449849,       2.691261596
          0,           0,           5,      -2.862583361,      -0.232981824,     -0.3677538685,     -0.3722793315,       2.594488557
          0,           0,           6,      -2.939264586,     -0.2779072494,     -0.4290081592,     -0.4311471996,       2.516030974
          0,           0,           7,      -2.994049351,     -0.3293211592,     -0.4787683501,     -0.4809655863,       2.458042019
          0,           0,           8,      -3.045843466,     -0.3826144066,     -0.5263795606,     -0.5254380206,       2.403305924
          0,           0,           9,      -3.103804571,     -0.4335609025,     -0.5720725329,     -0.5677788829,       2.340398849
          0,           0,          10,       -3.17410766,     -0.4803591878,     -0.6162848577,     -0.6100346115,       2.260298032
          0,           0,          11,      -3.246485412,     -0.5232847237,     -0.6555797384,     -0.6472851101,        2.17012387
          0,           0,          12,      -3.281814333,     -0.5627895842,      -0.680360945,     -0.6686859459,       2.115982755
          0,           0,          13,      -3.247454607,     -0.5984792425,     -0.6817300825,     -0.6669969449,        2.15568223
          0,           0,          14,      -3.181252429,     -0.6296718975,     -0.6658182771,     -0.6500319019,       2.241162906
          0,           0,          15,      -3.126613103,      -0.656361412,     -0.6478762381,       -0.63240055,       2.312081139
          0,           0,          16,      -3.099430028,     -0.6803631174,     -0.6405044528,     -0.6254121639,       2.350971535
          0,           0,          17,      -3.102789642,     -0.7047202944,     -0.6500191849,     -0.6345274738,       2.356324078
          0,           0,          18,      -3.137283707,     -0.7322173515,     -0.6782689803,     -0.6613795003,       2.328482831
          0,           0,          19,      -3.202662068,      -0.763821553,     -0.7232159699,     -0.7041775589,       2.267602356
          0,           0,          20,      -3.295112241,     -0.7980241162,     -0.7779369437,      -0.756711591,       2.175682179
          0,           0,          21,      -3.400350608,     -0.8312825316,      -0.830595743,       -0.80850428,       2.062358981
          0,           0,          22,      -3.485642374,     -0.8599098401,     -0.8694550084,     -0.8488582796,       1.957446394
          0,           0,          23,      -3.524545003,     -0.8824544813,     -0.8925395839,     -0.8749639162,       1.901081293
          0,           0,          24,      -3.535392911,     -0.9005892784,     -0.9075715439,      -0.892665909,       1.888387348
          0,           0,          25,      -3.551651938,     -0.9174827071,     -0.9231769326,     -0.9095157885,        1.87867127
          0,           0,          26,      -3.587253508,     -0.9353580608,     -0.9423882013,     -0.9287261543,        1.84986845
          0,           0,          27,       -3.63752645,     -0.9545645536,      -0.962749726,     -0.9485479049,        1.80359928
          0,           0,          28,      -3.685177661,     -0.9738681362,     -0.9796855491,     -0.9652488072,       1.756987678
          0,           0,          29,      -3.711175541,     -0.9912830383,     -0.9903424055,     -0.9763624189,       1.731965893
          0,           0,          30,      -3.714153334,      -1.005303082,     -0.9954093477,     -0.9824050568,       1.733190147
          0,           0,          31,      -3.709940086,      -1.015555666,     -0.9977835895,     -0.9858851711,       1.744357756
          0,           0,          32,      -3.711603314,      -1.022603606,     -0.9997410363,     -0.9888719028,       1.750289753
          0,           0,          33,        -3.7211515,       -1.02738014,      -1.001628536,     -0.9916865875,       1.747444314
          0,           0,          34,      -3.732495671,      -1.030718636,      -1.002463084,     -0.9934266147,       1.740799304
          0,           0,          35,      -3.739745583,      -1.033430227,      -1.001810337,     -0.9937237613,       1.735815141
          0,           0,          36,      -3.742177869,      -1.036120033,      -1.000361234,     -0.9931060761,       1.733910888
          0,           0,          37,      -3.743381398,      -1.039041404,     -0.9992819807,     -0.9925548982,       1.732576963
          0,           0,          38,      -3.749304239,      -1.042465643,      -0.999915755,     -0.9932774418,       1.726510946
          0,           0,          39,      -3.764107742,      -1.046542814,      -1.003066233,     -0.9960254805,       1.711419534
          0,           0,          40,      -3.787458144,      -1.051115431,       -1.00848661,      -1.000647468,       1.686872314
          0,           0,          41,      -3.812857222,      -1.055699146,      -1.014981869,      -1.006118203,       1.658433393
          0,           0,          42,       -3.82962977,      -1.059616925,      -1.021049257,       -1.01117609,       1.636779388
          0,           0,          43,      -3.829548516,      -1.062251426,      -1.025612944,      -1.014967692,       1.632139419
          0,           0,          44,      -3.814798282,      -1.063309591,      -1.028612087,      -1.017541101,       1.644898742
          0,           0,          45,      -3.794630287,      -1.062859721,      -1.030732005,      -1.019593295,       1.666217841
          0,           0,          46,      -3.777074939,      -1.061235598,      -1.032826845,      -1.021924865,       1.686934929
          0,           0,          47,      -3.766943824,      -1.058922778,      -1.035661843,      -1.025209621,       1.701101472
          0,           0,          48,      -3.765752552,      -1.056357303,      -1.039594729,      -1.029727413,       1.706494715
          0,           0,          49,      -3.772796428,      -1.053828587,       -1.04450137,      -1.035317274,       1.703419309
          0,           0,          50,      -3.786029963,      -1.051449501,      -1.049893529,      -1.041468676,       1.693649719
          0,           0,          51,      -3.802673265,      -1.049205859,      -1.055123748,      -1.047531218,       1.679735942
          0,           0,          52,      -3.819830072,      -1.047023831,      -1.059603394,      -1.052917297,       1.664397134
          0,           0,          53,      -3.835118151,      -1.044834621,      -1.062941996,      -1.057237731,       1.649957366
          0,           0,          54,      -3.847159799,      -1.042602158,      -1.064991683,      -1.060337204,       1.637899339
          0,           0,          55,       -3.85579224,       -1.04033759,      -1.065815483,      -1.062269351,       1.628622769
          0,           0,          56,      -3.861823146,      -1.038091504,      -1.065635423,      -1.063229971,       1.621595935
          0,           0,          57,      -3.866560837,      -1.035942207,      -1.064756401,      -1.063493356,        1.61574596
          0,           0,          58,      -3.871343773,      -1.033978146,      -1.063494723,      -1.063347675,       1.609895554
          0,           0,          59,      -3.877267381,      -1.032288147,      -1.062136634,      -1.063056601,       1.603043583
          0,           0,          60,      -3.885091392,      -1.030953186,      -1.060918717,      -1.062827652,       1.594473094
          0,           0,          61,      -3.895219729,      -1.030042727,       -1.06000911,      -1.062808461,       1.583781842
          0,           0,          62,      -3.907711116,      -1.029606909,      -1.059509058,       -1.06308041,       1.570879201
          0,           0,          63,      -3.922276395,      -1.029674385,      -1.059448997,      -1.063668284,       1.555991135
          0,           0,          64,      -3.938290375,      -1.030254989,      -1.059806635,      -1.064551708,        1.53965558
          0,           0,          65,      -3.954878134,      -1.031338757,      -1.060524139,      -1.065680723,       1.522656886
          0,           0,          66,      -3.971062702,      -1.032903152,      -1.061532375,      -1.066995418,        1.50589922
          0,           0,          67,      -3.985970755,      -1.034914741,      -1.062765439,      -1.068441454,        1.49022107
          0,           0,          68,      -3.999027649,      -1.037339357,      -1.064172766,      -1.069981735,       1.476209449
          0,           0,          69,      -4.010087212,      -1.040151702,      -1.065727299,      -1.071602973,       1.464062368
          0,           0,          70,       -4.01935086,      -1.043332823,      -1.067419125,       -1.07330902,       1.453645484
          0,           0,          71,      -4.027137824,      -1.046868682,      -1.069238373,      -1.075104146,       1.444698596
          0,           0,          72,      -4.033744661,      -1.050745768,      -1.071172757,      -1.076984791,        1.43697553
          0,           0,          73,      -4.039386865,      -1.054951617,      -1.073204341,      -1.078945805,       1.430308362
          0,           0,          74,      -4.044221935,      -1.059476053,      -1.075315208,      -1.080978206,       1.424588019
          0,           0,          75,      -4.048374861,       -1.06431344,      -1.077490279,      -1.083077487,       1.419733044
          0,           0,          76,      -4.051967041,      -1.069458992,      -1.079718492,      -1.085242104,       1.415652149
          0,           0,          77,      -4.055134607,      -1.074914233,      -1.081992564,       -1.08747446,       1.412217748
          0,           0,          78,      -4.058025459,      -1.080680472,       -1.08430842,      -1.089778351,       1.409267311
          0,           0,          79,      -4.060797049,      -1.086761757,      -1.086664098,      -1.092157997,       1.406608503
          0,           0,          80,      -4.063608017,      -1.093162989,      -1.089061267,      -1.094615967,       1.404036102
          0,           0,          81,      -4.066620627,      -1.099894555,      -1.091499018,      -1.097152129,       1.401338667
          0,           0,          82,      -4.069992904,      -1.106966684,      -1.093979779,      -1.099765217,       1.398313487
          0,           0,          83,      -4.073871534,      -1.114392663,      -1.096503671,      -1.102456289,       1.394776663
          0,           0,          84,      -4.078384464,      -1.122188747,      -1.099073776,       -1.10522688,       1.390572327
          0,           0,          85,      -4.083631985,      -1.130370469,      -1.101692194,      -1.108076231,       1.385580908
          0,           0,          86,      -4.089673158,      -1.138954672,      -1.104361308,      -1.111003566,       1.379730829
          0,           0,          87,       -4.09651216,      -1.147952534,      -1.107084237,      -1.114006861,       1.373010854
          0,           0,          88,      -4.104107379,      -1.157373658,      -1.109865069,      -1.117086791,       1.365458508
          0,           0,          89,      -4.112363533,      -1.167227164,      -1.112707403,      -1.120245927,       1.357167107
          0,           0,          90,       -4.12115249,      -1.177513876,       -1.11561801,      -1.123487957,       1.348265606
          0,           0,          91,        -4.1303139,      -1.188228512,      -1.118606941,      -1.126820305,       1.338916304
          0,           0,          92,      -4.139672517,      -1.199358651,       -1.12168859,      -1.130255698,       1.329299267
          0,           0,          93,      -4.149052494,      -1.210883445,      -1.124883129,      -1.133812107,       1.319597874
          0,           0,          94,      -4.158294015,      -1.222770779,      -1.128220174,      -1.137514761,       1.309983908
          0,           0,          95,      -4.167269797,      -1.234978552,      -1.131737032,      -1.141397655,       1.300600469
          0,           0,          96,      -4.175892524,      -1.247453176,      -1.135479116,       -1.14550204,       1.291553347
          0,           0,          97,      -4.184113055,      -1.260130072,      -1.139500784,       -1.14987687,       1.282910934
          0,           0,          98,      -4.191917552,      -1.272933156,      -1.143863118,       -1.15457958,       1.274706695
          0,           0,          99,      -4.199318376,      -1.285780149,      -1.148634519,      -1.159670291,       1.266946235
          0,           0,         100,      -4.206350273,      -1.298583459,      -1.153886189,       -1.16521433,       1.259610051
          0,           0,         101,      -4.213060989,      -1.311255061,      -1.159691303,       -1.17127751,        1.25266201
          0,           0,         102,       -4.21950633,      -1.323710124,      -1.166121441,       -1.17792426,       1.246053979
          0,           0,         103,      -4.225741966,      -1.335874102,      -1.173242558,      -1.185214819,       1.239733509
          0,           0,         104,      -4.231827274,      -1.347681246,      -1.181112093,      -1.193202733,       1.233640662
          0,           0,         105,      -4.237817237,       -1.35908557,      -1.189774942,       -1.20192912,        1.22771578
          0,           0,         106,      -4.243766502,      -1.370054948,      -1.199260328,      -1.211422739,       1.221896969
          0,           0,         107,       -4.24971668,      -1.380564326,      -1.209574894,      -1.221695993,       1.216132581
          0,           0,         108,      -4.255691082,      -1.390588392,      -1.220695948,      -1.232736048,       1.210387211
          0,           0,         109,      -4.261690772,      -1.400089847,      -1.232566935,      -1.244502831,        1.20464574
          0,           0,         110,      -4.267690915,      -1.409008442,      -1.245091433,      -1.256924445,       1.198918087
          0,           0,         111,      -4.273632592,      -1.417240092,      -1.258129323,      -1.269891722,       1.193248907
          0,           0,         112,      -4.279447816,      -1.424628381,      -1.271488596,      -1.283252542,         1.1876935
          0,           0,         113,      -4.285074181,      -1.430972017,      -1.284921116,      -1.296808747,        1.18230684
          0,           0,         114,        -4.2904903,       -1.43603475,      -1.298123939,      -1.310309059,        1.17710903
          0,           0,         115,      -4.295767428,      -1.439607201,      -1.310765182,       -1.32344677,       1.172032627
          0,           0,         116,      -4.301022594,      -1.441561945,      -1.322527116,      -1.335872254,        1.16696314
          0,           0,         117,      -4.306445055,      -1.441908127,      -1.333180752,       -1.34723056,       1.161706874
          0,           0,         118,      -4.312203105,      -1.440795732,      -1.342644441,      -1.357221925,       1.156082822
          0,           0,         119,      -4.318382156,      -1.438490344,      -1.350995963,      -1.365673653,       1.150000575
          0,           0,         120,      -4.324915164,      -1.435319751,       -1.35839838,      -1.372594018,       1.143535458
          0,           0,         121,      -4.331534872,       -1.43162571,      -1.365016953,      -1.378152049,       1.136977618
          0,           0,         122,      -4.337783216,      -1.427704769,      -1.370933293,      -1.382608167,       1.130800998
          0,           0,         123,      -4.343221525,      -1.423793877,      -1.376169929,      -1.386243897,       1.125474625
          0,           0,         124,      -4.347482392,      -1.420015091,      -1.380742571,      -1.389292887,       1.121403642
          0,           0,         125,      -4.350383439,       -1.41641599,      -1.384728473,      -1.391931044,       1.118815646
          0,           0,         126,      -4.351953624,      -1.412996165,      -1.388292886,      -1.394291015,       1.117722788
          0,           0,         127,       -4.35233554,      -1.409747817,      -1.391642125,      -1.396493741,       1.117994517
          0,           0,         128,       -4.35178636,      -1.406691749,      -1.394973187,      -1.398672854,       1.119354237
          0,           0,         129,      -4.350558609,      -1.403866163,      -1.398420292,      -1.400975396,       1.121501073
          0,           0,         130,      -4.348879861,      -1.401319057,      -1.402041722,      -1.403543476,       1.124145988
          0,           0,         131,      -4.346948892,       -1.39909349,      -1.405832502,       -1.40649235,        1.12703301
          0,           0,         132,      -4.344937623,      -1.397219082,      -1.409753918,      -1.409887435,       1.129946708
          0,           0,         133,      -4.343008717,      -1.395718748,      -1.413764228,      -1.413745389,       1.132700458
          0,           0,         134,      -4.341317018,      -1.394615992,      -1.417841711,      -1.418044663,       1.135132691
          0,           0,         135,      -4.340002783,      -1.393934933,      -1.421995894,      -1.422743635,       1.137108089
          0,           0,         136,      -4.339178593,      -1.393706449,      -1.426255868,      -1.427784419,       1.138523809
          0,           0,         137,      -4.338898617,      -1.393951111,       -1.43063947,      -1.433090759,        1.13933588
          0,           0,         138,      -4.339157932,       -1.39468845,      -1.435140392,      -1.438573939,       1.139557217
          0,           0,         139,      -4.339920227,      -1.395946547,      -1.439729658,      -1.444143271,       1.139228005
          0,           0,         140,      -4.341124937,       -1.39775785,      -1.444343956,      -1.449694569,       1.138410923
          0,           0,         141,      -4.342694897,      -1.400150398,      -1.448885461,      -1.455106659,       1.137182019
          0,           0,         142,       -4.34452026,      -1.403139035,      -1.453226817,      -1.460243232,        1.13564717
          0,           0,         143,      -4.346491579,      -1.406718154,      -1.457229311,      -1.464968688,       1.133911622
          0,           0,         144,      -4.348515744,       -1.41085515,      -1.460763263,      -1.469163678,       1.132065078
          0,           0,         145,      -4.350524288,      -1.415483701,      -1.463722976,      -1.472734619,       1.130174386
          0,           0,         146,       -4.35248572,      -1.420511499,      -1.466046321,      -1.475627976,       1.128271916
          0,           0,         147,      -4.354404682,      -1.425824655,      -1.467720256,      -1.477835658,       1.126356468
          0,           0,         148,      -4.356311209,      -1.431300194,       -1.46878544,      -1.479393211,       1.124402843
          0,           0,         149,      -4.358251361,      -1.436820316,      -1.469331579,      -1.480375408,       1.122371363
          0,           0,         150,      -4.360283071,        -1.4422893,      -1.469491447,      -1.480889571,       1.120211028
          0,           0,         151,      -4.362469353,       -1.44764421,      -1.469429791,      -1.481070561,       1.117865992
          0,           0,         152,      -4.364884215,      -1.452865233,      -1.469333938,      -1.481070406,       1.115270497
          0,           0,         153,       -4.36761806,      -1.457979381,      -1.469401126,       -1.48104509,       1.112342011
          0,           0,         154,      -4.370783564,      -1.463062297,      -1.469822199,      -1.481157656,       1.108975826
          0,           0,         155,      -4.374505426,      -1.468237941,      -1.470770422,      -1.481559214,        1.10505397
          0,           0,         156,      -4.378921397,      -1.473669857,      -1.472394109,      -1.482382998,       1.100444237
          0,           0,         157,      -4.384174202,      -1.479556681,      -1.474809125,      -1.483742484,       1.095006914
          0,           0,         158,      -4.390400506,      -1.486120234,      -1.478097186,      -1.485729086,       1.088605227
          0,           0,         159,      -4.397723675,      -1.493597101,       -1.48230323,      -1.488407484,       1.081112821
          0,           0,         160,      -4.406258727,      -1.502226429,      -1.487439944,      -1.491822206,       1.072408686
          0,           0,         161,      -4.416100011,      -1.512247831,      -1.493488753,      -1.495994606,       1.062389707
          0,           0,         162,      -4.427342415,      -1.523896426,      -1.500408638,      -1.500933576,       1.050950745
          0,           0,         163,      -4.440058971,      -1.537399581,        -1.5081411,      -1.506637918,       1.038004345
          0,           0,         164,      -4.454328823,      -1.552977653,      -1.516621579,       -1.51310549,       1.023456161
          0,           0,         165,      -4.470183999,      -1.570846934,      -1.525781565,      -1.520335097,       1.007254928
          0,           0,         166,      -4.487579613,      -1.591211349,      -1.535557517,      -1.528333412,      0.9894288111
          0,           0,         167,      -4.506359101,       -1.61425635,      -1.545893902,      -1.537113315,      0.9701188692
          0,           0,         168,      -4.526273783,      -1.640120634,      -1.556747805,      -1.546694741,      0.9495630355
          0,           0,         169,      -4.547007073,      -1.668858935,      -1.568082855,      -1.557094458,      0.9280759887
          0,           0,         170,      -4.568166476,      -1.700388333,      -1.579856368,      -1.568311204,      0.9060591635
          0,           0,         171,      -4.589271505,      -1.734419845,      -1.592007624,      -1.580310998,      0.8840163604
          0,           0,         172,      -4.609763523,      -1.770376967,      -1.604450031,      -1.593016772,      0.8625495471
          0,           0,         173,      -4.629018267,      -1.807308506,       -1.61707277,      -1.606307061,      0.8423440727
          0,           0,         174,      -4.646444181,       -1.84379745,      -1.629746079,      -1.620025748,      0.8240711349
          0,           0,         175,      -4.661535734,      -1.877939961,      -1.642331019,      -1.633988837,      0.8083208637
          0,           0,         176,      -4.673958859,      -1.907478189,      -1.654687958,      -1.647998419,      0.7955000852
          0,           0,         177,      -4.683593044,       -1.93019282,      -1.666687466,      -1.661852742,      0.7857743266
          0,           0,         178,      -4.690544101,      -1.944524771,      -1.678218012,      -1.675360197,      0.7790439747
          0,           0,         179,      -4.695123228,      -1.950137417,      -1.689194694,      -1.688351542,       0.774967104
          0,           0,         180,      -4.697787999,      -1.948036243,       -1.69956634,      -1.700691324,      0.7730273244
          0,           0,         181,      -4.699060046,      -1.940152847,      -1.709318416,      -1.712283735,      0.7726295262
          0,           0,         182,      -4.699513567,      -1.928696065,      -1.718476695,      -1.723079124,      0.7731322297
          0,           0,         183,      -4.699655731,      -1.915660052,      -1.727102408,      -1.733074264,      0.7739651732
          0,           0,         184,      -4.699946467,      -1.902598093,       -1.73528936,      -1.742312513,      0.7746210098
          0,           0,         185,      -4.700777572,      -1.890611308,       -1.74315634,      -1.750875603,      0.7746747397
          0,           0,         186,      -4.702465272,      -1.880424025,      -1.750834736,      -1.758875094,      0.7737898164
          0,           0,         187,      -4.705247949,      -1.872484322,      -1.758457251,      -1.766440784,      0.7717159301
          0,           0,         188,      -4.709296477,      -1.867051557,      -1.766154163,      -1.773712788,      0.7682765873
          0,           0,         189,      -4.714716691,      -1.864253866,      -1.774043513,      -1.780829925,      0.7633635569
          0,           0,         190,         -4.721574,       -1.86413658,      -1.782226018,      -1.787924465,      0.7569121707
          0,           0,         191,      -4.729877266,      -1.866692896,      -1.790779499,      -1.795112357,      0.7489138183
          0,           0,         192,      -4.739587732,      -1.871874996,      -1.799754163,      -1.802488834,       0.739407331
          0,           0,         193,      -4.750631821,      -1.879609623,      -1.809169555,      -1.810125418,      0.7284664658
          0,           0,         194,      -4.762885003,      -1.889794354,      -1.819013545,      -1.818065195,      0.7162156461
          0,           0,         195,      -4.776173583,      -1.902299793,      -1.829240054,       -1.82632352,      0.7028281292
          0,           0,         196,      -4.790275736,      -1.916955178,      -1.839772391,      -1.834891551,      0.6885269338
          0,           0,         197,      -4.804918382,      -1.933532762,      -1.850507528,      -1.843741245,      0.6735888106
          0,           0,         198,      -4.819782326,      -1.951722459,      -1.861322279,      -1.852830976,      0.6583404625
          0,           0,         199,      -4.834515011,      -1.971097394,       -1.87208036,       -1.86211016,      0.6431477517
          0,           0,         200,      -4.848748323,      -1.991073843,      -1.882638224,      -1.871520851,      0.6283985853
          0,           0,         201,      -4.862111439,      -2.010898552,      -1.892845427,      -1.880991816,      0.6144892631
          0,           0,         202,      -4.874261555,       -2.02965243,      -1.902546091,       -1.89043063,      0.6017931963
          0,           0,         203,      -4.884906632,      -2.046319115,      -1.911581185,       -1.89971581,      0.5906341487
          0,           0,         204,      -4.893832832,      -2.059912224,      -1.919797996,      -1.908699746,      0.5812553341
          0,           0,         205,      -4.900929233,      -2.069645239,       -1.92706695,      -1.917223341,      0.5737904014
          0,           0,         206,      -4.906199347,        -2.0750823,      -1.933304539,      -1.925135286,       0.568249846
          0,           0,         207,      -4.909763912,      -2.076225967,      -1.938490982,      -1.932317173,      0.5645174475
          0,           0,         208,      -4.911844864,      -2.073496973,      -1.942680058,      -1.938703641,      0.5623664608
          0,           0,         209,      -4.912747228,      -2.067622259,        -1.9459976,      -1.944292643,      0.5614794977
          0,           0,         210,      -4.912824483,      -2.059481627,      -1.948628523,      -1.949146539,      0.5614856231
          0,           0,         211,      -4.912448945,      -2.049968343,      -1.950796339,      -1.953383156,      0.5619935597
          0,           0,         212,      -4.911983199,       -2.03988876,      -1.952743042,      -1.957162275,      0.5626223377
          0,           0,         213,      -4.911754001,      -2.029913266,      -1.954710419,      -1.960666329,      0.5630286365
          0,           0,         214,      -4.912045666,      -2.020572051,      -1.956927346,      -1.964087528,      0.5629145443
          0,           0,         215,      -4.913091751,      -2.012265431,      -1.959597907,        -1.9676133,      0.5620356117
          0,           0,         216,      -4.915074933,      -2.005283821,      -1.962895573,      -1.971417944,      0.5602008667
          0,           0,         217,      -4.918123757,      -1.999827659,      -1.966958826,      -1.975653564,      0.5572751923
          0,           0,         218,      -4.922319697,      -1.996025973,      -1.971891662,      -1.980446768,      0.5531723351
          0,           0,         219,      -4.927702867,       -1.99395324,      -1.977764739,      -1.985896695,      0.5478488494
          0,           0,         220,      -4.934268434,      -1.993641672,      -1.984616981,      -1.992075204,      0.5413069926
          0,           0,         221,      -4.941978734,      -1.995091451,      -1.992458085,      -1.999027905,      0.5335832737
          0,           0,         222,      -4.950755966,      -1.998279708,         -2.001269,      -2.006774603,       0.524755435
          0,           0,         223,      -4.960485093,      -2.003160764,      -2.011004515,      -2.015309679,      0.5149400449
          0,           0,         224,      -4.971011539,      -2.009673466,      -2.021592114,       -2.02460298,      0.5042953347
          0,           0,         225,      -4.982139076,      -2.017740019,      -2.032934416,      -2.034600174,      0.4930238326
          0,           0,         226,        -4.9936312,      -2.027265392,      -2.044907788,      -2.045224107,      0.4813716998
          0,           0,         227,      -5.005215025,      -2.038134644,      -2.057363969,      -2.056374351,      0.4696253656
          0,           0,         228,      -5.016579228,      -2.050208424,      -2.070131076,      -2.067927605,      0.4581121572
          0,           0,         229,      -5.027412466,      -2.063318265,      -2.083015221,      -2.079741044,       0.447164414
          0,           0,         230,      -5.037417705,      -2.077262549,      -2.095806234,      -2.091653809,      0.4371009866
          0,           0,         231,      -5.046344094,      -2.091802221,      -2.108283489,      -2.103490716,      0.4281931055
          0,           0,         232,      -5.054017359,      -2.106661865,      -2.120224357,       -2.11506717,      0.4206314493
          0,           0,         233,      -5.060358071,      -2.121532137,      -2.131415138,      -2.126194479,      0.4145045575
          0,           0,         234,      -5.065382653,      -2.136080807,       -2.14166312,      -2.136688691,      0.4097954119
          0,           0,         235,      -5.069191454,      -2.149972826,      -2.150810863,      -2.146381069,      0.4063940302
          0,           0,         236,      -5.071940203,       -2.16289261,      -2.158749448,      -2.155129226,      0.4041267526
          0,           0,         237,      -5.073820666,      -2.174572754,      -2.165430659,      -2.162829479,      0.4027794033
          0,           0,         238,      -5.075052687,      -2.184821917,      -2.170875336,      -2.169428886,      0.4021087992
          0,           0,         239,      -5.075881444,      -2.193546785,      -2.175175868,        -2.1749337,      0.4018480649
          0,           0,         240,      -5.076567002,      -2.200762461,      -2.178487396,      -2.179411469,      0.4017185011
          0,           0,         241,      -5.077370374,      -2.206590299,       -2.18101405,      -2.182985622,      0.4014439362
          0,           0,         242,      -5.078537592,      -2.211241095,      -2.182991404,      -2.185825032,      0.4007663407
          0,           0,         243,      -5.080288398,      -2.214991754,      -2.184667887,      -2.188130157,      0.3994569187
          0,           0,         244,      -5.082809788,      -2.218158932,      -2.186289455,       -2.19011773,      0.3973217297
          0,           0,         245,      -5.086253903,      -2.221073739,      -2.188087114,      -2.192006579,      0.3942037113
          0,           0,         246,      -5.090737247,      -2.224059458,      -2.190267801,      -2.194005156,      0.3899832591
          0,           0,         247,      -5.096341468,      -2.227417035,      -2.193008959,       -2.19630272,      0.3845768059
          0,           0,         248,      -5.103113833,      -2.231414321,      -2.196454783,      -2.199063324,       0.377935693
          0,           0,         249,      -5.111069789,      -2.236281959,       -2.20071588,      -2.202421678,      0.3700437977
          0,           0,         250,      -5.120192316,       -2.24221202,      -2.205868351,      -2.206481334,      0.3609179206
          0,           0,         251,      -5.130435601,      -2.249362044,      -2.211954818,      -2.211314918,      0.3506039676
          0,           0,         252,      -5.141716941,      -2.257856246,      -2.218984827,      -2.216962918,       0.339184916
          0,           0,         253,      -5.153917023,      -2.267789257,      -2.226934474,      -2.223436268,       0.326780729
          0,           0,         254,      -5.166878324,      -2.279228876,      -2.235747713,       -2.23071687,        0.31355072
          0,           0,         255,      -5.180397084,      -2.292218844,      -2.245336141,      -2.238758898,      0.2997017808
          0,           0,         256,      -5.194216176,      -2.306773599,      -2.255579088,      -2.247491287,      0.2854965306
          0,           0,         257,      -5.208025952,      -2.322873684,      -2.266324387,      -2.256820632,      0.2712544137
          0,           0,         258,      -5.221474215,      -2.340450794,      -2.277392073,      -2.266633787,      0.2573426162
          0,           0,         259,      -5.234197815,      -2.359367705,      -2.288580388,      -2.276802941,       0.244145394
          0,           0,         260,      -5.245858524,      -2.379387612,      -2.299671291,      -2.287186619,      0.2320277362
          0,           0,         261,      -5.256172125,      -2.400141125,      -2.310432764,      -2.297624985,      0.2213034364
          0,           0,         262,      -5.264929671,       -2.42110195,      -2.320618884,      -2.307931905,      0.2122090047
          0,           0,         263,      -5.272010339,      -2.441589524,      -2.329976686,       -2.31789276,      0.2048854326
          0,           0,         264,      -5.277383161,      -2.460803716,      -2.338263398,      -2.327273994,       0.199373134
          0,           0,         265,      -5.281099527,      -2.477893132,       -2.34527375,      -2.335844354,      0.1956187403
          0,           0,         266,      -5.283281417,      -2.492057054,      -2.350870588,      -2.343402347,      0.1934892501
          0,           0,         267,      -5.284113598,      -2.502664751,      -2.355010007,      -2.349803285,      0.1927835018
          0,           0,         268,      -5.283838063,      -2.509368499,      -2.357749771,      -2.354978714,      0.1932410356
          0,           0,         269,      -5.282742007,      -2.512170293,      -2.359243859,      -2.358945328,      0.1945564149
          0,           0,         270,      -5.281139134,      -2.511416521,      -2.359722959,      -2.361801578,      0.1963990793
          0,           0,         271,       -5.27935118,      -2.507727622,      -2.359467935,      -2.363714502,      0.1984334185
          0,           0,         272,      -5.277692183,      -2.501885045,      -2.358783707,      -2.364900943,      0.2003346737
          0,           0,         273,      -5.276454313,      -2.494715536,      -2.357973296,      -2.365604236,      0.2018029017
          0,           0,         274,      -5.275899793,      -2.487003467,      -2.357320644,      -2.366074771,      0.2025709567
          0,           0,         275,      -5.276254129,      -2.479435659,       -2.35707809,      -2.366554633,      0.2024103382
          0,           0,         276,      -5.277703355,      -2.472578829,      -2.357460237,       -2.36726535,      0.2011331113
          0,           0,         277,      -5.280395901,      -2.466880566,      -2.358641807,      -2.368401535,      0.1985894248
          0,           0,         278,      -5.284444181,      -2.462680303,      -2.360759099,      -2.370127335,      0.1946652242
          0,           0,         279,      -5.289929973,       -2.46022985,      -2.363911701,      -2.372575177,      0.1892769361
          0,           0,         280,      -5.296907116,       -2.45971134,      -2.368165213,      -2.375846282,      0.1823683935
          0,           0,         281,      -5.305402571,      -2.461253324,      -2.373554789,      -2.380011905,      0.1739096918
          0,           0,         282,      -5.315417511,      -2.464944491,      -2.380086869,      -2.385115103,       0.163896049
          0,           0,         283,      -5.326927803,      -2.470844149,      -2.387740909,      -2.391172644,      0.1523475035
          0,           0,         284,      -5.339881972,      -2.478989434,      -2.396471038,      -2.398176811,      0.1393109113
          0,           0,         285,      -5.354197593,      -2.489400104,      -2.406207255,      -2.406098209,      0.1248636749
          0,           0,         286,      -5.369754862,       -2.50207931,      -2.416857469,      -2.414889403,      0.1091206364
          0,           0,         287,      -5.386381681,      -2.517009628,      -2.428309315,      -2.424488936,     0.09224903221
          0,           0,         288,      -5.403830191,      -2.534142006,         -2.440432,      -2.434824662,     0.07449237213
          0,           0,         289,      -5.421760871,      -2.553377301,        -2.4530781,      -2.445815515,     0.05618978558
          0,           0,         290,      -5.439748365,      -2.574536165,      -2.466085367,      -2.457372295,     0.03777335533
          0,           0,         291,      -5.457316414,      -2.597315685,      -2.479278403,      -2.469396647,     0.01973590989
          0,           0,         292,       -5.47397531,      -2.621239008,      -2.492464836,      -2.481772588,    0.002594242393
          0,           0,         293,      -5.489256282,      -2.645611722,      -2.505428024,      -2.494351876,    -0.01314717828
          0,           0,         294,      -5.502751363,      -2.669508442,        -2.5179251,      -2.506942417,    -0.02704047674
          0,           0,         295,      -5.514158521,      -2.691809886,      -2.529698062,      -2.519309604,    -0.03874589575
          0,           0,         296,      -5.523318716,      -2.711308708,      -2.540498472,      -2.531193572,     -0.0480758391
          0,           0,         297,      -5.530229588,      -2.726883864,      -2.550119654,      -2.542338119,    -0.05501402948
          0,           0,         298,      -5.535031428,      -2.737713098,      -2.558426737,      -2.552522643,    -0.05970360449
          0,           0,         299,      -5.537977317,      -2.743456718,      -2.565375453,      -2.561588399,    -0.06241481787
          0,           0,         300,      -5.539397841,       -2.74432612,      -2.571014859,      -2.569455295,    -0.06350533403
          0,           0,         301,       -5.53967559,      -2.741008681,       -2.57548084,      -2.576129046,     -0.0633886991
          0,           0,         302,      -5.539223616,      -2.734495178,      -2.578984937,      -2.581700033,     -0.0625079741
          0,           0,         303,      -5.538460635,      -2.725884691,      -2.581788808,      -2.586330064,    -0.06130764826
          0,           0,         304,      -5.537782152,      -2.716223921,      -2.584176188,      -2.590229855,     -0.0602036577
          0,           0,         305,      -5.537537579,      -2.706414442,      -2.586428856,      -2.593635436,    -0.05956044238
          0,           0,         306,      -5.538018265,      -2.697179451,      -2.588809321,      -2.596787135,    -0.05967958558
          0,           0,         307,       -5.53945455,      -2.689069356,      -2.591549911,      -2.599913821,    -0.06079790381
          0,           0,         308,      -5.542017645,      -2.682485561,      -2.594846161,      -2.603222399,     -0.0630903642
          0,           0,         309,      -5.545825054,      -2.677709673,      -2.598855321,      -2.606891582,    -0.06667663542
          0,           0,         310,       -5.55094689,      -2.674931163,      -2.603696281,      -2.611068444,    -0.07162819234
          0,           0,         311,      -5.557410534,      -2.674270702,      -2.609450598,      -2.615867128,     -0.0779734538
          0,           0,         312,      -5.565202956,      -2.675798091,      -2.616163682,      -2.621368773,    -0.08570049542
          0,           0,         313,      -5.574271819,      -2.679545547,      -2.623845841,      -2.627621741,    -0.09475824179
          0,           0,         314,      -5.584524065,      -2.685516678,      -2.632472988,      -2.634642027,     -0.1050549571
          0,           0,         315,      -5.595822787,      -2.693691798,      -2.641986309,      -2.642414364,      -0.116454842
          0,           0,         316,        -5.6079828,      -2.704029678,      -2.652292036,      -2.650893675,     -0.1287732113
          0,           0,         317,      -5.620767578,      -2.716464095,      -2.663263558,      -2.660007626,     -0.1417723414
          0,           0,         318,      -5.633887033,      -2.730896907,      -2.674743045,      -2.669660487,     -0.1551587465
          0,           0,         319,      -5.647004572,       -2.74718403,      -2.686545806,      -2.679738718,     -0.1685888413
          0,           0,         320,      -5.659752582,      -2.765111346,      -2.698466639,      -2.690117497,     -0.1816832308
          0,           0,         321,      -5.671759189,      -2.784363467,      -2.710286632,      -2.700664954,       -0.19405278
          0,           0,         322,       -5.68268278,      -2.804488419,      -2.721779777,      -2.711241987,     -0.2053336385
          0,           0,         323,      -5.692247701,      -2.824870758,      -2.732715998,      -2.721697551,     -0.2152249821
          0,           0,         324,      -5.700268228,       -2.84472723,      -2.742867507,      -2.731862056,     -0.2235175519
          0,           0,         325,      -5.706659437,      -2.863144174,       -2.75201696,      -2.741546591,     -0.2301086789
          0,           0,         326,      -5.711430651,      -2.879164253,      -2.759975173,      -2.750552073,     -0.2349984604
          0,           0,         327,      -5.714669653,      -2.891918479,      -2.766605359,      -2.758689534,      -0.238274429
          0,           0,         328,      -5.716528489,      -2.900775424,       -2.77184624,      -2.765805162,     -0.2400955226
          0,           0,         329,      -5.717216685,      -2.905463778,      -2.775729039,      -2.771806035,     -0.2406828753
          0,           0,         330,      -5.716993955,      -2.906124318,      -2.778378539,       -2.77667661,     -0.2403101852
          0,           0,         331,      -5.716157894,      -2.903267741,       -2.78000027,      -2.780482606,     -0.2392897096
          0,           0,         332,      -5.715024463,      -2.897658396,      -2.780856545,       -2.78336237,     -0.2379517633
          0,           0,         333,       -5.71390701,      -2.890169323,      -2.781238679,      -2.785508991,     -0.2366225929
          0,           0,         334,      -5.713099317,      -2.881659776,      -2.781442074,      -2.787148671,     -0.2356066683
          0,           0,         335,      -5.712866656,      -2.872898748,      -2.781748262,      -2.788521302,     -0.2351777638
          0,           0,         336,      -5.713439181,      -2.864532395,      -2.782411616,      -2.789864217,     -0.2355726546
          0,           0,         337,      -5.715004455,      -2.857075242,      -2.783650293,      -2.791397945,     -0.2369839833
          0,           0,         338,      -5.717705818,      -2.850919231,      -2.785642403,      -2.793317248,     -0.2395590877
          0,           0,         339,      -5.721643232,       -2.84635102,        -2.7885257,      -2.795786375,     -0.2434012795
          0,           0,         340,      -5.726875754,      -2.843571975,      -2.792399575,      -2.798936686,     -0.2485726365
          0,           0,         341,      -5.733424388,      -2.842716392,      -2.797327186,      -2.802867498,     -0.2550969132
          0,           0,         342,      -5.741273565,       -2.84386755,      -2.803337825,      -2.807646037,     -0.2629610154
          0,           0,         343,      -5.750371839,      -2.847069782,       -2.81042868,      -2.813309022,     -0.2721156185
          0,           0,         344,      -5.760629555,       -2.85233768,      -2.818565805,      -2.819863674,     -0.2824725919
          0,           0,         345,      -5.771914758,      -2.859661343,      -2.827684697,      -2.827288833,     -0.2939005756
          0,           0,         346,      -5.784049305,      -2.869009196,      -2.837690645,      -2.835536747,     -0.3062205262
          0,           0,         347,      -5.796802124,      -2.880327838,      -2.848459075,      -2.844535008,     -0.3191981637
          0,           0,         348,      -5.809884796,      -2.893536887,      -2.859836936,      -2.854189172,     -0.3325386531
          0,           0,         349,      -5.822954051,      -2.908519319,      -2.871644966,      -2.864386008,     -0.3458879403
          0,           0,         350,      -5.835629123,      -2.925106659,      -2.883681039,      -2.874996153,     -0.3588488575
          0,           0,         351,       -5.84752959,       -2.94305849,      -2.895725195,      -2.885875628,     -0.3710184427
          0,           0,         352,      -5.858321841,      -2.962040561,      -2.907545715,      -2.896866411,     -0.3820360157
          0,           0,         353,      -5.867751525,      -2.981603008,      -2.918904515,      -2.907796175,     -0.3916201301
          0,           0,         354,      -5.875656828,      -3.001169081,      -2.929563392,      -2.918477259,     -0.3995874648
          0,           0,         355,      -5.881970297,      -3.020049736,       -2.93929426,      -2.928708525,       -0.40585846
          0,           0,         356,      -5.886712487,      -3.037489028,      -2.947895804,      -2.938283814,      -0.410452531
          0,           0,         357,      -5.889976857,      -3.052739843,      -2.955214935,       -2.94700866,     -0.4134720335
          0,           0,         358,      -5.891912131,      -3.065160037,      -2.961168152,      -2.954721978,     -0.4150824835
          0,           0,         359,      -5.892717948,      -3.074312528,       -2.96575778,      -2.961317591,     -0.4155040789
          0,           0,         360,       -5.89264128,      -3.080040523,      -2.969076197,      -2.966759951,     -0.4150049637
          0,           0,         361,      -5.891968045,      -3.082492346,      -2.971296648,      -2.971090407,     -0.4138908182
          0,           0,         362,      -5.891007686,      -3.082087299,      -2.972654181,      -2.974422884,     -0.4124883206
          0,           0,         363,      -5.890074032,      -3.079436618,      -2.973421712,      -2.976930525,     -0.4111254892
          0,           0,         364,      -5.889465655,      -3.075246924,      -2.973885643,      -2.978826536,      -0.410111965
          0,           0,         365,      -5.889448604,      -3.070231658,       -2.97432446,      -2.980343242,     -0.4097218993
          0,           0,         366,      -5.890245531,      -3.065046213,       -2.97499325,      -2.981713192,     -0.4101835852
          0,           0,         367,      -5.892037672,      -3.060255869,      -2.976114549,      -2.983156683,     -0.4116816969
          0,           0,         368,      -5.894968382,      -3.056328702,      -2.977876556,      -2.984873522,     -0.4143616595
          0,           0,         369,      -5.899143936,      -3.053637798,      -2.980430503,      -2.987037319,     -0.4183310713
          0,           0,         370,       -5.90463372,      -3.052470127,      -2.983890428,      -2.989791745,     -0.4236605342
          0,           0,         371,      -5.911471354,      -3.053039144,      -2.988334333,      -2.993249005,     -0.4303852838
          0,           0,         372,      -5.919655782,      -3.055498607,      -2.993805915,      -2.997489633,     -0.4385063681
          0,           0,         373,       -5.92915091,      -3.059954953,       -3.00031596,      -3.002562963,      -0.447990493
          0,           0,         374,      -5.939884019,      -3.066478551,       -3.00784345,        -3.0084882,     -0.4587684171
          0,           0,         375,      -5.951743265,      -3.075111083,      -3.016335597,      -3.015255856,     -0.4707320943
          0,           0,         376,      -5.964573268,      -3.085870627,      -3.025709349,      -3.022829648,     -0.4837299885
          0,           0,         377,      -5.978170498,      -3.098753188,      -3.035852916,      -3.031149879,       -0.49756187
          0,           0,         378,      -5.992279285,      -3.113728294,      -3.046628087,      -3.040138091,     -0.5119739355
          0,           0,         379,      -6.006590906,      -3.130726266,      -3.057874132,      -3.049702488,     -0.5266564578
          0,           0,         380,      -6.020748783,      -3.149615093,      -3.069412191,       -3.05974231,     -0.5412468853
          0,           0,         381,      -6.034365055,      -3.170165424,      -3.081048975,      -3.070148035,     -0.5553439581
          0,           0,         382,      -6.047051804,      -3.192008603,      -3.092577638,      -3.080796047,     -0.5685374783
          0,           0,         383,      -6.058460324,      -3.214593521,      -3.103776105,      -3.091539233,     -0.5804488864
          0,           0,         384,      -6.068314699,      -3.237162631,      -3.114406097,      -3.102198015,     -0.5907691536
          0,           0,         385,      -6.076435613,      -3.258764402,      -3.124221169,      -3.112559312,     -0.5992882704
          0,           0,         386,      -6.082751429,      -3.278319092,       -3.13298765,      -3.122388383,     -0.6059112919
          0,           0,         387,      -6.087294447,      -3.294743034,      -3.140513081,      -3.131453121,     -0.6106577232
          0,           0,         388,      -6.090186171,        -3.3071191,      -3.146675889,       -3.13955249,      -0.613647309
          0,           0,         389,      -6.091621431,      -3.314875061,      -3.151446573,      -3.146543207,     -0.6150823898
          0,           0,         390,      -6.091858621,      -3.317907594,       -3.15489494,       -3.15235893,     -0.6152352648
          0,           0,         391,      -6.091209028,      -3.316597511,      -3.157182393,      -3.157018677,     -0.6144347135
          0,           0,         392,      -6.090019438,      -3.311710102,      -3.158542151,      -3.160623283,     -0.6130462272
          0,           0,         393,      -6.088648146,      -3.304226637,      -3.159252273,      -3.163340678,     -0.6114461332
          0,           0,         394,      -6.087436635,      -3.295169573,      -3.159606504,      -3.165383298,     -0.6099919559
          0,           0,         395,      -6.086689652,      -3.285474595,      -3.159891103,      -3.166985143,     -0.6090017081
          0,           0,         396,      -6.086673047,       -3.27593305,      -3.160372026,      -3.168385417,     -0.6087515727
          0,           0,         397,      -6.087612984,      -3.267179768,      -3.161285914,      -3.169815419,     -0.6094754751
          0,           0,         398,      -6.089691046,      -3.259700093,      -3.162832983,      -3.171486827,     -0.6113608447
          0,           0,         399,      -6.093044057,      -3.253849473,      -3.165174547,      -3.173584256,     -0.6145491361
          0,           0,         400,      -6.097767315,       -3.24987816,      -3.168433682,      -3.176261541,     -0.6191396561
          0,           0,         401,      -6.103918383,      -3.247955927,      -3.172697316,      -3.179641039,     -0.6251936331
          0,           0,         402,      -6.111520174,      -3.248192078,      -3.178018511,      -3.183813554,     -0.6327375484
          0,           0,         403,      -6.120562542,      -3.250651961,      -3.184418477,      -3.188839231,     -0.6417648247
          0,           0,         404,      -6.131002217,      -3.255369099,      -3.191888048,      -3.194748783,     -0.6522357309
          0,           0,         405,      -6.142760716,      -3.262353524,      -3.200388585,      -3.201544875,     -0.6640751327
          0,           0,         406,       -6.15572033,      -3.271596609,      -3.209852724,      -3.209203904,     -0.6771681706
          0,           0,         407,      -6.169718202,      -3.283072176,       -3.22018531,      -3.217678526,     -0.6913538626
          0,           0,         408,      -6.184538704,      -3.296733197,      -3.231265108,      -3.226901243,     -0.7064167801
          0,           0,         409,      -6.199904561,      -3.312502321,      -3.242947185,      -3.236788841,     -0.7220770981
          0,           0,         410,      -6.215468291,      -3.330253516,       -3.25506549,      -3.247245832,     -0.7379805851
          0,           0,         411,      -6.230816854,      -3.349785628,      -3.267435275,      -3.258165088,     -0.7537008515
          0,           0,         412,      -6.245505142,      -3.370788189,      -3.279855493,      -3.269425788,     -0.7687706682
          0,           0,         413,      -6.259105588,      -3.392801285,      -3.292110191,      -3.280889679,     -0.7827324815
          0,           0,         414,      -6.271250935,       -3.41518248,      -3.303968553,      -3.292394326,     -0.7951851985
          0,           0,         415,      -6.281662337,      -3.437097542,      -3.315188199,       -3.30374785,     -0.8058183498
          0,           0,         416,       -6.29017053,       -3.45755589,      -3.325526786,      -3.314730666,     -0.8144390563
          0,           0,         417,      -6.296726388,      -3.475502175,      -3.334763768,       -3.32510928,       -0.82098667
          0,           0,         418,      -6.301395311,      -3.489960391,      -3.342728133,      -3.334660199,     -0.8255284581
          0,           0,         419,      -6.304338778,      -3.500205372,       -3.34932447,      -3.343197562,      -0.828239456
          0,           0,         420,      -6.305794856,      -3.505911019,       -3.35455014,      -3.350597921,     -0.8293791906
          0,           0,         421,        -6.3060646,      -3.507217937,      -3.358498896,      -3.356817015,     -0.8292737021
          0,           0,         422,      -6.305496442,      -3.504688739,      -3.361348988,      -3.361895219,     -0.8282963902
          0,           0,         423,      -6.304460424,      -3.499170104,       -3.36333996,      -3.365949527,     -0.8268396939
          0,           0,         424,       -6.30331956,      -3.491622175,      -3.364746025,      -3.369156649,     -0.8252850028
          0,           0,         425,      -6.302413395,      -3.482983164,      -3.365854702,      -3.371734241,     -0.8239857604
          0,           0,         426,      -6.302047779,      -3.474089317,      -3.366947933,      -3.373921513,     -0.8232575308
          0,           0,         427,      -6.302482965,      -3.465635567,      -3.368284918,      -3.375959457,     -0.8233668899
          0,           0,         428,      -6.303927439,      -3.458168297,      -3.370091412,      -3.378075314,     -0.8245262594
          0,           0,         429,      -6.306538389,      -3.452098258,       -3.37255492,      -3.380472537,     -0.8268952412
          0,           0,         430,      -6.310425256,      -3.447722168,      -3.375823594,      -3.383325154,      -0.830584901
          0,           0,         431,      -6.315653985,      -3.445245978,       -3.38000718,      -3.386775172,     -0.8356625919
          0,           0,         432,      -6.322250527,      -3.444805955,      -3.385178775,      -3.390931788,     -0.8421558525
          0,           0,         433,      -6.330202948,      -3.446485951,      -3.391376625,      -3.395871593,     -0.8500546989
          0,           0,         434,      -6.339461764,      -3.450331342,      -3.398605541,      -3.401639296,     -0.8593119548
          0,           0,         435,       -6.34993838,      -3.456358096,      -3.406837721,      -3.408248692,      -0.869841587
          0,           0,         436,      -6.361501341,      -3.464558311,      -3.416013323,      -3.415683916,     -0.8815146187
          0,           0,         437,      -6.373971901,      -3.474903495,      -3.426040757,      -3.423901139,      -0.894154202
          0,           0,         438,      -6.387119229,      -3.487342845,       -3.43679774,      -3.432831278,      -0.907530155
          0,           0,         439,       -6.40065816,      -3.501796726,      -3.448133449,      -3.442383908,     -0.9213556581
          0,           0,         440,      -6.414252696,      -3.518143086,      -3.459872094,      -3.452452218,     -0.9352893813
          0,           0,         441,      -6.427528661,      -3.536195259,      -3.471818099,      -3.462917796,     -0.9489464992
          0,           0,         442,      -6.440097625,      -3.555671701,      -3.483761014,      -3.473652745,      -0.961921205
          0,           0,         443,         -6.451593,       -3.57616235,      -3.495479128,      -3.484517038,     -0.9738226328
          0,           0,         444,      -6.461710567,      -3.597099895,      -3.506742005,      -3.495352075,       -0.98431783
          0,           0,         445,      -6.470239998,      -3.617750698,      -3.517313231,      -3.505975544,      -0.993168151
          0,           0,         446,      -6.477077936,      -3.637240422,      -3.526960349,      -3.516182539,      -1.000247639
          0,           0,         447,      -6.482222796,       -3.65462632,      -3.535474108,      -3.525756537,      -1.005541491
          0,           0,         448,      -6.485758647,      -3.669013632,      -3.542694082,      -3.534489977,      -1.009131005
          0,           0,         449,      -6.487839396,      -3.679697965,      -3.548533978,      -3.542210214,      -1.011176265
          0,           0,         450,       -6.48867955,      -3.686297161,       -3.55299895,      -3.548804061,       -1.01190409
          0,           0,         451,      -6.488547738,      -3.688826859,       -3.55618939,      -3.554234968,       -1.01159878
          0,           0,         452,      -6.487754932,      -3.687688477,      -3.558290298,       -3.55854902,       -1.01058826
          0,           0,         453,      -6.486634751,      -3.683575436,      -3.559549426,      -3.561868562,      -1.009222885
          0,           0,         454,      -6.485518077,      -3.677334646,      -3.560249446,      -3.564375264,      -1.007848928
          0,           0,         455,      -6.484711043,      -3.669833019,      -3.560681778,      -3.566288311,      -1.006785721
          0,           0,         456,      -6.484487422,      -3.661868538,      -3.561128315,      -3.567845044,      -1.006317575
          0,           0,         457,      -6.485085826,      -3.654127403,      -3.561848346,      -3.569284687,      -1.006691118
          0,           0,         458,      -6.486703341,      -3.647168081,       -3.56306822,      -3.570833759,      -1.008109427
          0,           0,         459,      -6.489492451,        -3.6414242,      -3.564975977,      -3.572695566,      -1.010729574
          0,           0,         460,      -6.493562425,      -3.637219221,      -3.567720189,      -3.575044245,      -1.014664545
          0,           0,         461,      -6.498982433,      -3.634785591,       -3.57141108,      -3.578022106,      -1.019986736
          0,           0,         462,       -6.50578458,      -3.634283851,      -3.576122588,      -3.581738969,      -1.026731268
          0,           0,         463,      -6.513965906,      -3.635819434,       -3.58189445,      -3.586272582,      -1.034898125
          0,           0,         464,      -6.523488824,      -3.639456212,      -3.588733868,      -3.591669528,        -1.0444526
          0,           0,         465,      -6.534279698,      -3.645226528,      -3.596616544,      -3.597946325,      -1.055323757
          0,           0,         466,      -6.546225524,      -3.653138251,      -3.605487468,      -3.605090843,      -1.067400807
          0,           0,         467,      -6.559168885,      -3.663178486,      -3.615261353,      -3.613064149,      -1.080527604
          0,           0,         468,      -6.572901403,      -3.675312998,       -3.62582343,      -3.621803051,       -1.09449547
          0,           0,         469,      -6.587156596,      -3.689481275,      -3.637031276,      -3.631223755,      -1.109035075
          0,           0,         470,      -6.601604653,      -3.705584677,      -3.648717379,      -3.641225892,      -1.123809906
          0,           0,         471,      -6.615856779,      -3.723466984,      -3.660692284,      -3.651695284,      -1.138418781
          0,           0,         472,      -6.629492971,       -3.74288798,      -3.672748476,      -3.662504364,      -1.152421692
          0,           0,         473,      -6.642111785,      -3.763491526,      -3.684664541,       -3.67351072,      -1.165389494
          0,           0,         474,      -6.653375196,      -3.784772963,      -3.696207933,      -3.684553816,      -1.176952321
          0,           0,         475,      -6.663034105,      -3.806059688,      -3.707137995,      -3.695450605,      -1.186830975
          0,           0,         476,      -6.670941727,      -3.826522947,      -3.717214406,      -3.705994635,      -1.194856009
          0,           0,         477,      -6.677057118,      -3.845233102,        -3.7262144,      -3.715964381,       -1.20097514
          0,           0,         478,      -6.681436095,       -3.86126028,      -3.733957321,      -3.725142153,      -1.205245338
          0,           0,         479,      -6.684214408,      -3.873809042,      -3.740330674,      -3.733339343,       -1.20781432
          0,           0,         480,      -6.685593182,       -3.88235888,      -3.745310068,       -3.74042143,        -1.2089024
          0,           0,         481,      -6.685831084,      -3.886766204,      -3.748966897,      -3.746327092,      -1.208790693
          0,           0,         482,      -6.685235934,      -3.887288163,      -3.751461568,      -3.751077419,       -1.20780954
          0,           0,         483,      -6.684148488,      -3.884518765,      -3.753024723,      -3.754773349,      -1.206320219
          0,           0,         484,      -6.682918422,      -3.879264376,      -3.753931222,      -3.757581955,      -1.204689812
          0,           0,         485,      -6.681876885,      -3.872403272,      -3.754472265,      -3.759714909,      -1.203263308
          0,           0,         486,      -6.681318049,      -3.864773367,      -3.754933001,      -3.761406206,      -1.202345087
          0,           0,         487,      -6.681496465,      -3.857111829,      -3.755578979,      -3.762895166,      -1.202196605
          0,           0,         488,      -6.682626167,      -3.850032139,      -3.756646486,      -3.764412763,      -1.203036208
          0,           0,         489,      -6.684876847,      -3.844020392,      -3.758335498,      -3.766170027,      -1.205036217
          0,           0,         490,      -6.688373719,      -3.839445767,      -3.760807071,      -3.768350675,      -1.208323633
          0,           0,         491,      -6.693200194,      -3.836578293,       -3.76418373,      -3.771107441,      -1.212983419
          0,           0,         492,      -6.699400974,      -3.835608324,      -3.768551221,      -3.774560832,      -1.219062004
          0,           0,         493,      -6.706984322,      -3.836664546,       -3.77396057,      -3.778799208,      -1.226569798
          0,           0,         494,      -6.715922936,      -3.839829023,      -3.780429858,      -3.783879499,      -1.235482134
          0,           0,         495,       -6.72615309,      -3.845148849,      -3.787945455,       -3.78982823,       -1.24573836
          0,           0,         496,      -6.737571995,      -3.852644432,      -3.796462784,      -3.796642804,      -1.257238994
          0,           0,         497,      -6.750033525,      -3.862314489,      -3.805906888,      -3.804293217,      -1.269841114
          0,           0,         498,      -6.763343023,      -3.874137416,      -3.816173316,      -3.812724592,      -1.283352619
          0,           0,         499,      -6.777252646,      -3.888067858,      -3.827129945,      -3.821860875,       -1.29752675
          0,           0,         500,      -6.791459598,      -3.904026673,      -3.838620021,      -3.831609634,      -1.312059093
          0,           0,         501,      -6.805610191,      -3.921881987,      -3.850466243,      -3.841866859,       -1.32658993
          0,           0,         502,      -6.819313861,      -3.941420455,      -3.862474813,       -3.85251929,      -1.340716174
          0,           0,         503,      -6.832172263,      -3.962310942,      -3.874438023,      -3.863441887,      -1.354018901
          0,           0,         504,      -6.843820952,      -3.984066741,      -3.886134507,      -3.874490794,      -1.366105754
          0,           0,         505,      -6.853968776,      -4.006018283,      -3.897329037,      -3.885495453,      -1.376654174
          0,           0,         506,      -6.862423502,      -4.027314562,      -3.907777706,      -3.896255234,      -1.385442599
          0,           0,         507,      -6.869101737,      -4.046970202,       -3.91724341,      -3.906545828,      -1.392365533
          0,           0,         508,      -6.874023691,      -4.063965176,      -3.925520842,      -3.916137196,      -1.397431498
          0,           0,         509,      -6.877297612,      -4.077390009,      -3.932465016,      -3.924819507,      -1.400747981
          0,           0,         510,      -6.879103764,      -4.086608231,      -3.938015318,      -3.932430419,      -1.402503521
          0,           0,         511,      -6.879684881,      -4.091386245,      -3.942208124,      -3.938877455,      -1.402955147
          0,           0,         512,      -6.879337934,        -4.0919391,      -3.945174876,      -3.944151008,      -1.402417289
          0,           0,         513,      -6.878398627,      -4.088871503,      -3.947125794,      -3.948325216,      -1.401244065
          0,           0,         514,      -6.877216675,      -4.083039945,       -3.94832419,      -3.951546313,      -1.399802913
          0,           0,         515,      -6.876127685,       -4.07538997,      -3.949057616,      -3.954012005,       -1.39844526
          0,           0,         516,      -6.875437213,      -4.066827742,      -3.949615216,      -3.955950235,      -1.397489749
          0,           0,         517,      -6.875417758,       -4.05815091,      -3.950272399,      -3.957601741,      -1.397219025
          0,           0,         518,      -6.876302522,      -4.050019789,       -3.95127813,      -3.959203682,      -1.397873822
          0,           0,         519,      -6.878279207,      -4.042952711,      -3.952845618,      -3.960975919,      -1.399647447
          0,           0,         520,      -6.881489706,      -4.037339311,      -3.955149004,      -3.963112425,      -1.402686122
          0,           0,         521,       -6.88603306,      -4.033461443,      -3.958323309,      -3.965776798,      -1.407092456
          0,           0,         522,      -6.891969105,       -4.03151543,      -3.962466049,        -3.9691005,      -1.412929503
          0,           0,         523,      -6.899321521,      -4.031632217,      -3.967639352,      -3.973182665,      -1.420224066
          0,           0,         524,      -6.908079544,      -4.033893965,      -3.973871922,      -3.978090713,      -1.428968525
          0,           0,         525,      -6.918197947,      -4.038346744,      -3.981160501,      -3.983861326,      -1.439120794
          0,           0,         526,      -6.929595071,      -4.045009618,      -3.989470751,       -3.99050167,        -1.4506022
          0,           0,         527,      -6.942148916,      -4.053880229,      -3.998737845,      -3.997990944,      -1.463293267
          0,           0,         528,      -6.955691495,      -4.064936855,      -4.008867196,      -4.006282612,      -1.477027576
          0,           0,         529,      -6.970002098,      -4.078136155,      -4.019735862,      -4.015307687,      -1.491584303
          0,           0,         530,      -6.984800404,      -4.093404944,      -4.031194975,      -4.024979121,      -1.506680284
          0,           0,         531,      -6.999741538,      -4.110624032,      -4.043072944,      -4.035196177,      -1.521963616
          0,           0,         532,      -7.014421378,      -4.129603319,      -4.055178747,      -4.045846534,      -1.537016947
          0,           0,         533,      -7.028406791,      -4.150049451,      -4.067305201,      -4.056805011,      -1.551385749
          0,           0,         534,      -7.041286886,      -4.171528816,       -4.07923161,      -4.067929944,      -1.564629918
          0,           0,         535,      -7.052717287,      -4.193434379,       -4.09072505,      -4.079057989,      -1.576372153
          0,           0,         536,      -7.062446471,      -4.214974474,       -4.10154386,      -4.089999393,      -1.586330413
          0,           0,         537,      -7.070331228,      -4.235202979,      -4.111448915,      -4.100539436,      -1.594339084
          0,           0,         538,      -7.076341208,      -4.253101882,      -4.120224513,         -4.110451,      -1.600357261
          0,           0,         539,      -7.080549689,      -4.267713949,       -4.12770533,      -4.119517318,      -1.604460419
          0,           0,         540,       -7.08311578,      -4.278303561,      -4.133802115,      -4.127559065,      -1.606820676
          0,           0,         541,      -7.084268301,      -4.284501799,      -4.138518646,       -4.13445891,      -1.607686945
          0,           0,         542,       -7.08429539,       -4.28638186,      -4.141955036,      -4.140178314,      -1.607370529
          0,           0,         543,      -7.083532131,       -4.28443227,      -4.144296464,      -4.144763157,      -1.606229548
          0,           0,         544,      -7.082338425,      -4.279439593,      -4.145790302,      -4.148336595,      -1.604644714
          0,           0,         545,      -7.081069484,      -4.272328496,      -4.146717672,      -4.151081075,      -1.602988624
          0,           0,         546,      -7.080053854,      -4.264020048,      -4.147368818,      -4.153216888,      -1.601603234
          0,           0,         547,      -7.079585988,      -4.255345953,      -4.148025884,      -4.154983423,      -1.600792542
          0,           0,         548,      -7.079919817,      -4.247008166,      -4.148948421,      -4.156621727,       -1.60081679
          0,           0,         549,      -7.081261648,      -4.239566694,        -4.1503625,      -4.158359211,      -1.601886272
          0,           0,         550,      -7.083768917,      -4.233448119,      -4.152455719,      -4.160399482,      -1.604161004
          0,           0,         551,       -7.08755288,      -4.228964582,      -4.155376215,       -4.16291668,      -1.607754101
          0,           0,         552,      -7.092682407,      -4.226335794,      -4.159233821,      -4.166052971,      -1.612736105
          0,           0,         553,      -7.099187336,      -4.225709807,      -4.164102063,      -4.169917932,      -1.619138695
          0,           0,         554,      -7.107060586,      -4.227180618,      -4.170020173,      -4.174588926,      -1.626956971
          0,           0,         555,      -7.116258552,      -4.230801951,      -4.176994676,      -4.180111957,      -1.636149867
          0,           0,         556,      -7.126699627,      -4.236597317,      -4.185000383,      -4.186502739,      -1.646638544
          0,           0,         557,      -7.138260911,      -4.244566598,      -4.193980958,      -4.193747995,      -1.658302826
          0,           0,         558,      -7.150773524,      -4.254689292,      -4.203849372,      -4.201807223,      -1.670976064
          0,           0,         559,      -7.164017612,      -4.266923935,      -4.214488835,      -4.210615305,       -1.68443948
          0,           0,         560,       -7.17771909,      -4.281202523,      -4.225754783,      -4.220086301,      -1.698417927
          0,           0,         561,      -7.191551075,      -4.297418105,      -4.237478203,      -4.230118223,      -1.712579992
          0,           0,         562,      -7.205143304,      -4.315403804,      -4.249469997,      -4.240597483,      -1.726545739
          0,           0,         563,      -7.218103313,      -4.334903515,      -4.261525287,      -4.251400524,      -1.739906252
          0,           0,         564,      -7.230052056,      -4.355537953,      -4.273426355,      -4.262390679,      -1.752258741
          0,           0,         565,      -7.240666834,      -4.376773443,      -4.284943869,      -4.273411626,      -1.763251611
          0,           0,         566,      -7.249714997,      -4.397906206,      -4.295839097,      -4.284281771,       -1.77262299
          0,           0,         567,      -7.257069412,      -4.418079295,      -4.305872698,      -4.294794474,       -1.78022168
          0,           0,         568,       -7.26270682,       -4.43634478,      -4.314823195,      -4.304727873,      -1.786009563
          0,           0,         569,      -7.266694185,      -4.451772223,      -4.322512617,      -4.313864759,      -1.790049446
          0,           0,         570,      -7.269172032,      -4.463589655,      -4.328832952,      -4.322018367,      -1.792487266
          0,           0,         571,      -7.270343444,      -4.471324532,      -4.333765781,       -4.32905771,      -1.793538309
          0,           0,         572,      -7.270467974,      -4.474898095,      -4.337389076,      -4.334926499,      -1.793478134
          0,           0,         573,      -7.269851704,      -4.474634987,      -4.339869327,      -4.339651533,      -1.792630312
          0,           0,         574,      -7.268828969,      -4.471184172,      -4.341441605,      -4.343338787,      -1.791346501
          0,           0,         575,      -7.267736961,      -4.465383401,      -4.342382308,      -4.346158196,      -1.789979883
          0,           0,         576,      -7.266890937,      -4.458117139,      -4.342981776,      -4.348321972,      -1.788859507
          0,           0,         577,      -7.266573714,      -4.450214581,      -4.343524491,       -4.35006445,      -1.788279257
          0,           0,         578,      -7.267033753,      -4.442398021,      -4.344275455,      -4.351625565,      -1.788495961
          0,           0,         579,      -7.268479096,      -4.435261613,      -4.345468924,      -4.353235661,      -1.789723811
          0,           0,         580,      -7.271073177,      -4.429270729,      -4.347301759,      -4.355103866,      -1.792130849
          0,           0,         581,      -7.274935699,      -4.424775252,      -4.349931474,      -4.357411255,      -1.795840428
          0,           0,         582,      -7.280145634,      -4.422028635,       -4.35347693,       -4.36030754,      -1.800934657
          0,           0,         583,      -7.286744406,      -4.421207736,      -4.358020194,      -4.363910015,      -1.807457913
          0,           0,         584,      -7.294738156,      -4.422430525,      -4.363608615,      -4.368303728,        -1.8154193
          0,           0,         585,      -7.304098573,      -4.425770649,      -4.370256551,      -4.373542247,      -1.824793522
          0,           0,         586,      -7.314761918,      -4.431268496,      -4.377946529,      -4.379648713,      -1.835519831
          0,           0,         587,      -7.326626121,      -4.438938862,      -4.386629959,      -4.386617159,      -1.847498897
          0,           0,         588,      -7.339546053,      -4.448775293,      -4.396227695,      -4.394414288,       -1.86058769
          0,           0,         589,      -7.353327341,      -4.460750677,      -4.406630973,      -4.402982103,      -1.874592696
          0,           0,         590,      -7.367719521,      -4.474812915,      -4.417703213,      -4.412241696,      -1.889262194
          0,           0,         591,       -7.38240994,      -4.490873773,      -4.429282844,      -4.422097757,      -1.904278911
          0,           0,         592,      -7.397023156,      -4.508789308,      -4.441186655,      -4.432442152,      -1.919257657
          0,           0,         593,      -7.411138771,      -4.528332154,      -4.453213363,      -4.443154614,      -1.933760971
          0,           0,         594,      -7.424335755,      -4.549157447,      -4.465147203,      -4.454100613,      -1.947342344
          0,           0,         595,      -7.436242835,      -4.570766671,      -4.476760145,      -4.465127263,      -1.959598904
          0,           0,         596,      -7.446571671,      -4.592482464,      -4.487813714,      -4.476058036,      -1.970210023
          0,           0,         597,      -7.455135242,       -4.61345404,      -4.498065736,      -4.486690308,      -1.978961807
          0,           0,         598,      -7.461856397,      -4.632708816,      -4.507286289,      -4.496801899,      -1.985760456
          0,           0,         599,      -7.466763697,      -4.649255055,      -4.515282116,      -4.506169002,      -1.990630407
          0,           0,         600,      -7.469976086,      -4.662225839,      -4.521923804,      -4.514591724,      -1.993698353
          0,           0,         601,      -7.471685668,      -4.671034578,       -4.52716792,      -4.521920455,      -1.995172975
          0,           0,         602,      -7.472146502,      -4.675493389,      -4.531067505,      -4.528076889,      -1.995329759
          0,           0,         603,      -7.471665838,      -4.675847258,      -4.533767939,      -4.533065491,      -1.994498693
          0,           0,         604,       -7.47058872,      -4.672709463,      -4.535489672,      -4.536973022,      -1.993046336
          0,           0,         605,      -7.469273225,      -4.666926262,      -4.536502239,      -4.539956014,       -1.99134955
          0,           0,         606,      -7.468061551,      -4.659422137,      -4.537095737,      -4.542219603,       -1.98976581
          0,           0,         607,        -7.4672619,      -4.651078191,      -4.537558313,      -4.543995659,      -1.988614815
          0,           0,         608,      -7.467144854,      -4.642667626,      -4.538161699,      -4.545525409,      -1.988175129
          0,           0,         609,      -7.467939213,      -4.634830028,       -4.53914958,      -4.547044091,      -1.988680734
          0,           0,         610,      -7.469827056,      -4.628067983,      -4.540729507,      -4.548768167,      -1.990317013
          0,           0,         611,        -7.4729439,      -4.622759738,      -4.543069905,      -4.550887353,      -1.993221747
          0,           0,         612,      -7.477381766,      -4.619179153,       -4.54630029,      -4.553560577,      -1.997488799
          0,           0,         613,      -7.483192728,      -4.617517008,      -4.550512987,      -4.556914513,       -2.00317211
          0,           0,         614,      -7.490391664,      -4.617900315,       -4.55576527,      -4.561043552,      -2.010288713
          0,           0,         615,       -7.49895759,       -4.62040828,      -4.562081257,      -4.566010495,      -2.018820163
          0,           0,         616,      -7.508833249,      -4.625084531,      -4.569453273,      -4.571847555,      -2.028712091
          0,           0,         617,      -7.519922819,      -4.631945799,      -4.577842666,      -4.578557572,      -2.039871721
          0,           0,         618,      -7.532087911,      -4.640987238,      -4.587180325,      -4.586115558,      -2.052163549
          0,           0,         619,      -7.545142453,      -4.652184249,      -4.597367369,      -4.594470893,      -2.065403708
          0,           0,         620,      -7.558847792,      -4.665490005,      -4.608276566,      -4.603550573,      -2.079354301
          0,           0,         621,      -7.572910335,      -4.680827034,      -4.619754951,      -4.613263624,      -2.093719915
          0,           0,         622,      -7.586984547,      -4.698070784,       -4.63162763,      -4.623505941,      -2.108149081
          0,           0,         623,      -7.600685089,      -4.717024001,      -4.643701927,      -4.634163467,      -2.122244556
          0,           0,         624,      -7.613613303,       -4.73738342,      -4.655770655,      -4.645111122,      -2.135588249
          0,           0,         625,      -7.625398172,      -4.758703909,      -4.667613405,      -4.656207116,      -2.147782515
          0,           0,         626,      -7.635737987,      -4.780369703,      -4.678996823,      -4.667285664,      -2.158495209
          0,           0,         627,      -7.644427943,      -4.801589011,      -4.689678563,      -4.678152854,      -2.167492715
          0,           0,         628,      -7.651370853,      -4.821429254,      -4.699420283,      -4.688590588,      -2.174655898
          0,           0,         629,      -7.656572675,      -4.838901881,      -4.708010284,      -4.698371397,      -2.179978977
          0,           0,         630,      -7.660127589,      -4.853092665,      -4.715291104,      -4.707282212,       -2.18355526
          0,           0,         631,      -7.662201894,      -4.863315459,       -4.72118463,      -4.715151277,      -2.185559261
          0,           0,         632,      -7.663024231,      -4.869246673,      -4.725707438,      -4.721871755,      -2.186233879
          0,           0,         633,      -7.662878463,      -4.870990284,      -4.728971855,      -4.727416996,      -2.185880354
          0,           0,         634,       -7.66209021,       -4.86904542,      -4.731172803,      -4.731844186,      -2.184842575
          0,           0,         635,      -7.661004227,      -4.864190415,      -4.732563964,       -4.73528547,      -2.183482887
          0,           0,         636,      -7.659956498,      -4.857329271,      -4.733429146,      -4.737928985,      -2.182153035
          0,           0,         637,      -7.659255046,      -4.849357435,      -4.734057935,      -4.739997296,       -2.18117416
          0,           0,         638,      -7.659175602,      -4.841081906,      -4.734729309,      -4.741729269,      -2.180832179
          0,           0,         639,      -7.659956619,      -4.833184232,      -4.735698166,      -4.743363514,      -2.181373081
          0,           0,         640,      -7.661792284,      -4.826209266,      -4.737185228,      -4.745123819,      -2.182996578
          0,           0,         641,      -7.664831086,      -4.820573369,      -4.739372562,      -4.747209529,       -2.18585535
          0,           0,         642,      -7.669178189,      -4.816582553,      -4.742402909,      -4.749790274,      -2.190057955
          0,           0,         643,      -7.674898883,      -4.814453547,       -4.74638099,        -4.7530037,      -2.195672706
          0,           0,         644,      -7.682021671,       -4.81433376,      -4.751375528,      -4.756954982,      -2.202731036
          0,           0,         645,      -7.690540101,      -4.816318233,      -4.757421215,       -4.76171726,      -2.211229486
          0,           0,         646,      -7.700412996,      -4.820462963,      -4.764520228,      -4.767332531,      -2.221129924
          0,           0,         647,      -7.711562751,      -4.826794614,      -4.772643181,      -4.773812783,      -2.232357719
          0,           0,         648,      -7.723871696,      -4.835316811,      -4.781729726,      -4.781141444,       -2.24479781
          0,           0,         649,      -7.737176726,      -4.846012976,      -4.791689195,      -4.789275444,      -2.258288891
          0,           0,         650,      -7.751262898,      -4.858845017,       -4.80240185,      -4.798148298,      -2.272616294
          0,           0,         651,      -7.765856927,       -4.87374638,      -4.813721182,      -4.807674372,      -2.287504492
          0,           0,         652,      -7.780622706,      -4.890607412,      -4.825477181,      -4.817753519,      -2.302611203
          0,           0,         653,      -7.795165186,      -4.909251919,      -4.837479911,      -4.828273947,      -2.317529346
          0,           0,         654,      -7.809056353,      -4.929405945,      -4.849523022,      -4.839111598,       -2.33181098
          0,           0,         655,      -7.821884463,       -4.95066152,      -4.861386702,      -4.850126738,      -2.345016375
          0,           0,         656,      -7.833301018,      -4.972442499,        -4.8728392,      -4.861158916,      -2.356764498
          0,           0,         657,      -7.843049111,      -4.993989126,      -4.883639767,      -4.872022098,      -2.366767335
          0,           0,         658,      -7.850978816,      -5.014381198,      -4.893548719,      -4.882505055,      -2.374851154
          0,           0,         659,      -7.857051694,      -5.032612127,      -4.902347124,      -4.892382335,      -2.380965043
          0,           0,         660,      -7.861331994,      -5.047713425,      -4.909863211,      -4.901435843,      -2.385173396
          0,           0,         661,      -7.863969315,      -5.058911483,      -4.915998591,      -4.909481664,      -2.387636961
          0,           0,         662,      -7.865182656,      -5.065776513,      -4.920746562,      -4.916395174,      -2.388593363
          0,           0,         663,      -7.865250491,       -5.06831063,      -4.924197133,      -4.922128941,      -2.388343239
          0,           0,         664,      -7.864499664,      -5.066937875,      -4.926527397,      -4.926719799,      -2.387235945
          0,           0,         665,      -7.863285663,      -5.062400911,      -4.927980057,      -4.930283422,      -2.385647642
          0,           0,         666,      -7.861964199,      -5.055606868,      -4.928835273,      -4.932997498,      -2.383951661
          0,           0,         667,       -7.86086589,      -5.047479687,      -4.929384163,      -4.935079598,       -2.38249252
          0,           0,         668,      -7.860286596,       -5.03886411,       -4.92991048,      -4.936767584,      -2.381576218
          0,           0,         669,      -7.860483413,      -5.030480698,      -4.930676918,      -4.938302839,      -2.381466713
          0,           0,         670,      -7.861667964,       -5.02291021,      -4.931913946,      -4.939914956,      -2.382380063
          0,           0,         671,      -7.864003754,      -5.016598901,       -4.93381399,      -4.941810827,      -2.384482681
          0,           0,         672,      -7.867608234,      -5.011875973,      -4.936530042,      -4.944168462,      -2.387894139
          0,           0,         673,      -7.872556414,      -5.008975108,      -4.940176664,      -4.947134159,      -2.392691305
          0,           0,         674,      -7.878884299,      -5.008055446,       -4.94483198,       -4.95082173,      -2.398912149
          0,           0,         675,      -7.886591179,      -5.009219655,      -4.950539774,      -4.955312829,      -2.406558229
          0,           0,         676,      -7.895640296,      -5.012528318,       -4.95731118,      -4.960657795,      -2.415595401
          0,           0,         677,      -7.905957687,       -5.01801058,      -4.965125802,      -4.966876732,      -2.425952543
          0,           0,         678,      -7.917429142,      -5.025671338,      -4.973932339,        -4.9739608,      -2.437518281
          0,           0,         679,      -7.929895654,      -5.035495068,      -4.983649063,      -4.981873917,      -2.450136019
          0,           0,         680,      -7.943148256,      -5.047445994,      -4.994164677,      -4.990555262,      -2.463598165
          0,           0,         681,      -7.956923995,      -5.061463468,      -5.005340092,      -4.999922904,      -2.477641189
          0,           0,         682,      -7.970905745,      -5.077450766,      -5.017011514,      -5.009878475,      -2.491944161
          0,           0,         683,      -7.984728979,      -5.095255425,      -5.028994548,      -5.020311663,      -2.506133875
          0,           0,         684,      -7.997999944,      -5.114640969,      -5.041088311,      -5.031102102,      -2.519801277
          0,           0,         685,      -8.010329489,      -5.135252995,      -5.053078275,      -5.042116607,      -2.532534443
          0,           0,         686,      -8.021376918,      -5.156586073,      -5.064737369,      -5.053202791,      -2.543964069
          0,           0,         687,       -8.03088644,       -5.17796329,      -5.075827474,      -5.064182993,      -2.553804488
          0,           0,         688,      -8.038706016,      -5.198545733,      -5.086106798,      -5.074853181,      -2.561878101
          0,           0,         689,      -8.044789516,      -5.217386166,      -5.095346882,      -5.084991069,      -2.568121983
          0,           0,         690,      -8.049185737,      -5.233530526,      -5.103357598,      -5.094374617,      -2.572578948
          0,           0,         691,      -8.052021663,       -5.24615666,      -5.110014221,      -5.102807414,      -2.575380127
          0,           0,         692,      -8.053489538,      -5.254721011,      -5.115278967,      -5.110144637,      -2.576729415
          0,           0,         693,      -8.053840075,      -5.259067094,      -5.119210541,      -5.116313546,      -2.576893574
          0,           0,         694,      -8.053373827,      -5.259452779,      -5.121958958,      -5.121324103,      -2.576191024
          0,           0,         695,      -8.052424241,      -5.256484694,      -5.123747532,      -5.125267396,      -2.574973068
          0,           0,         696,      -8.051332745,      -5.250986997,       -5.12484643,      -5.128302244,      -2.573597717
          0,           0,         697,      -8.050422338,      -5.243854044,       -5.12554463,      -5.130634059,      -2.572402353
          0,           0,         698,      -8.049984454,      -5.235937893,      -5.126128709,      -5.132494128,      -2.571690016
          0,           0,         699,      -8.050276655,       -5.22798853,      -5.126868476,      -5.134122645,      -2.571727048
          0,           0,         700,      -8.051516811,      -5.220628005,      -5.128004923,      -5.135752989,       -2.57273772
          0,           0,         701,      -8.053878055,        -5.2143467,      -5.129742492,      -5.137599157,      -2.574899875
          0,           0,         702,      -8.057489029,      -5.209515248,      -5.132246401,        -5.1398481,      -2.578345817
          0,           0,         703,      -8.062436763,      -5.206403439,      -5.135642951,      -5.142655837,      -2.583165663
          0,           0,         704,      -8.068770057,      -5.205200516,      -5.140021248,      -5.146146056,      -2.589411092
          0,           0,         705,      -8.076501942,      -5.206033644,      -5.145435252,      -5.150410083,       -2.59709803
          0,           0,         706,      -8.085610841,      -5.208983221,      -5.151905585,      -5.155507558,      -2.606207894
          0,           0,         707,      -8.096039939,      -5.214094638,      -5.159420796,      -5.161467421,      -2.616686908
          0,           0,         708,      -8.107694665,      -5.221386593,      -5.167938132,      -5.168289172,      -2.628443387
          0,           0,         709,      -8.120438246,       -5.23085605,      -5.177384095,      -5.175944528,      -2.641342945
          0,           0,         710,      -8.134085835,      -5.242479555,      -5.187655281,      -5.184379886,      -2.655202071
          0,           0,         711,      -8.148397978,      -5.256209868,      -5.198620049,      -5.193519943,      -2.669780765
          0,           0,         712,      -8.163074594,      -5.271966077,      -5.210121289,      -5.203272292,      -2.684775364
          0,           0,         713,      -8.177753058,      -5.289615304,      -5.221979926,      -5.213531604,      -2.699814965
          0,           0,         714,      -8.192020079,      -5.308945754,      -5.233998496,      -5.224181053,      -2.714471174
          0,           0,         715,      -8.205449646,      -5.329632877,       -5.24596457,      -5.235090337,      -2.728294477
          0,           0,         716,      -8.217654689,      -5.351202523,      -5.257653027,      -5.246111415,       -2.74086726
          0,           0,         717,      -8.228325867,      -5.373002191,      -5.268827449,      -5.257073047,      -2.751847459
          0,           0,         718,       -8.23725321,      -5.394199775,      -5.279245484,      -5.267777383,      -2.760996368
          0,           0,         719,      -8.244336918,      -5.413827308,      -5.288673115,      -5.278004578,      -2.768194711
          0,           0,         720,      -8.249585856,      -5.430876937,      -5.296908013,      -5.287528863,      -2.773444075
          0,           0,         721,      -8.253103798,      -5.444442058,      -5.303806923,      -5.296143338,      -2.776853172
          0,           0,         722,      -8.255071498,      -5.453876607,      -5.309309375,      -5.303686869,       -2.77861731
          0,           0,         723,      -8.255733808,       -5.45892487,      -5.313450706,      -5.310066588,      -2.779001672
          0,           0,         724,      -8.255390789,      -5.459771237,      -5.316360584,      -5.315271402,      -2.778328734
          0,           0,         725,      -8.254383725,      -5.456988447,      -5.318247779,      -5.319373732,      -2.776961538
          0,           0,         726,      -8.253071357,      -5.451407145,      -5.319375124,      -5.322518853,      -2.775278217
          0,           0,         727,      -8.251800817,      -5.443957679,      -5.320030787,      -5.324904698,      -2.773641968
          0,           0,         728,      -8.250887692,      -5.435539852,      -5.320504636,      -5.326759823,        -2.7723807
          0,           0,         729,      -8.250610971,      -5.426950375,      -5.321072739,      -5.328325402,      -2.771782133
          0,           0,         730,      -8.251208525,      -5.418852499,      -5.321984912,      -5.329839259,      -2.772089949
          0,           0,         731,      -8.252871437,      -5.411769922,      -5.323455665,      -5.331522214,      -2.773498982
          0,           0,         732,      -8.255743492,       -5.40609825,      -5.325660521,      -5.333569316,      -2.776155599
          0,           0,         733,      -8.259924093,      -5.402124818,      -5.328735846,      -5.336145232,      -2.780161224
          0,           0,         734,      -8.265471984,      -5.400050414,      -5.332780423,      -5.339382459,      -2.785576544
          0,           0,         735,      -8.272408229,      -5.400009227,      -5.337857586,      -5.343381105,       -2.79242477
          0,           0,         736,      -8.280717924,      -5.402085461,      -5.343997202,      -5.348209514,       -2.80069349
          0,           0,         737,      -8.290349999,      -5.406326171,      -5.351197129,      -5.353905215,      -2.810334427
          0,           0,         738,      -8.301215401,       -5.41275048,      -5.359424121,      -5.360476116,      -2.821261484
          0,           0,         739,      -8.313183252,      -5.421355396,      -5.368614354,       -5.36790194,      -2.833346583
          0,           0,         740,      -8.326075957,      -5.432118226,      -5.378674023,      -5.376136251,      -2.846414293
          0,           0,         741,      -8.339664006,      -5.444994923,      -5.389480542,      -5.385109447,      -2.860235913
          0,           0,         742,      -8.353662973,      -5.459912906,       -5.40088489,      -5.394732919,      -2.874525414
          0,           0,         743,      -8.367735315,       -5.47675635,      -5.412715187,      -5.404903904,      -2.888939797
          0,           0,         744,       -8.38150047,      -5.495342508,       -5.42478087,      -5.415509119,      -2.903087407
          0,           0,         745,      -8.394558956,      -5.515390126,       -5.43687624,      -5.426424616,      -2.916550412
          0,           0,         746,       -8.40653223,      -5.536484257,      -5.448782323,       -5.43751097,      -2.928924638
          0,           0,         747,      -8.417106049,      -5.558045824,      -5.460267409,      -5.448606345,      -2.939865815
          0,           0,         748,      -8.426060327,      -5.579320866,      -5.471090139,      -5.459521765,      -2.949124778
          0,           0,         749,      -8.433281669,       -5.59940711,      -5.481010688,      -5.470043349,      -2.956565361
          0,           0,         750,      -8.438760646,      -5.617328592,      -5.489811706,      -5.479944924,      -2.962165325
          0,           0,         751,      -8.442578009,      -5.632156714,      -5.497325227,      -5.489010224,      -2.966003551
          0,           0,         752,      -8.444888153,      -5.643159676,      -5.503458563,      -5.497059478,      -2.968241973
          0,           0,         753,      -8.445908607,      -5.649941961,      -5.508211711,      -5.503973886,      -2.969112059
          0,           0,         754,      -8.445913293,      -5.652524298,      -5.511681023,      -5.509712622,      -2.968905022
          0,           0,         755,      -8.445220819,      -5.651330517,       -5.51404844,      -5.514318691,      -2.967957794
          0,           0,         756,      -8.444173455,       -5.64708694,       -5.51555931,      -5.517912301,      -2.966630389
          0,           0,         757,      -8.443109873,      -5.640674626,       -5.51649414,      -5.520673416,      -2.965277461
          0,           0,         758,       -8.44234273,       -5.63298951,      -5.517142782,      -5.522819942,      -2.964225089
          0,           0,         759,       -8.44215239,      -5.624852534,      -5.517786843,      -5.524588886,      -2.963764128
          0,           0,         760,      -8.442783313,      -5.616966392,      -5.518686102,      -5.526219811,      -2.964146791
          0,           0,         761,      -8.444436829,       -5.60989962,      -5.520067602,       -5.52793974,       -2.96558003
          0,           0,         762,       -8.44726872,      -5.604091142,      -5.522120218,      -5.529952625,      -2.968223828
          0,           0,         763,      -8.451390853,      -5.599866616,       -5.52499344,      -5.532433386,      -2.972193408
          0,           0,         764,      -8.456874757,      -5.597458881,      -5.528798429,      -5.535525209,      -2.977563235
          0,           0,         765,      -8.463754652,      -5.597028054,      -5.533609956,      -5.539338796,      -2.984370372
          0,           0,         766,      -8.472029538,       -5.59867895,      -5.539468408,      -5.543952684,      -2.992616727
          0,           0,         767,      -8.481663689,      -5.602474993,      -5.546381389,      -5.549414065,      -3.002269594
          0,           0,         768,      -8.492585116,      -5.608448566,      -5.554324754,      -5.555739865,      -3.013259985
          0,           0,         769,      -8.504682517,      -5.616607905,      -5.563243246,      -5.562918138,      -3.025479335
          0,           0,         770,      -8.517799969,      -5.626940617,      -5.573051078,      -5.570909968,      -3.038773751
          0,           0,         771,      -8.531730804,      -5.639413211,      -5.583633053,      -5.579652358,      -3.052937268
          0,           0,         772,      -8.546211263,      -5.653965312,      -5.594846667,      -5.589062314,      -3.067704516
          0,           0,         773,      -8.560915942,      -5.670496529,      -5.606525322,      -5.599041601,       -3.08274484
          0,           0,         774,      -8.575459844,      -5.688844469,         -5.618482,      -5.609480195,      -3.097662522
          0,           0,         775,      -8.589419483,      -5.708754619,      -5.630512827,      -5.620256348,      -3.112015756
          0,           0,         776,      -8.602378623,      -5.729844608,      -5.642400142,      -5.631233369,      -3.125361745
          0,           0,         777,      -8.613977773,      -5.751568968,      -5.653914092,      -5.642254635,      -3.137308989
          0,           0,         778,      -8.623945703,      -5.773199248,      -5.664814922,      -5.653138378,       -3.14755447
          0,           0,         779,      -8.632116819,      -5.793839635,      -5.674861605,      -5.663676938,      -3.155907111
          0,           0,         780,       -8.63843685,      -5.812492075,      -5.683830079,      -5.673645889,      -3.162297869
          0,           0,         781,      -8.642955779,      -5.828172711,      -5.691539038,       -5.68282419,      -3.166774482
          0,           0,         782,      -8.645810939,      -5.840065014,      -5.697876711,      -5.691020649,      -3.169483394
          0,           0,         783,      -8.647210575,       -5.84767323,      -5.702820949,      -5.698099731,      -3.170650064
          0,           0,         784,       -8.64742338,      -5.850924023,      -5.706446565,      -5.704000906,      -3.170564604
          0,           0,         785,      -8.646768356,      -5.850174094,      -5.708917942,      -5.708747583,      -3.169568298
          0,           0,         786,      -8.645596986,      -5.846120907,      -5.710469216,      -5.712443746,       -3.16803348
          0,           0,         787,       -8.64426607,      -5.839653886,      -5.711376791,      -5.715258752,      -3.166335033
          0,           0,         788,      -8.643110688,      -5.831701871,      -5.711931747,      -5.717405365,       -3.16482257
          0,           0,         789,      -8.642431484,      -5.823126583,      -5.712419989,      -5.719119297,      -3.163807547
          0,           0,         790,      -8.642491507,      -5.814670824,      -5.713108401,      -5.720642348,      -3.163560479
          0,           0,         791,      -8.643509728,      -5.806938953,      -5.714233203,      -5.722206851,      -3.164305237
          0,           0,         792,      -8.645657367,      -5.800399061,      -5.715993179,      -5.724023897,      -3.166216268
          0,           0,         793,      -8.649059388,      -5.795398919,      -5.718547732,      -5.726276485,      -3.169420879
          0,           0,         794,      -8.653797726,       -5.79218716,      -5.722017579,      -5.729116199,      -3.174002973
          0,           0,         795,      -8.659915046,       -5.79093452,      -5.726486685,        -5.7326622,      -3.180007243
          0,           0,         796,      -8.667417197,      -5.791752494,      -5.732004398,      -5.737001423,      -3.187441812
          0,           0,         797,      -8.676273976,      -5.794708358,      -5.738587215,      -5.742189352,      -3.196279095
          0,           0,         798,      -8.686418643,      -5.799836453,      -5.746220035,       -5.74825112,        -3.2064552
          0,           0,         799,      -8.697744962,      -5.807145936,      -5.754856835,      -5.755182724,      -3.217866771
          0,           0,         800,      -8.710102997,      -5.816625239,      -5.764421173,      -5.762952682,       -3.23036638
          0,           0,         801,      -8.723293759,      -5.828242896,      -5.774806942,      -5.771504371,      -3.243756641
          0,           0,         802,      -8.737064558,      -5.841943855,      -5.785879967,      -5.780759489,      -3.257784702
          0,           0,         803,      -8.751107845,      -5.857639477,      -5.797480879,      -5.790622615,      -3.272139829
          0,           0,         804,      -8.765066026,      -5.875189312,      -5.809429064,      -5.800985855,       -3.28645668
          0,           0,         805,      -8.778546555,      -5.894374074,       -5.82152673,      -5.811731166,      -3.300328579
          0,           0,         806,      -8.791153587,       -5.91486219,      -5.833561938,      -5.822728279,      -3.313338056
          0,           0,         807,      -8.802532182,      -5.936175623,      -5.845309875,      -5.833828665,      -3.325102129
          0,           0,         808,       -8.81240703,      -5.957665657,      -5.856533887,      -5.844859185,      -3.335315295
          0,           0,         809,      -8.820604363,      -5.978515681,      -5.866991497,      -5.855619791,      -3.343777039
          0,           0,         810,      -8.827057378,      -5.997786678,       -5.87644975,      -5.865889831,      -3.350401983
          0,           0,         811,      -8.831797613,      -6.014511233,      -5.884709203,      -5.875444893,      -3.355213872
          0,           0,         812,      -8.834938621,      -6.027828364,      -5.891631213,      -5.884081455,      -3.358328995
          0,           0,         813,       -8.83666192,      -6.037133061,      -5.897161042,      -5.891643298,      -3.359939713
          0,           0,         814,      -8.837208881,      -6.042196088,      -5.901339853,      -5.898043319,       -3.36030322
          0,           0,         815,      -8.836873261,      -6.043207599,      -5.904302193,      -5.903276185,      -3.359731267
          0,           0,         816,      -8.835985817,      -6.040726057,      -5.906259924,      -5.907418993,      -3.358572817
          0,           0,         817,      -8.834890018,      -6.035553833,      -5.907476821,      -5.910619774,      -3.357188354
          0,           0,         818,      -8.833915231,       -6.02858741,       -5.90824019,      -5.913077176,      -3.355922159
          0,           0,         819,      -8.833360001,      -6.020695624,      -5.908838165,      -5.915019183,      -3.355084883
          0,           0,         820,       -8.83348944,      -6.012651537,       -5.90954457,      -5.916685694,      -3.354950849
          0,           0,         821,      -8.834529958,      -6.005101949,      -5.910606366,      -5.918312474,      -3.355753145
          0,           0,         822,      -8.836663317,      -5.998560339,      -5.912234881,      -5.920117753,      -3.357678413
          0,           0,         823,      -8.840026464,      -5.993417049,      -5.914602434,      -5.922293761,      -3.360867302
          0,           0,         824,      -8.844713643,      -5.989957684,      -5.917842198,      -5.925002241,      -3.365417156
          0,           0,         825,      -8.850780443,      -5.988383663,      -5.922049831,      -5.928372747,      -3.371386385
          0,           0,         826,      -8.858246147,      -5.988831238,      -5.927285451,      -5.932502384,      -3.378797097
          0,           0,         827,      -8.867095115,       -5.99138746,      -5.933575545,      -5.937456413,      -3.387636626
          0,           0,         828,      -8.877276716,      -5.996102626,      -5.940914331,      -5.943269198,      -3.397857372
          0,           0,         829,      -8.888703127,      -6.002999139,      -5.949264612,      -5.949945395,      -3.409374462
          0,           0,         830,      -8.901244931,      -6.012077087,      -5.958558277,      -5.957461495,      -3.422061028
          0,           0,         831,      -8.914725835,      -6.023316234,      -5.968697118,      -5.965768125,      -3.435742412
          0,           0,         832,      -8.928916099,      -6.036673589,      -5.979554266,      -5.974793409,       -3.45018883
          0,           0,         833,      -8.943526663,      -6.052074815,      -5.990976807,      -5.984447513,      -3.465108394
          0,           0,         834,      -8.958206791,      -6.069397545,      -6.002789319,      -5.994627161,      -3.480143178
          0,           0,         835,      -8.972551851,      -6.088445714,      -6.014797535,      -6.005217847,      -3.494875025
          0,           0,         836,      -8.986135456,      -6.108916589,      -6.026791759,      -6.016092353,      -3.508855793
          0,           0,         837,      -8.998560187,       -6.13036402,      -6.038549287,       -6.02710652,      -3.521658724
          0,           0,         838,      -9.009500629,      -6.152167094,      -6.049835646,      -6.038093799,      -3.532925716
          0,           0,         839,      -9.018728162,      -6.173522756,      -6.060408841,      -6.048861071,      -3.542398218
          0,           0,         840,      -9.026123662,       -6.19348083,      -6.070031868,      -6.059191599,      -3.549935515
          0,           0,         841,      -9.031678109,      -6.211031156,      -6.078494789,      -6.068859068,      -3.555518771
          0,           0,         842,      -9.035480064,      -6.225238286,      -6.085641897,       -6.07765121,      -3.559239065
          0,           0,         843,      -9.037698264,      -6.235400676,      -6.091396714,      -6.085396914,       -3.56127788
          0,           0,         844,      -9.038566797,      -6.241189503,      -6.095777224,      -6.091989885,      -3.561888578
          0,           0,         845,      -9.038376751,      -6.242714835,      -6.098897162,      -6.097404012,      -3.561384221
          0,           0,         846,      -9.037463415,      -6.240490764,      -6.100952872,      -6.101697345,      -3.560121948
          0,           0,         847,      -9.036183671,       -6.23531513,      -6.102199653,      -6.105003437,       -3.55847842
          0,           0,         848,      -9.034888398,       -6.22811179,      -6.102923099,      -6.107512524,      -3.556821172
          0,           0,         849,      -9.033898634,      -6.219792371,      -6.103414077,      -6.109449091,       -3.55548433
          0,           0,         850,       -9.03349978,      -6.211174151,      -6.103952115,      -6.111053308,      -3.554762651
          0,           0,         851,      -9.033937583,      -6.202944164,      -6.104792555,      -6.112564803,      -3.554908264
          0,           0,         852,      -9.035411218,        -6.1956494,      -6.106156567,      -6.114208175,      -3.556124486
          0,           0,         853,      -9.038072439,      -6.189705954,      -6.108226624,      -6.116183466,      -3.558565925
          0,           0,         854,      -9.042028106,       -6.18541794,      -6.111145907,      -6.118660896,      -3.562341618
          0,           0,         855,       -9.04734382,      -6.182999329,      -6.115019648,      -6.121778678,      -3.567519143
          0,           0,         856,      -9.054046885,      -6.182594307,      -6.119917225,      -6.125642537,      -3.574127946
          0,           0,         857,      -9.062128429,      -6.184294468,      -6.125874215,      -6.130326309,      -3.582161632
          0,           0,         858,      -9.071544063,      -6.188152377,      -6.132893965,      -6.135872836,      -3.591578527
          0,           0,         859,      -9.082211468,      -6.194191301,      -6.140948575,      -6.142295053,      -3.602299248
          0,           0,         860,      -9.094007324,      -6.202411633,      -6.149979442,      -6.149577439,      -3.614203274
          0,           0,         861,       -9.10676269,      -6.212793895,      -6.159897837,      -6.157677878,      -3.627123892
          0,           0,         862,      -9.120257367,      -6.225297885,      -6.170585946,      -6.166530439,       -3.64084189
          0,           0,         863,       -9.13421635,      -6.239856529,      -6.181898954,       -6.17604937,      -3.655081045
          0,           0,         864,      -9.148310516,      -6.256362729,      -6.193668463,      -6.186133881,      -3.669507387
          0,           0,         865,      -9.162164559,      -6.274647231,      -6.205706603,      -6.196672152,      -3.683735456
          0,           0,         866,      -9.175378919,      -6.294448366,      -6.217809731,      -6.207541965,      -3.697348485
          0,           0,         867,      -9.187567458,      -6.315377345,       -6.22976076,      -6.218606554,      -3.709935701
          0,           0,         868,      -9.198402154,      -6.336886133,      -6.241329778,      -6.229708018,      -3.721139462
          0,           0,         869,      -9.207646124,      -6.358252036,      -6.252276482,      -6.240661989,      -3.730693322
          0,           0,         870,      -9.215167939,      -6.378596624,       -6.26235973,      -6.251258453,      -3.738441913
          0,           0,         871,      -9.220941492,      -6.396951549,      -6.271356852,       -6.26127234,      -3.744344796
          0,           0,         872,      -9.225033277,       -6.41237194,      -6.279089831,      -6.270484263,      -3.748465166
          0,           0,         873,      -9.227586233,      -6.424082465,      -6.285451949,      -6.278706738,      -3.750952491
          0,           0,         874,      -9.228807026,      -6.431621594,      -6.290426919,      -6.285809381,      -3.752026807
          0,           0,         875,      -9.228960875,      -6.434934874,      -6.294095278,      -6.291737548,      -3.751970462
          0,           0,         876,      -9.228359501,      -6.434379022,      -6.296625728,      -6.296520154,      -3.751113584
          0,           0,         877,      -9.227343288,      -6.430635005,      -6.298254789,      -6.300265354,      -3.749814574
          0,           0,         878,      -9.226253813,      -6.424565437,      -6.299259089,      -6.303144555,      -3.748431277
          0,           0,         879,      -9.225408954,       -6.41706987,      -6.299928365,      -6.305370724,      -3.747295469
          0,           0,         880,      -9.225094736,      -6.408985072,      -6.300546605,       -6.30717877,      -3.746704033
          0,           0,         881,      -9.225562399,      -6.401035292,       -6.30137812,      -6.308808949,      -3.746916265
          0,           0,         882,      -9.227020762,       -6.39381233,      -6.302656043,      -6.310491257,      -3.748146878
          0,           0,         883,      -9.229633272,      -6.387776762,      -6.304575895,      -6.312434065,      -3.750563545
          0,           0,         884,      -9.233518902,      -6.383272789,      -6.307293855,      -6.314817499,      -3.754288653
          0,           0,         885,      -9.238755841,      -6.380548216,      -6.310927492,       -6.31779023,      -3.759403269
          0,           0,         886,      -9.245384561,      -6.379774795,      -6.315557659,      -6.321468503,      -3.765950691
          0,           0,         887,      -9.253409642,      -6.381066155,      -6.321230462,      -6.325936262,      -3.773938329
          0,           0,         888,      -9.262800991,      -6.384492344,      -6.327959027,      -6.331245971,      -3.783339088
          0,           0,         889,      -9.273493048,      -6.390090763,      -6.335724609,       -6.33741966,      -3.794090449
          0,           0,         890,      -9.285381085,      -6.397873629,      -6.344477207,       -6.34445016,      -3.806090487
          0,           0,         891,      -9.298316716,      -6.407832192,      -6.354136222,      -6.352302984,      -3.819193088
          0,           0,         892,      -9.312102403,      -6.419936959,      -6.364591385,      -6.360918978,      -3.833201758
          0,           0,         893,      -9.326484032,      -6.434133092,      -6.375704606,      -6.370218157,      -3.847861375
          0,           0,         894,      -9.341147252,      -6.450328641,      -6.387313208,      -6.380104531,      -3.862853152
          0,           0,         895,      -9.355717456,      -6.468374148,       -6.39923346,      -6.390470014,      -3.877793006
          0,           0,         896,      -9.369776442,       -6.48803374,      -6.411264341,        -6.4011952,      -3.892245971
          0,           0,         897,      -9.382904364,      -6.508949986,      -6.423190596,      -6.412146597,        -3.9057672
          0,           0,         898,      -9.394729703,      -6.530607995,      -6.434784538,       -6.42317149,       -3.91795383
          0,           0,         899,      -9.404964988,      -6.552311439,      -6.445807715,      -6.434092669,       -3.92848618
          0,           0,         900,      -9.413426799,       -6.57319081,       -6.45601819,      -6.444706457,      -3.937153773
          0,           0,         901,      -9.420042906,      -6.592259385,      -6.465187103,      -6.454790021,      -3.943867347
          0,           0,         902,      -9.424846899,      -6.608521234,      -6.473123617,      -6.464119812,      -3.948655861
          0,           0,         903,      -9.427962622,      -6.621119659,      -6.479702169,      -6.472497449,      -3.951650198
          0,           0,         904,       -9.42958738,      -6.629494024,      -6.484884177,       -6.47977618,      -3.953063336
          0,           0,         905,      -9.429979255,      -6.633493974,      -6.488727784,      -6.485881525,      -3.953174144
          0,           0,         906,      -9.429449518,      -6.633405062,      -6.491383043,      -6.490822293,      -3.952315937
          0,           0,         907,      -9.428344794,      -6.629874574,       -6.49307383,      -6.494689355,      -3.950856423
          0,           0,         908,      -9.427022839,       -6.62376963,      -6.494071414,      -6.497642289,      -3.949171921
          0,           0,         909,      -9.425823041,      -6.616021175,      -6.494666025,      -6.499887923,      -3.947616977
          0,           0,         910,      -9.425051983,      -6.607507317,      -6.495145552,      -6.501659239,      -3.946509696
          0,           0,         911,      -9.424978938,        -6.5989934,      -6.495780986,      -6.503198053,      -3.946127366
          0,           0,         912,      -9.425830709,      -6.591108177,      -6.496814523,      -6.504739302,      -3.946702243
          0,           0,         913,      -9.427786752,      -6.584342607,      -6.498451636,      -6.506498337,      -3.948417334
          0,           0,         914,      -9.430979789,      -6.579064031,      -6.500858512,      -6.508663331,      -3.951407837
          0,           0,         915,      -9.435498782,      -6.575536878,       -6.50416244,      -6.511391368,      -3.955764822
          0,           0,         916,      -9.441393136,      -6.573944146,      -6.508453576,       -6.51480727,      -3.961539715
          0,           0,         917,      -9.448675107,      -6.574406603,      -6.513787113,       -6.51900349,      -3.968747089
          0,           0,         918,       -9.45732148,      -6.576998576,      -6.520185152,      -6.524040916,      -3.977366307
          0,           0,         919,      -9.467271874,      -6.581759558,      -6.527637946,      -6.529949834,       -3.98733984
          0,           0,         920,      -9.478428045,      -6.588702964,      -6.536104881,      -6.536731226,      -3.998572262
          0,           0,         921,      -9.490648099,      -6.597820893,      -6.545514716,      -6.544358226,      -4.010924309
          0,           0,         922,      -9.503742243,      -6.609085688,      -6.555766426,      -6.552778442,      -4.024207985
          0,           0,         923,       -9.51746821,      -6.622447165,      -6.566730634,      -6.561917118,      -4.038181207
          0,           0,         924,        -9.5315277,      -6.637823779,      -6.578252153,      -6.571681627,      -4.052543068
          0,           0,         925,       -9.54557105,      -6.655085845,       -6.59015396,      -6.581966198,         -4.066937
          0,           0,         926,      -9.559208336,      -6.674029974,      -6.602241022,      -6.592654712,      -4.080960168
          0,           0,         927,       -9.57203985,      -6.694346217,      -6.614303763,      -6.603619464,      -4.094192324
          0,           0,         928,      -9.583698797,      -6.715583516,      -6.626119578,      -6.614715533,      -4.106239489
          0,           0,         929,      -9.593892501,      -6.737122304,       -6.63745361,      -6.625774277,       -4.11677855
          0,           0,         930,      -9.602427133,      -6.758171321,      -6.648063416,      -6.636600077,      -4.125588081
          0,           0,         931,      -9.609216141,      -6.777804904,      -6.657712754,      -6.646974835,      -4.132561291
          0,           0,         932,       -9.61427455,      -6.795049276,      -6.666194397,      -6.656673059,      -4.137703536
          0,           0,         933,      -9.617701595,        -6.8090119,      -6.673357144,      -6.665485419,      -4.141115318
          0,           0,         934,       -9.61966817,      -6.819032127,      -6.679130366,      -6.673245624,      -4.142977425
          0,           0,         935,      -9.620406462,      -6.824810042,      -6.683538328,      -6.679853294,      -4.143537461
          0,           0,         936,      -9.620202218,      -6.826465995,       -6.68670017,      -6.685288352,      -4.143099133
          0,           0,         937,      -9.619381888,      -6.824504689,      -6.688815886,      -6.689614029,      -4.142007371
          0,           0,         938,      -9.618290268,       -6.81969986,      -6.690142409,      -6.692967345,      -4.140624423
          0,           0,         939,      -9.617261421,      -6.812944373,      -6.690964749,      -6.695539816,      -4.139299512
          0,           0,         940,      -9.616599872,      -6.805119953,      -6.691572109,      -6.697555657,      -4.138350028
          0,           0,         941,      -9.616577893,      -6.797020337,      -6.692241846,      -6.699254005,      -4.138057847
          0,           0,         942,      -9.617429877,      -6.789315852,      -6.693226402,      -6.700872479,      -4.138664162
          0,           0,         943,      -9.619345425,      -6.782542804,      -6.694743718,      -6.702633154,      -4.140363891
          0,           0,         944,      -9.622470179,      -6.777111487,      -6.696973015,      -6.704733302,      -4.143306276
          0,           0,         945,      -9.626905345,      -6.773323821,      -6.700054199,      -6.707340161,      -4.147595765
          0,           0,         946,      -9.632712603,      -6.771393932,      -6.704089252,      -6.710588882,       -4.15329673
          0,           0,         947,       -9.63991723,       -6.77146769,      -6.709144368,      -6.714582234,      -4.160437373
          0,           0,         948,      -9.648509898,      -6.773639231,      -6.715251829,      -6.719391016,      -4.169011154
          0,           0,         949,      -9.658446077,      -6.777964146,      -6.722411429,      -6.725054858,      -4.178976558
          0,           0,         950,      -9.669644116,      -6.784468712,       -6.73059135,      -6.731583544,      -4.190254995
          0,           0,         951,      -9.681981692,      -6.793156434,      -6.739728891,      -6.738958289,      -4.202726858
          0,           0,         952,      -9.695290443,      -6.804010155,      -6.749730979,      -6.747133924,      -4.216225546
          0,           0,         953,      -9.709351121,      -6.816991101,      -6.760475588,      -6.756042328,      -4.230532153
          0,           0,         954,      -9.723884134,       -6.83203103,      -6.771814094,      -6.765596133,      -4.245365024
          0,           0,         955,      -9.738550238,       -6.84901743,      -6.783574713,      -6.775694157,      -4.260378661
          0,           0,         956,      -9.752953878,      -6.867769191,      -6.795566242,      -6.786223877,      -4.275165247
          0,           0,         957,      -9.766670408,      -6.888004827,      -6.807581601,      -6.797060659,      -4.289280082
          0,           0,         958,      -9.779294517,      -6.909305943,      -6.819400415,      -6.808063944,      -4.302289833
          0,           0,         959,      -9.790486315,        -6.9310841,      -6.830790233,      -6.819071484,      -4.313822316
          0,           0,         960,      -9.799999629,      -6.952567754,      -6.841509689,       -6.82989491,      -4.323600476
          0,           0,         961,      -9.807696923,      -6.972828998,      -6.851319604,      -6.840320925,      -4.331463221
          0,           0,         962,       -9.81355185,       -6.99086101,      -6.860003341,      -6.850123513,        -4.3373721
          0,           0,         963,      -9.817636512,      -7.005705532,       -6.86739361,      -6.859085987,      -4.341399398
          0,           0,         964,      -9.820108886,      -7.016609967,      -6.873398752,      -6.867028228,      -4.343714261
          0,           0,         965,      -9.821189765,       -7.02317333,       -6.87801942,      -6.873831063,      -4.344555577
          0,           0,         966,      -9.821162378,      -7.025428153,      -6.881353194,      -6.879453811,      -4.344227871
          0,           0,         967,      -9.820354664,      -7.023823384,      -6.883583272,      -6.883939999,      -4.343081181
          0,           0,         968,      -9.819119779,      -7.019116893,      -6.884956623,      -6.887410829,      -4.341488632
          0,           0,         969,      -9.817812825,      -7.012220102,      -6.885755501,      -6.890048327,      -4.339822647
          0,           0,         970,      -9.816759504,      -7.004053334,      -6.886271203,      -6.892072306,      -4.338422464
          0,           0,         971,      -9.816251645,      -6.995452882,      -6.886786247,      -6.893721414,      -4.337590164
          0,           0,         972,      -9.816540775,      -6.987129561,      -6.887560986,      -6.895236313,      -4.337584128
          0,           0,         973,      -9.817834848,      -6.979654195,      -6.888823083,      -6.896845188,      -4.338616716
          0,           0,         974,      -9.820293146,      -6.973464693,      -6.890761868,      -6.898752728,      -4.340850399
          0,           0,         975,      -9.824031577,       -6.96888315,      -6.893527544,      -6.901134749,      -4.344403531
          0,           0,         976,      -9.829122292,      -6.966137975,       -6.89723166,      -6.904135091,      -4.349350043
          0,           0,         977,        -9.8355981,      -6.965384313,      -6.901949712,      -6.907865064,       -4.35572507
          0,           0,         978,      -9.843456688,      -6.966722154,      -6.907722972,      -6.912403981,      -4.363528679
          0,           0,         979,      -9.852660346,        -6.9702101,       -6.91456041,      -6.917800093,      -4.372725913
          0,           0,         980,      -9.863133298,      -6.975876288,      -6.922439426,      -6.924071284,      -4.383243832
          0,           0,         981,      -9.874760567,      -6.983724765,      -6.931306672,      -6.931207008,      -4.394970276
          0,           0,         982,      -9.887380498,      -6.993739745,      -6.941078509,      -6.939169434,      -4.407746048
          0,           0,         983,      -9.900782849,      -7.005884872,      -6.951642014,      -6.947896588,      -4.421361869
          0,           0,         984,      -9.914702496,      -7.020098591,      -6.962856781,      -6.957305744,      -4.435551987
          0,           0,         985,      -9.928819197,      -7.036282053,      -6.974558215,      -6.967298386,      -4.449991861
          0,           0,         986,      -9.942763579,      -7.054278618,      -6.986561307,      -6.977764459,      -4.464303037
          0,           0,         987,      -9.956137067,       -7.07384489,      -6.998664793,       -6.98858364,      -4.478070857
          0,           0,         988,      -9.968547541,       -7.09461643,      -7.010653709,      -6.999621836,      -4.490879803
          0,           0,         989,      -9.979652441,       -7.11607437,      -7.022300177,      -7.010725074,      -4.502357951
          0,           0,         990,      -9.989198175,      -7.137525754,      -7.033365164,      -7.021713671,      -4.512221667
          0,           0,         991,      -9.997034057,      -7.158115375,       -7.04360659,      -7.032381505,      -4.520295446
          0,           0,         992,      -10.00311568,      -7.176883138,      -7.052796923,         -7.042505,      -4.526518306
          0,           0,         993,      -10.00749489,      -7.192869972,      -7.060748673,      -7.051862074,      -4.530937769
          0,           0,         994,       -10.0103026,      -7.205260139,      -7.067341533,      -7.060257943,      -4.533689402
          0,           0,         995,      -10.01173569,      -7.213529303,      -7.072543022,      -7.067551235,      -4.534983106
          0,           0,         996,      -10.01204934,       -7.21755012,      -7.076417451,      -7.073673268,      -4.535090709
          0,           0,         997,       -10.0115481,       -7.21761271,      -7.079119626,      -7.078638839,      -4.534335565
          0,           0,         998,       -10.0105713,      -7.214351877,      -7.080876532,      -7.082543617,      -4.533075058
          0,           0,         999,      -10.00946158,      -7.208610225,      -7.081960003,       -7.08554956,      -4.531668503
          0,           0,        1000,      -10.00854322,      -7.201290072,      -7.082659234,      -7.087864341,      -4.530454497
          0,           0,        1001,      -10.00810876,      -7.193243926,      -7.083260379,      -7.089720366,      -4.529737049
          0,           0,        1002,      -10.00841342,       -7.18521756,      -7.084031757,      -7.091357916,        -4.5297797
          0,           0,        1003,      -10.00967658,      -7.177825927,      -7.085212514,      -7.093010022,      -4.530807961
          0,           0,        1004,      -10.01206801,      -7.171551392,       -7.08700485,      -7.094889255,      -4.532996094
          0,           0,        1005,      -10.01571634,      -7.166756979,        -7.0895719,      -7.097180865,      -4.536475887
          0,           0,        1006,      -10.02070398,       -7.16370539,      -7.093037351,      -7.100039034,      -4.541333255
          0,           0,        1007,      -10.02707795,      -7.162580013,      -7.097488304,      -7.103585418,      -4.547617308
          0,           0,        1008,      -10.03484935,      -7.163503246,      -7.102976791,      -7.107909667,      -4.555342508
          0,           0,        1009,      -10.04399475,      -7.166551759,      -7.109521503,      -7.113069512,      -4.564488049
          0,           0,        1010,      -10.05445278,      -7.171767838,      -7.117109005,      -7.119091998,      -4.574995513
          0,           0,        1011,      -10.06612854,      -7.179167366,      -7.125694844,      -7.125975267,      -4.586773202
          0,           0,        1012,      -10.07887742,      -7.188745263,      -7.135203539,      -7.133688867,      -4.599678746
          0,           0,        1013,      -10.09251376,      -7.200475618,      -7.145529869,      -7.142178038,      -4.613527964
          0,           0,        1014,      -10.10679178,      -7.214308534,      -7.156540578,      -7.151365796,      -4.628074361
          0,           0,        1015,      -10.12140803,      -7.230159847,      -7.168076717,      -7.161158587,      -4.643010847
          0,           0,        1016,       -10.1359977,      -7.247891817,      -7.179958159,      -7.171450262,      -4.657964324
          0,           0,        1017,      -10.15015156,      -7.267286189,      -7.191986783,      -7.182123782,      -4.672510526
          0,           0,        1018,      -10.16344412,      -7.288009729,      -7.203949792,      -7.193048358,       -4.68620021
          0,           0,        1019,      -10.17549548,      -7.309577377,      -7.215621601,       -7.20407519,      -4.698623171
          0,           0,        1020,      -10.18600125,       -7.33132549,      -7.226765542,      -7.215031741,      -4.709442611
          0,           0,        1021,       -10.1947602,       -7.35241302,      -7.237139197,      -7.225718543,       -4.71842846
          0,           0,        1022,      -10.20168062,       -7.37186817,      -7.246509605,      -7.235915052,      -4.725470594
          0,           0,        1023,      -10.20678102,      -7.388687684,      -7.254677365,      -7.245396105,      -4.730580046
          0,           0,        1024,      -10.21017018,      -7.401979704,      -7.261503496,      -7.253956839,      -4.733870919
          0,           0,        1025,      -10.21203461,      -7.411122116,      -7.266933172,      -7.261439809,      -4.735543453
          0,           0,        1026,      -10.21261894,       -7.41588805,      -7.271007285,      -7.267756349,      -4.735863023
          0,           0,        1027,      -10.21222769,      -7.416488754,      -7.273860734,      -7.272900912,      -4.735155067
          0,           0,        1028,      -10.21120342,      -7.413516069,      -7.275706285,      -7.276950519,      -4.733783947
          0,           0,        1029,      -10.20990234,      -7.407809705,      -7.276809051,      -7.280053914,      -4.732124444
          0,           0,        1030,      -10.20866604,      -7.400298431,      -7.277457448,      -7.282411114,      -4.730534602
          0,           0,        1031,      -10.20781273,      -7.391874842,       -7.27794134,      -7.284252535,      -4.729344326
          0,           0,        1032,      -10.20761191,      -7.383326145,       -7.27853517,        -7.2858185,       -4.72883157
          0,           0,        1033,      -10.20830115,      -7.375305516,      -7.279486992,      -7.287346994,      -4.729240135
          0,           0,        1034,      -10.21006825,      -7.368327273,       -7.28100922,      -7.289057156,      -4.730761641
          0,           0,        1035,      -10.21305112,      -7.362779218,      -7.283274576,      -7.291142108,      -4.733536735
          0,           0,        1036,      -10.21735016,      -7.358942325,       -7.28641745,      -7.293764841,      -4.737667758
          0,           0,        1037,      -10.22301846,      -7.357012543,      -7.290533938,      -7.297055567,      -4.743210309
          0,           0,        1038,      -10.23007612,      -7.357120193,      -7.295685366,      -7.301112462,       -4.75018671
          0,           0,        1039,      -10.23850429,      -7.359347308,      -7.301899408,      -7.306001656,      -4.758580075
          0,           0,        1040,      -10.24825008,      -7.363738782,      -7.309171766,      -7.311758832,      -4.768340566
          0,           0,        1041,       -10.2592246,       -7.37031223,      -7.317467171,      -7.318390154,      -4.779382551
          0,           0,        1042,      -10.27129301,      -7.379063561,      -7.326719833,      -7.325873172,      -4.791573523
          0,           0,        1043,      -10.28427554,      -7.389968893,        -7.3368337,      -7.334160006,      -4.804736127
          0,           0,        1044,      -10.29793579,      -7.402982472,      -7.347683785,      -7.343179213,      -4.818633858
          0,           0,        1045,      -10.31198856,      -7.418029236,      -7.359119813,      -7.352841182,      -4.832979691
          0,           0,        1046,      -10.32609118,      -7.434989576,      -7.370967698,      -7.363042107,       -4.84742483
          0,           0,        1047,      -10.33985747,      -7.453674665,      -7.383035402,      -7.373667774,      -4.861571391
          0,           0,        1048,      -10.35288792,      -7.473795317,      -7.395115881,      -7.384592962,      -4.875000804
          0,           0,        1049,      -10.36480326,      -7.494926774,      -7.406988538,      -7.395675809,      -4.887306761
          0,           0,        1050,      -10.37529639,      -7.516478925,      -7.418420361,      -7.406752346,      -4.898152746
          0,           0,        1051,      -10.38415165,      -7.537687526,      -7.429169338,      -7.417631395,      -4.907294024
          0,           0,        1052,      -10.39126658,      -7.557643971,      -7.438997199,      -7.428098034,       -4.91460625
          0,           0,        1053,      -10.39663565,      -7.575372628,      -7.447689518,      -7.437926328,      -4.920072683
          0,           0,        1054,      -10.40034631,      -7.589955088,      -7.455083723,      -7.446902355,      -4.923780199
          0,           0,        1055,      -10.40255648,      -7.600679414,      -7.461093539,      -7.454850528,      -4.925895876
          0,           0,        1056,      -10.40349025,      -7.607176787,      -7.465727098,      -7.461657831,      -4.926658325
          0,           0,        1057,      -10.40342531,      -7.609496185,      -7.469087406,      -7.467289972,       -4.92636322
          0,           0,        1058,      -10.40268154,      -7.608084413,       -7.47136248,      -7.471795685,      -4.925348947
          0,           0,        1059,      -10.40160629,       -7.60368129,      -7.472801736,      -7.475301145,      -4.923980867
          0,           0,        1060,      -10.40053365,      -7.597171192,      -7.473686583,      -7.477989538,      -4.922608937
          0,           0,        1061,      -10.39977573,       -7.58944608,      -7.474307208,      -7.480081279,      -4.921558057
          0,           0,        1062,      -10.39961629,      -7.581318915,      -7.474944324,      -7.481814366,      -4.921122109
          0,           0,        1063,      -10.40028858,      -7.573483082,      -7.475855123,      -7.483427308,      -4.921542413
          0,           0,        1064,      -10.40199244,      -7.566497824,      -7.477263718,      -7.485145809,      -4.923023161
          0,           0,        1065,      -10.40488414,      -7.560793396,      -7.479356568,      -7.487172248,      -4.925724627
          0,           0,        1066,       -10.4090707,       -7.55668922,       -7.48228042,      -7.489678954,      -4.929757781
          0,           0,        1067,      -10.41462283,      -7.554412614,      -7.486143283,      -7.492807105,      -4.935195197
          0,           0,        1068,      -10.42157082,      -7.554119538,      -7.491017665,      -7.496664806,      -4.942070642
          0,           0,        1069,      -10.42991024,      -7.555912042,      -7.496941488,      -7.501328206,      -4.950381732
          0,           0,        1070,      -10.43960111,      -7.559851005,        -7.5039199,      -7.506842216,      -4.960092324
          0,           0,        1071,      -10.45057037,      -7.565966939,      -7.511926755,      -7.513221789,      -4.971131909
          0,           0,        1072,      -10.46270256,       -7.57426697,       -7.52090469,      -7.520453244,      -4.983388358
          0,           0,        1073,       -10.4758371,      -7.584736844,      -7.530765898,      -7.528495337,      -4.996701879
          0,           0,        1074,       -10.4897633,      -7.597341936,      -7.541393023,      -7.537283787,      -5.010863907
          0,           0,        1075,       -10.5042119,      -7.612019749,      -7.552642012,      -7.546734294,      -5.025603088
          0,           0,        1076,      -10.51885644,      -7.628666711,       -7.56434468,      -7.556747653,      -5.040586985
          0,           0,        1077,      -10.53330881,      -7.647116085,      -7.576313078,      -7.567213178,      -5.055417557
          0,           0,        1078,       -10.5471481,      -7.667106381,      -7.588342873,      -7.578008472,      -5.069654505
          0,           0,        1079,      -10.55996201,      -7.688246022,      -7.600215844,      -7.588996401,      -5.082859895
          0,           0,        1080,      -10.57139735,      -7.709978358,      -7.611701452,      -7.600018839,      -5.094647811
          0,           0,        1081,      -10.58119226,       -7.73156445,      -7.622559593,      -7.610892371,      -5.104724785
          0,           0,        1082,      -10.58919078,      -7.752100937,      -7.632549338,      -7.621407164,      -5.112910693
          0,           0,        1083,      -10.59534457,      -7.770588259,      -7.641448444,      -7.631338135,      -5.119142094
          0,           0,        1084,      -10.59971909,      -7.786050058,      -7.649078647,      -7.640465758,      -5.123482077
          0,           0,        1085,      -10.60245067,      -7.797687703,      -7.655333775,       -7.64860073,      -5.126076894
          0,           0,        1086,      -10.60375251,      -7.805030768,      -7.660197302,      -7.655612125,      -5.127156966
          0,           0,        1087,      -10.60389919,      -7.808033358,      -7.663750313,      -7.661444895,      -5.127016816
          0,           0,        1088,      -10.60320359,      -7.807075917,      -7.666161954,      -7.666127222,      -5.125991508
          0,           0,        1089,      -10.60202244,      -7.802870413,      -7.667670363,      -7.669768082,      -5.124458767
          0,           0,        1090,      -10.60071419,      -7.796312384,      -7.668553723,       -7.67254075,      -5.122793685
          0,           0,        1091,      -10.59960507,      -7.788327146,      -7.669102695,      -7.674659581,      -5.121338444
          0,           0,        1092,      -10.59899604,      -7.779769212,      -7.669602854,      -7.676360865,      -5.120403216
          0,           0,        1093,      -10.59913912,      -7.771372499,      -7.670318464,      -7.677886083,      -5.120247918
          0,           0,        1094,      -10.60026068,      -7.763731853,       -7.67148496,      -7.679466695,       -5.12110365
          0,           0,        1095,       -10.6025216,      -7.757308086,      -7.673297206,      -7.681312103,      -5.123135009
          0,           0,        1096,      -10.60604767,      -7.752441799,      -7.675912864,      -7.683603218,      -5.126469754
          0,           0,        1097,      -10.61091176,      -7.749376552,      -7.679449313,       -7.68648941,      -5.131183417
          0,           0,        1098,      -10.61716107,      -7.748279172,      -7.683989141,      -7.690087673,      -5.137325281
          0,           0,        1099,      -10.62479356,      -7.749257967,      -7.689578677,      -7.694483129,      -5.144895913
          0,           0,        1100,      -10.63378606,      -7.752378555,      -7.696233179,      -7.699729555,      -5.153874345
          0,           0,        1101,      -10.64405756,      -7.757674449,      -7.703934755,      -7.705848691,      -5.164182429
          0,           0,        1102,      -10.65551206,      -7.765153345,      -7.712635774,      -7.712836372,      -5.175727374
          0,           0,        1103,      -10.66798847,      -7.774802747,      -7.722257434,      -7.720658373,      -5.188350081
          0,           0,        1104,      -10.68129165,      -7.786590388,      -7.732692102,      -7.729257358,      -5.201857023
          0,           0,        1105,      -10.69516439,      -7.800460405,      -7.743803451,      -7.738553502,      -5.215990286
          0,           0,        1106,      -10.70929357,      -7.816320886,       -7.75543125,      -7.748450636,      -5.230434167
          0,           0,        1107,      -10.72332002,      -7.834027147,       -7.76739331,       -7.75884073,      -5.244820957
          0,           0,        1108,      -10.73684894,      -7.853353544,      -7.779491376,      -7.769605424,      -5.258739649
          0,           0,        1109,      -10.74947739,      -7.873958428,      -7.791512218,      -7.780613492,      -5.271767222
          0,           0,        1110,      -10.76085029,      -7.895351346,      -7.803229935,      -7.791714068,      -5.283518654
          0,           0,        1111,      -10.77069552,      -7.916868492,      -7.814407405,      -7.802732301,      -5.293691772
          0,           0,        1112,      -10.77884897,      -7.937679707,      -7.824801997,      -7.813466089,      -5.302094808
          0,           0,        1113,      -10.78524702,      -7.956835129,      -7.834181931,      -7.823694284,       -5.30864784
          0,           0,        1114,      -10.78992133,      -7.973364621,      -7.842350698,      -7.833193115,      -5.313375836
          0,           0,        1115,      -10.79299257,      -7.986416938,       -7.84917523,      -7.841760772,      -5.316402724
          0,           0,        1116,      -10.79464129,      -7.995407046,      -7.854606828,      -7.849244248,      -5.317921322
          0,           0,        1117,      -10.79512865,      -8.000135922,      -7.858693846,      -7.855562922,       -5.31820807
          0,           0,        1118,      -10.79474222,      -8.000826372,      -7.861576264,      -7.860716701,      -5.317571027
          0,           0,        1119,      -10.79381404,      -7.998062789,      -7.863470519,      -7.864787569,      -5.316360171
          0,           0,        1120,       -10.7926898,      -7.992664159,      -7.864642685,      -7.867927524,      -5.314936741
          0,           0,        1121,      -10.79170854,       -7.98553353,      -7.865381271,      -7.870339629,      -5.313654989
          0,           0,        1122,      -10.79116074,      -7.977538178,      -7.865974187,      -7.872252071,      -5.312819534
          0,           0,        1123,      -10.79131623,      -7.969444086,      -7.866693954,      -7.873905566,      -5.312706739
          0,           0,        1124,      -10.79238952,      -7.961890744,      -7.867783972,      -7.875534905,      -5.313538065
          0,           0,        1125,       -10.7945652,      -7.955381591,      -7.869454708,      -7.877356653,       -5.31550328
          0,           0,        1126,      -10.79797688,      -7.950299189,      -7.871874994,      -7.879561711,      -5.318739453
          0,           0,        1127,      -10.80271599,      -7.946921107,      -7.875174754,      -7.882309678,      -5.323340066
          0,           0,        1128,      -10.80883432,      -7.945443475,       -7.87944846,       -7.88572701,       -5.32936074
          0,           0,        1129,      -10.81635322,      -7.945997981,      -7.884753828,      -7.889910208,      -5.336823589
          0,           0,        1130,      -10.82524417,      -7.948666418,      -7.891114153,      -7.894921061,      -5.345706064
          0,           0,        1131,       -10.8354697,      -7.953498008,      -7.898523174,      -7.900792883,      -5.355971411
          0,           0,        1132,      -10.84692126,      -7.960511916,      -7.906939853,      -7.907527732,       -5.36751503
          0,           0,        1133,       -10.8594801,      -7.969706345,       -7.91629522,      -7.915101117,      -5.380220103
          0,           0,        1134,      -10.87296088,      -7.981058807,      -7.926489315,      -7.923461143,      -5.393902631
          0,           0,        1135,      -10.88713009,      -7.994524245,      -7.937393204,      -7.932535412,      -5.408330479
          0,           0,        1136,        -10.901692,      -8.010025531,      -7.948852131,      -7.942232333,      -5.423203845
          0,           0,        1137,      -10.91629309,      -8.027435726,      -7.960689669,      -7.952447307,       -5.43816155
          0,           0,        1138,      -10.93052557,      -8.046553037,      -7.972710349,      -7.963065815,       -5.45278466
          0,           0,        1139,      -10.94397461,      -8.067066758,      -7.984703717,      -7.973959455,      -5.466630431
          0,           0,        1140,      -10.95624546,      -8.088521587,      -7.996446916,      -7.984983261,      -5.479281445
          0,           0,        1141,      -10.96701781,      -8.110286521,      -8.007704779,      -7.995969322,       -5.49038131
          0,           0,        1142,      -10.97607025,      -8.131550486,      -8.018234882,      -8.006722674,      -5.499680575
          0,           0,        1143,      -10.98329631,      -8.151359571,      -8.027800582,      -8.017025266,       -5.50705109
          0,           0,        1144,      -10.98869156,      -8.168707007,      -8.036195566,      -8.026651402,      -5.512478505
          0,           0,        1145,      -10.99235517,      -8.182671769,      -8.043267891,      -8.035390063,      -5.516066451
          0,           0,        1146,      -10.99446621,      -8.192575643,      -8.048947681,      -8.043074514,       -5.51800466
          0,           0,        1147,      -10.99525611,      -8.198115209,      -8.053257015,      -8.049603093,      -5.518543623
          0,           0,        1148,      -10.99501185,      -8.199425764,      -8.056315747,      -8.054953946,      -5.517995027
          0,           0,        1149,      -10.99406827,      -8.197039117,       -8.05832416,      -8.059190558,      -5.516713217
          0,           0,        1150,      -10.99279529,      -8.191762333,      -8.059542064,       -8.06245113,      -5.515086052
          0,           0,        1151,      -10.99153485,      -8.184518406,      -8.060254181,      -8.064928111,      -5.513471073
          0,           0,        1152,      -10.99061353,      -8.176212241,      -8.060752109,      -8.066848528,      -5.512212347
          0,           0,        1153,      -10.99029572,      -8.167651997,      -8.061312714,       -8.06844965,      -5.511580455
          0,           0,        1154,      -10.99082675,      -8.159514443,      -8.062190266,      -8.069972054,      -5.511827468
          0,           0,        1155,      -10.99241047,      -8.152337308,      -8.063604342,      -8.071640001,      -5.513159705
          0,           0,        1156,      -10.99519088,      -8.146530316,      -8.065732762,      -8.073651231,      -5.515727228
          0,           0,        1157,      -10.99926735,      -8.142391559,      -8.068717462,      -8.076172526,      -5.519629929
          0,           0,        1158,      -11.00470441,      -8.140129813,       -8.07266164,      -8.079341837,      -5.524935976
          0,           0,        1159,      -11.01153485,      -8.139884732,       -8.07763233,      -8.083261872,      -5.531677297
          0,           0,        1160,      -11.01975656,      -8.141748061,      -8.083663309,      -8.088005552,      -5.539856706
          0,           0,        1161,      -11.02929739,      -8.145770724,      -8.090755137,      -8.093611522,      -5.549405419
          0,           0,        1162,      -11.04008187,      -8.151974617,       -8.09887673,      -8.100092324,      -5.560248741
          0,           0,        1163,      -11.05198144,      -8.160357395,      -8.107969439,      -8.107430015,      -5.572262709
          0,           0,        1164,      -11.06483097,      -8.170900578,      -8.117941998,      -8.115580568,       -5.58528132
          0,           0,        1165,      -11.07841276,      -8.183562296,      -8.128673193,      -8.124477924,      -5.599090357
          0,           0,        1166,      -11.09245346,      -8.198273037,      -8.140018937,      -8.134035285,      -5.613415647
          0,           0,        1167,      -11.10659796,      -8.214923725,      -8.151806538,      -8.144148601,      -5.627892798
          0,           0,        1168,      -11.12048002,      -8.233338406,      -8.163848859,      -8.154707898,      -5.642151434
          0,           0,        1169,      -11.13369659,      -8.253248142,      -8.175940318,      -8.165589044,       -5.65576503
          0,           0,        1170,      -11.14584664,      -8.274252776,      -8.187861525,      -8.176653346,       -5.66830925
          0,           0,        1171,      -11.15662453,      -8.295792566,      -8.199383089,      -8.187740278,      -5.679446721
          0,           0,        1172,      -11.16579566,       -8.31713054,      -8.210262684,      -8.198665503,      -5.688914454
          0,           0,        1173,      -11.17323228,      -8.337378433,      -8.220261911,      -8.209215391,      -5.696563346
          0,           0,        1174,      -11.17891067,       -8.35556319,      -8.229157558,      -8.219166279,      -5.702351678
          0,           0,        1175,      -11.18291097,      -8.370745616,      -8.236779545,      -8.228297946,      -5.706361269
          0,           0,        1176,       -11.1853636,      -8.382162678,      -8.243022886,      -8.236429592,      -5.708733429
          0,           0,        1177,      -11.18651765,      -8.389383057,      -8.247884583,      -8.243433993,      -5.709722509
          0,           0,        1178,      -11.18659614,      -8.392383219,      -8.251448147,      -8.249261521,      -5.709576874
          0,           0,        1179,      -11.18593296,        -8.3915458,      -8.253886415,      -8.253950221,      -5.708645813
          0,           0,        1180,       -11.1848711,      -8.387572884,      -8.255443922,      -8.257609962,      -5.707291308
          0,           0,        1181,      -11.18376713,       -8.38133784,        -8.2563991,      -8.260419701,      -5.705885904
          0,           0,        1182,      -11.18291837,      -8.373739354,      -8.257039762,      -8.262593006,      -5.704738856
          0,           0,        1183,      -11.18262767,      -8.365607961,      -8.257651069,       -8.26436668,      -5.704164941
          0,           0,        1184,      -11.18312955,      -8.357659611,      -8.258494055,      -8.265979303,      -5.704408876
          0,           0,        1185,       -11.1846177,      -8.350476287,      -8.259797841,      -8.267660781,      -5.705667273
          0,           0,        1186,      -11.18730374,       -8.34451016,      -8.261759991,      -8.269619217,       -5.70815341
          0,           0,        1187,      -11.19124877,      -8.340099044,      -8.264528797,      -8.272029394,      -5.711938634
          0,           0,        1188,      -11.19655008,      -8.337482842,      -8.268221184,      -8.275039252,      -5.717117053
          0,           0,        1189,      -11.20323167,       -8.33682668,       -8.27291451,      -8.278762727,      -5.723717688
          0,           0,        1190,      -11.21132884,      -8.338244084,      -8.278655787,      -8.283281465,      -5.731778446
          0,           0,        1191,      -11.22076639,      -8.341798964,      -8.285451448,       -8.28864601,      -5.741227548
          0,           0,        1192,      -11.23150093,      -8.347528664,      -8.293282724,      -8.294875119,      -5.752020599
          0,           0,        1193,      -11.24345184,      -8.355443824,      -8.302099546,      -8.301962339,      -5.764085432
          0,           0,        1194,      -11.25640322,      -8.365530727,      -8.311815633,      -8.309868922,      -5.777205631
          0,           0,        1195,      -11.27018368,      -8.377760003,      -8.322320178,      -8.318534503,      -5.791213308
          0,           0,        1196,      -11.28454701,      -8.392075853,      -8.333474193,      -8.327878927,      -5.805854548
          0,           0,        1197,      -11.29916682,      -8.408379259,      -8.345114086,      -8.337805258,      -5.820806511
          0,           0,        1198,      -11.31364079,      -8.426521101,      -8.357052318,      -8.348201228,      -5.835655257
          0,           0,        1199,      -11.32759925,      -8.446256133,      -8.369089345,      -8.358952383,      -5.850010153
          0,           0,        1200,      -11.34058732,      -8.467220067,       -8.38100874,      -8.369919138,      -5.863392375
          0,           0,        1201,      -11.35225965,      -8.488887722,      -8.392583595,      -8.380950063,      -5.875427471
          0,           0,        1202,      -11.36233426,      -8.510549647,      -8.403571958,       -8.39186698,      -5.885796624
          0,           0,        1203,      -11.37063384,      -8.531331497,      -8.413734479,      -8.402465288,      -5.894303728
          0,           0,        1204,      -11.37710647,      -8.550243917,      -8.422844226,      -8.412517097,      -5.900875722
          0,           0,        1205,      -11.38174929,      -8.566296645,      -8.430708427,       -8.42180406,      -5.905509755
          0,           0,        1206,      -11.38475314,      -8.578652427,      -8.437213779,       -8.43012815,      -5.908397888
          0,           0,        1207,      -11.38629562,      -8.586772086,      -8.442323489,      -8.437347163,      -5.909731475
          0,           0,        1208,      -11.38660128,      -8.590532795,       -8.44609989,      -8.443389706,       -5.90976962
          0,           0,        1209,      -11.38603574,      -8.590240938,      -8.448700105,      -8.448269846,      -5.908882263
          0,           0,        1210,      -11.38493565,      -8.586561226,      -8.450352871,      -8.452087759,      -5.907435209
          0,           0,        1211,      -11.38362161,      -8.580370922,      -8.451328781,      -8.455000212,      -5.905767388
          0,           0,        1212,      -11.38245967,      -8.572590966,      -8.451919361,      -8.457220723,      -5.904258181
          0,           0,        1213,      -11.38174897,      -8.564098677,      -8.452410988,       -8.45898149,       -5.90321834
          0,           0,        1214,      -11.38178031,       -8.55564445,      -8.453078682,      -8.460526489,      -5.902949215
          0,           0,        1215,      -11.38272166,      -8.547854271,      -8.454153745,      -8.462085722,      -5.903620659
          0,           0,        1216,      -11.38479892,      -8.541205284,      -8.455846206,      -8.463875371,      -5.905464666
          0,           0,        1217,      -11.38811266,      -8.536062915,      -8.458315714,      -8.466079104,      -5.908579427
          0,           0,        1218,      -11.39275286,      -8.532683602,      -8.461687184,      -8.468854407,      -5.913066057
          0,           0,        1219,      -11.39875141,      -8.531246079,      -8.466048265,      -8.472323108,      -5.918951339
          0,           0,        1220,      -11.40617693,       -8.53186874,      -8.471456781,       -8.47657801,      -5.926305758
          0,           0,        1221,      -11.41493303,      -8.534620983,      -8.477924889,      -8.481673825,       -5.93504315
          0,           0,        1222,       -11.4249965,      -8.539545076,      -8.485449246,      -8.487642015,      -5.945132921
          0,           0,        1223,      -11.43627134,      -8.546654002,      -8.493982278,      -8.494480562,       -5.95649107
          0,           0,        1224,      -11.44860293,      -8.555936826,      -8.503451361,      -8.502160802,      -5.968955515
          0,           0,        1225,       -11.4618252,      -8.567365127,      -8.513754932,      -8.510632334,      -5.982374288
          0,           0,        1226,      -11.47564012,      -8.580889704,       -8.52475763,      -8.519812243,      -5.996437491
          0,           0,        1227,      -11.48976847,      -8.596420844,      -8.536307967,      -8.529611748,      -6.010874076
          0,           0,        1228,      -11.50385223,      -8.613830815,      -8.548223989,      -8.539922034,      -6.025310833
          0,           0,        1229,      -11.51751918,      -8.632908443,      -8.560310959,      -8.550629191,      -6.039367222
          0,           0,        1230,      -11.53034238,      -8.653333484,      -8.572356135,      -8.561601589,      -6.052588694
          0,           0,        1231,       -11.5419885,      -8.674641987,      -8.584139019,      -8.572695568,      -6.064614431
          0,           0,        1232,      -11.55214592,      -8.696199641,      -8.595423206,      -8.583739954,      -6.075108173
          0,           0,        1233,      -11.56060209,      -8.717203958,      -8.605964817,      -8.594534943,      -6.083829886
          0,           0,        1234,      -11.56731896,      -8.736720746,      -8.615530747,      -8.604864166,      -6.090718361
          0,           0,        1235,      -11.57229504,      -8.753770008,      -8.623914186,      -8.614497662,      -6.095762087
          0,           0,        1236,      -11.57563132,      -8.767468107,      -8.630971918,      -8.623231433,      -6.099063693
          0,           0,        1237,      -11.57752867,      -8.777175387,      -8.636636189,      -8.630907529,      -6.100840488
          0,           0,        1238,      -11.57817955,      -8.782618536,      -8.640939519,      -8.637422716,      -6.101298204
          0,           0,        1239,      -11.57790281,      -8.783954146,      -8.644010218,      -8.642768164,      -6.100777246
          0,           0,        1240,      -11.57704669,      -8.781711323,      -8.646050412,      -8.647011384,      -6.099637923
          0,           0,        1241,      -11.57591221,      -8.776684685,      -8.647320179,      -8.650292234,      -6.098202954
          0,           0,        1242,      -11.57489972,      -8.769768279,      -8.648111585,      -8.652813571,      -6.096887396
          0,           0,        1243,      -11.57429137,      -8.761843958,      -8.648708401,      -8.654792277,      -6.095985933
          0,           0,        1244,      -11.57429459,      -8.753702265,       -8.64938359,      -8.656467992,      -6.095714745
          0,           0,        1245,      -11.57516537,      -8.745998482,      -8.650387223,      -8.658078087,       -6.09633949
          0,           0,        1246,      -11.57710238,      -8.739263594,      -8.651938085,      -8.659847765,      -6.098063457
          0,           0,        1247,      -11.58028359,      -8.733898341,      -8.654216402,      -8.661969535,      -6.101058572
          0,           0,        1248,      -11.58477131,      -8.730198234,      -8.657352535,      -8.664611884,      -6.105403199
          0,           0,        1249,       -11.5906425,      -8.728371613,      -8.661450954,      -8.667903133,      -6.111158049
          0,           0,        1250,      -11.59787973,      -8.728558518,        -8.6665715,      -8.671944864,      -6.118335107
          0,           0,        1251,       -11.6065346,      -8.730847384,       -8.67274887,      -8.676807563,       -6.12697238
          0,           0,        1252,      -11.61651103,      -8.735295961,      -8.679975174,      -8.682528833,      -6.136978413
          0,           0,        1253,      -11.62775635,      -8.741924234,       -8.68822325,      -8.689116784,      -6.148305254
          0,           0,        1254,      -11.64013057,      -8.750736716,       -8.69742323,      -8.696547579,      -6.160817195
          0,           0,        1255,      -11.65343583,      -8.761709806,      -8.707479386,      -8.704775524,      -6.174316381
          0,           0,        1256,      -11.66750739,      -8.774806259,      -8.718271769,      -8.713733158,      -6.188632298
          0,           0,        1257,      -11.68200344,      -8.789953459,       -8.72964985,      -8.723331502,      -6.203429461
          0,           0,        1258,      -11.69660161,      -8.807036164,      -8.741436858,      -8.733465865,      -6.218378015
          0,           0,        1259,      -11.71089931,      -8.825865818,      -8.753442015,       -8.74402467,      -6.233059714
          0,           0,        1260,      -11.72451534,      -8.846154746,      -8.765458542,      -8.754884922,      -6.247076453
          0,           0,        1261,      -11.73698417,      -8.867475756,       -8.77726551,      -8.765901013,      -6.259935925
          0,           0,        1262,      -11.74798385,      -8.889233059,      -8.788631871,      -8.776907797,      -6.271273037
          0,           0,        1263,      -11.75731343,      -8.910638894,      -8.799305805,      -8.787721225,      -6.280868161
          0,           0,        1264,      -11.76485513,      -8.930770913,      -8.809061981,      -8.798121679,      -6.288576269
          0,           0,        1265,      -11.77056532,      -8.948616346,      -8.817680717,      -8.807887316,      -6.294336163
          0,           0,        1266,      -11.77451529,      -8.963227626,      -8.824998267,       -8.81680142,       -6.29823623
          0,           0,        1267,      -11.77687569,      -8.973879268,       -8.83092637,      -8.824684475,      -6.300441477
          0,           0,        1268,      -11.77788784,      -8.980195489,      -8.835475541,      -8.831423612,      -6.301218496
          0,           0,        1269,      -11.77779648,      -8.982234209,      -8.838746726,      -8.836980575,      -6.300830772
          0,           0,        1270,      -11.77702757,      -8.980466974,      -8.840934334,      -8.841416767,      -6.299728777
          0,           0,        1271,      -11.77576591,      -8.975647545,      -8.842270853,      -8.844838348,      -6.298121517
          0,           0,        1272,      -11.77442959,      -8.968699993,      -8.843052624,        -8.8474371,      -6.296433302
          0,           0,        1273,      -11.77345306,      -8.960536772,      -8.843574004,      -8.849442884,      -6.295119223
          0,           0,        1274,      -11.77304255,      -8.951988056,      -8.844110526,      -8.851083928,      -6.294391943
          0,           0,        1275,      -11.77344062,       -8.94374804,      -8.844922126,      -8.852614303,      -6.294501609
          0,           0,        1276,      -11.77479417,      -8.936391767,      -8.846228004,       -8.85424071,      -6.295597217
          0,           0,        1277,      -11.77732884,      -8.930330795,      -8.848219502,      -8.856182344,      -6.297918989
          0,           0,        1278,       -11.7812064,      -8.925894572,      -8.851051996,       -8.85860379,      -6.301609457
          0,           0,        1279,      -11.78646869,      -8.923306854,      -8.854828089,      -8.861659093,      -6.306724128
          0,           0,        1280,      -11.79305988,      -8.922712052,      -8.859617825,      -8.865444516,      -6.313229815
          0,           0,        1281,      -11.80101251,      -8.924216109,      -8.865468082,      -8.870039477,      -6.321135293
          0,           0,        1282,      -11.81036699,      -8.927865223,      -8.872377213,      -8.875494904,      -6.330490715
          0,           0,        1283,      -11.82094006,      -8.933697514,      -8.880323581,      -8.881827406,      -6.341116146
          0,           0,        1284,       -11.8326866,        -8.9417115,      -8.889254499,      -8.889019371,      -6.352959917
          0,           0,        1285,      -11.84540846,      -8.951893343,      -8.899078467,      -8.897032746,      -6.365845583
          0,           0,        1286,      -11.85893287,      -8.964199134,      -8.909693535,      -8.905806468,      -6.379587955
          0,           0,        1287,      -11.87288833,      -8.978577966,      -8.920937691,      -8.915250998,      -6.393823961
          0,           0,        1288,      -11.88702272,      -8.994911797,      -8.932657592,       -8.92527342,      -6.408279833
          0,           0,        1289,        -11.901037,      -9.013041498,      -8.944671499,      -8.935764546,      -6.422668816
          0,           0,        1290,      -11.91444278,      -9.032726504,      -8.956768165,      -8.946598046,      -6.436448912
          0,           0,        1291,      -11.92681435,      -9.053586294,      -8.968734266,      -8.957636169,      -6.449229557
          0,           0,        1292,      -11.93786506,      -9.075091103,      -8.980331522,      -8.968731247,      -6.460649087
          0,           0,        1293,      -11.94736777,      -9.096533016,      -8.991340453,      -8.979695273,      -6.470455248
          0,           0,        1294,      -11.95514347,      -9.117043974,      -9.001500498,      -8.990324742,      -6.478457258
          0,           0,        1295,      -11.96113177,      -9.135653245,      -9.010600938,      -9.000390275,       -6.48457284
          0,           0,        1296,      -11.96545312,      -9.151409461,      -9.018449579,      -9.009680693,       -6.48891214
          0,           0,        1297,      -11.96816334,      -9.163516918,      -9.024927898,      -9.017985936,      -6.491569825
          0,           0,        1298,      -11.96951695,      -9.171461347,      -9.030016853,      -9.025189092,      -6.492766328
          0,           0,        1299,       -11.9697244,      -9.175156101,      -9.033782586,      -9.031211171,      -6.492762166
          0,           0,        1300,      -11.96907039,      -9.174912161,      -9.036385184,      -9.036078404,      -6.491834317
          0,           0,        1301,      -11.96806074,      -9.171393609,      -9.038077971,       -9.03989828,      -6.490525214
          0,           0,        1302,      -11.96694053,      -9.165459012,      -9.039112098,      -9.042836741,      -6.489095039
          0,           0,        1303,      -11.96608391,        -9.1580275,      -9.039790517,      -9.045104685,      -6.487944589
          0,           0,        1304,      -11.96570748,      -9.149910407,      -9.040382206,      -9.046932591,      -6.487278249
          0,           0,        1305,      -11.96609383,      -9.141874525,       -9.04116413,      -9.048554144,      -6.487407664
          0,           0,        1306,      -11.96744451,       -9.13451312,      -9.042377119,        -9.0502087,      -6.488508335
          0,           0,        1307,      -11.96983683,      -9.128294517,      -9.044204641,      -9.052100782,      -6.490699936
          0,           0,        1308,      -11.97363917,      -9.123584002,       -9.04683455,      -9.054421845,       -6.49434776
          0,           0,        1309,      -11.97858283,       -9.12063282,      -9.050347601,      -9.057312078,      -6.499166181
          0,           0,        1310,      -11.98501717,      -9.119617117,      -9.054862592,      -9.060904505,      -6.505507207
          0,           0,        1311,      -11.99284102,      -9.120663549,      -9.060419103,      -9.065276317,      -6.513281638
          0,           0,        1312,      -12.00198167,      -9.123836777,      -9.067024094,      -9.070489535,      -6.522427928
